time,posX,posY,posZ,gazeX,gazeY,gazeZ
0,0,1.5,1.5,0,1.5,1.5
0.02,0,1.5,1.5,0,1.5,1.5
0.04,0.002632204,1.497282,1.5,0,1.5,1.5
0.06,0.002632204,1.497282,1.5,0,1.5,1.5
0.08,0.002632204,1.497282,1.5,0,1.5,1.5
0.09999999,0.002632204,1.497282,1.5,0,1.5,1.5
0.12,0.002632204,1.497282,1.5,0,1.5,1.5
0.14,0.002632204,1.497282,1.5,0,1.5,1.5
0.16,0.002632204,1.497282,1.5,0,1.5,1.5
0.18,0.002632204,1.497282,1.5,0,1.5,1.5
0.2,0.002632204,1.497282,1.5,0,1.5,1.5
0.22,0.002632204,1.497282,1.5,0,1.5,1.5
0.24,0.002632204,1.497282,1.5,0,1.5,1.5
0.26,0.002632204,1.497282,1.5,0,1.5,1.5
0.28,0.002632204,1.497282,1.5,0,1.5,1.5
0.3,0.002632204,1.497282,1.5,0,1.5,1.5
0.32,0.002632204,1.497282,1.5,0,1.5,1.5
0.34,0.002632204,1.497282,1.5,0,1.5,1.5
0.36,0.05385108,1.419475,1.5,0,1.5,1.5
0.38,0.05385108,1.419475,1.5,0,1.5,1.5
0.4,0.05385108,1.419475,1.5,0,1.5,1.5
0.42,0.05801972,1.402519,1.5,0,1.5,1.5
0.44,0.05801972,1.402519,1.5,0,1.5,1.5
0.46,0.06476378,1.384112,1.5,0,1.5,1.5
0.48,0.06687174,1.372725,1.5,0,1.5,1.5
0.5,0.06790176,1.369519,1.5,0,1.5,1.5
0.52,0.07216706,1.352758,1.5,0,1.5,1.5
0.54,0.07551873,1.33012,1.5,0,1.5,1.5
0.56,0.07570846,1.314698,1.5,0,1.5,1.5
0.58,0.0798435,1.295693,1.5,0,1.5,1.5
0.6,0.08262032,1.281324,1.5,0,1.5,1.5
0.62,0.08669749,1.269814,1.5,0,1.5,1.5
0.64,0.09651328,1.253035,1.5,0,1.5,1.5
0.66,0.1022989,1.239866,1.5,0,1.5,1.5
0.68,0.1094016,1.224991,1.5,0,1.5,1.5
0.7,0.1170511,1.208278,1.5,0,1.5,1.5
0.72,0.1245377,1.187221,1.5,0,1.5,1.5
0.74,0.1327815,1.167646,1.5,0,1.5,1.5
0.76,0.1393444,1.145162,1.5,0,1.5,1.5
0.78,0.1492562,1.120508,1.5,0,1.5,1.5
0.8,0.1592467,1.096151,1.5,0,1.5,1.5
0.82,0.1696896,1.067771,1.5,0,1.5,1.5
0.84,0.1807343,1.045757,1.5,0,1.5,1.5
0.86,0.1875534,1.02821,1.5,0,1.5,1.5
0.88,0.1956685,1.007917,1.5,0,1.5,1.5
0.9,0.2043986,0.9866835,1.5,0,1.5,1.5
0.92,0.2110934,0.964538,1.5,0,1.5,1.5
0.94,0.2169187,0.9412038,1.5,0,1.5,1.5
0.96,0.2254649,0.917641,1.5,0,1.5,1.5
0.98,0.237416,0.8949715,1.5,0,1.5,1.5
1,0.254757,0.8681784,1.5,0,1.5,1.5
1.02,0.2748679,0.8459532,1.5,0,1.5,1.5
1.04,0.2907959,0.831166,1.5,0,1.5,1.5
1.06,0.3040969,0.8207224,1.5,0,1.5,1.5
1.08,0.3215817,0.8118262,1.5,0,1.5,1.5
1.1,0.3388298,0.800103,1.5,0,1.5,1.5
1.12,0.3595765,0.7881817,1.5,0,1.5,1.5
1.14,0.3803638,0.7766842,1.5,0,1.5,1.5
1.16,0.3962629,0.7695562,1.5,0,1.5,1.5
1.18,0.4173844,0.7616394,1.5,0,1.5,1.5
1.2,0.4384227,0.7586539,1.5,0,1.5,1.5
1.22,0.4488221,0.7608045,1.5,0,1.5,1.5
1.24,0.4488221,0.7608045,1.5,0,1.5,1.5
1.26,0.5047534,0.7646287,1.5,0,1.5,1.5
1.28,0.5047534,0.7646287,1.5,0,1.5,1.5
1.3,0.5047534,0.7646287,1.5,0,1.5,1.5
1.32,0.5047534,0.7646287,1.5,0,1.5,1.5
1.34,0.5047534,0.7646287,1.5,0,1.5,1.5
1.36,0.5047534,0.7646287,1.5,0,1.5,1.5
1.38,0.5047534,0.7646287,1.5,0,1.5,1.5
1.4,0.5047534,0.7646287,1.5,0,1.5,1.5
1.42,0.5047534,0.7646287,1.5,0,1.5,1.5
1.44,0.6670972,0.7904785,1.5,0,1.5,1.5
1.46,0.6951686,0.7944076,1.5,0,1.5,1.5
1.48,0.7104151,0.7943701,1.5,0,1.5,1.5
1.5,0.7435237,0.7941999,1.5,0,1.5,1.5
1.52,0.7632273,0.7964001,1.5,0,1.5,1.5
1.54,0.7760536,0.7962664,1.5,0,1.5,1.5
1.56,0.8025991,0.7986985,1.5,0,1.5,1.5
1.58,0.8160772,0.802387,1.5,0,1.5,1.5
1.6,0.829555,0.8075776,1.5,0,1.5,1.5
1.62,0.8511912,0.818363,1.5,0,1.5,1.5
1.64,0.8644333,0.8273479,1.5,0,1.5,1.5
1.66,0.8763222,0.8369295,1.5,0,1.5,1.5
1.68,0.8842608,0.8470464,1.5,0,1.5,1.5
1.7,0.8962334,0.8628306,1.5,0,1.5,1.5
1.72,0.9051179,0.8730654,1.5,0,1.5,1.5
1.74,0.9146188,0.88188,1.5,0,1.5,1.5
1.76,0.9351133,0.9011799,1.5,0,1.5,1.5
1.78,0.9503167,0.9125003,1.5,0,1.5,1.5
1.8,0.969656,0.9253682,1.5,0,1.5,1.5
1.82,0.9797034,0.932361,1.5,0,1.5,1.5
1.84,1,0.945747,1.5,0,1.5,1.5
1.86,1,0.957738,1.5,0,1.5,1.5
1.88,1,0.977224,1.5,0,1.5,1.5
1.9,1,0.9914316,1.5,0,1.5,1.5
1.92,1,1.002613,1.5,0,1.5,1.5
1.94,1,1.018037,1.5,0,1.5,1.5
1.96,1,1.029394,1.5,0,1.5,1.5
1.98,1,1.046872,1.5,0,1.5,1.5
2,1,1.05876,1.5,0,1.5,1.5
2.02,1,1.070555,1.5,0,1.5,1.5
2.04,1,1.096698,1.5,0,1.5,1.5
2.06,1,1.111091,1.5,0,1.5,1.5
2.08,1,1.137792,1.5,0,1.5,1.5
2.1,1,1.153168,1.5,0,1.5,1.5
2.12,1,1.17532,1.5,0,1.5,1.5
2.14,1,1.195565,1.5,0,1.5,1.5
2.16,1,1.214605,1.5,0,1.5,1.5
2.18,1,1.244704,1.5,0,1.5,1.5
2.2,1,1.275845,1.5,0,1.5,1.5
2.22,1,1.299624,1.5,0,1.5,1.5
2.24,1,1.333316,1.5,0,1.5,1.5
2.26,1,1.359792,1.5,0,1.5,1.5
2.28,1,1.37794,1.5,0,1.5,1.5
2.3,1,1.398259,1.5,0,1.5,1.5
2.32,1,1.414178,1.5,0,1.5,1.5
2.34,1,1.429095,1.5,0,1.5,1.5
2.36,1,1.444384,1.5,0,1.5,1.5
2.38,1,1.452677,1.5,0,1.5,1.5
2.4,1,1.468148,1.5,0,1.5,1.5
2.42,1,1.481057,1.5,0,1.5,1.5
2.44,1,1.492088,1.5,0,1.5,1.5
2.46,1,1.504485,1.5,0,1.5,1.5
2.48,1,1.516374,1.5,0,1.5,1.5
2.5,1,1.533448,1.5,0,1.5,1.5
2.52,1,1.555369,1.5,0,1.5,1.5
2.54,1,1.573338,1.5,0,1.5,1.5
2.56,1,1.589401,1.5,0,1.5,1.5
2.58,1,1.603694,1.5,0,1.5,1.5
2.6,1,1.612955,1.5,0,1.5,1.5
2.62,1,1.613247,1.5,0,1.5,1.5
2.64,1,1.611392,1.5,0,1.5,1.5
2.66,1,1.610186,1.5,0,1.5,1.5
2.68,1,1.610099,1.5,0,1.5,1.5
2.7,1,1.605098,1.5,0,1.5,1.5
2.72,0.9951832,1.596912,1.5,0,1.5,1.5
2.74,0.9881533,1.592754,1.5,0,1.5,1.5
2.76,0.9833185,1.593512,1.5,0,1.5,1.5
2.78,0.9820141,1.595313,1.5,0,1.5,1.5
2.8,0.980577,1.597271,1.5,0,1.5,1.5
2.82,0.9746832,1.598038,1.5,0,1.5,1.5
2.84,0.9655036,1.607399,1.5,0,1.5,1.5
2.86,0.9535066,1.614817,1.5,0,1.5,1.5
2.88,0.9383458,1.621021,1.5,0,1.5,1.5
2.9,0.9244313,1.625923,1.5,0,1.5,1.5
2.92,0.9107674,1.632106,1.5,0,1.5,1.5
2.94,0.9006833,1.635446,1.5,0,1.5,1.5
2.96,0.8821642,1.640001,1.5,0,1.5,1.5
2.98,0.8690228,1.644275,1.5,0,1.5,1.5
3,0.8541359,1.649261,1.5,0,1.5,1.5
3.02,0.8401161,1.654761,1.5,0,1.5,1.5
3.04,0.8281806,1.657386,1.5,0,1.5,1.5
3.06,0.8216635,1.655133,1.5,0,1.5,1.5
3.08,0.8122648,1.645132,1.5,0,1.5,1.5
3.1,0.8009853,1.635379,1.5,0,1.5,1.5
3.12,0.7933066,1.62161,1.5,0,1.5,1.5
3.14,0.7862676,1.609872,1.5,0,1.5,1.5
3.16,0.7725469,1.598509,1.5,0,1.5,1.5
3.18,0.7597138,1.599942,1.5,0,1.5,1.5
3.2,0.7540452,1.60653,1.5,0,1.5,1.5
3.22,0.7526654,1.608422,1.5,0,1.5,1.5
3.24,0.7516988,1.608925,1.5,0,1.5,1.5
3.26,0.7506232,1.611651,1.5,0,1.5,1.5
3.28,0.7537249,1.617706,1.5,0,1.5,1.5
3.3,0.7595577,1.621407,1.5,0,1.5,1.5
3.32,0.7631405,1.625619,1.5,0,1.5,1.5
3.34,0.7627072,1.627433,1.5,0,1.5,1.5
3.36,0.7651371,1.628941,1.5,0,1.5,1.5
3.38,0.7769094,1.630502,1.5,0,1.5,1.5
3.4,0.790108,1.63232,1.5,0,1.5,1.5
3.42,0.8066871,1.633713,1.5,0,1.5,1.5
3.44,0.8204188,1.636911,1.5,0,1.5,1.5
3.46,0.8315907,1.640343,1.5,0,1.5,1.5
3.48,0.84207,1.644014,1.5,0,1.5,1.5
3.5,0.8622202,1.649826,1.5,0,1.5,1.5
3.52,0.8755977,1.655395,1.5,0,1.5,1.5
3.54,0.8939571,1.659888,1.5,0,1.5,1.5
3.56,0.9115235,1.666526,1.5,0,1.5,1.5
3.58,0.9222195,1.674846,1.5,0,1.5,1.5
3.6,0.9358032,1.686471,1.5,0,1.5,1.5
3.62,0.9466595,1.695286,1.5,0,1.5,1.5
3.64,0.9524779,1.711207,1.5,0,1.5,1.5
3.66,0.9568379,1.724055,1.5,0,1.5,1.5
3.68,0.9600122,1.741037,1.5,0,1.5,1.5
3.7,0.9586775,1.750171,1.5,0,1.5,1.5
3.72,0.9574385,1.758664,1.5,0,1.5,1.5
3.74,0.9560193,1.771128,1.5,0,1.5,1.5
3.76,0.9505847,1.784942,1.5,0,1.5,1.5
3.78,0.9465758,1.792521,1.5,0,1.5,1.5
3.8,0.9394607,1.804581,1.5,0,1.5,1.5
3.82,0.9346243,1.817942,1.5,0,1.5,1.5
3.84,0.9288218,1.829922,1.5,0,1.5,1.5
3.86,0.9227124,1.840141,1.5,0,1.5,1.5
3.88,0.9142401,1.85409,1.5,0,1.5,1.5
3.9,0.9024915,1.86378,1.5,0,1.5,1.5
3.92,0.8887701,1.864427,1.5,0,1.5,1.5
3.94,0.8810032,1.863559,1.5,0,1.5,1.5
3.96,0.8685874,1.859604,1.5,0,1.5,1.5
3.98,0.8564547,1.84943,1.5,0,1.5,1.5
4,0.8467415,1.836928,1.5,0,1.5,1.5
4.02,0.8407003,1.823547,1.5,0,1.5,1.5
4.04,0.8321557,1.805423,1.5,0,1.5,1.5
4.06,0.8209552,1.785602,1.5,0,1.5,1.5
4.08,0.8079923,1.764649,1.5,0,1.5,1.5
4.1,0.7973046,1.744344,1.5,0,1.5,1.5
4.12,0.7831687,1.719722,1.5,0,1.5,1.5
4.14,0.7743022,1.699302,1.5,0,1.5,1.5
4.16,0.7656453,1.678229,1.5,0,1.5,1.5
4.18,0.7591754,1.650173,1.5,0,1.5,1.5
4.2,0.7587847,1.624668,1.5,0,1.5,1.5
4.22,0.7581062,1.599848,1.5,0,1.5,1.5
4.24,0.7547867,1.574889,1.5,0,1.5,1.5
4.26,0.7565386,1.551482,1.5,0,1.5,1.5
4.28,0.7621272,1.532346,1.5,0,1.5,1.5
4.3,0.7682204,1.509104,1.5,0,1.5,1.5
4.32,0.7701532,1.483716,1.5,0,1.5,1.5
4.34,0.7729217,1.457226,1.5,0,1.5,1.5
4.36,0.7773912,1.43004,1.5,0,1.5,1.5
4.38,0.7800685,1.402227,1.5,0,1.5,1.5
4.4,0.7795518,1.377743,1.5,0,1.5,1.5
4.42,0.7793161,1.358956,1.5,0,1.5,1.5
4.44,0.7806685,1.338258,1.5,0,1.5,1.5
4.46,0.785057,1.323705,1.5,0,1.5,1.5
4.48,0.7900511,1.316021,1.5,0,1.5,1.5
4.5,0.7894295,1.311347,1.5,0,1.5,1.5
4.52,0.7894408,1.307922,1.5,0,1.5,1.5
4.54,0.7882583,1.303419,1.5,0,1.5,1.5
4.56,0.7862945,1.300612,1.5,0,1.5,1.5
4.58,0.7862615,1.298227,1.5,0,1.5,1.5
4.6,0.7905912,1.290315,1.5,0,1.5,1.5
4.62,0.7994462,1.283389,1.5,0,1.5,1.5
4.64,0.8094908,1.276973,1.5,0,1.5,1.5
4.66,0.8242531,1.272102,1.5,0,1.5,1.5
4.68,0.8400451,1.26903,1.5,0,1.5,1.5
4.7,0.8489382,1.266101,1.5,0,1.5,1.5
4.72,0.8616427,1.259597,1.5,0,1.5,1.5
4.74,0.875564,1.253897,1.5,0,1.5,1.5
4.76,0.8930122,1.246854,1.5,0,1.5,1.5
4.78,0.9137221,1.234722,1.5,0,1.5,1.5
4.8,0.9476305,1.218552,1.5,0,1.5,1.5
4.82,0.9812065,1.200905,1.5,0,1.5,1.5
4.84,1,1.191537,1.5,0,1.5,1.5
4.86,1,1.177047,1.5,0,1.5,1.5
4.88,1,1.165831,1.5,0,1.5,1.5
4.9,1,1.148006,1.5,0,1.5,1.5
4.92,1,1.128718,1.5,0,1.5,1.5
4.94,1,1.11781,1.5,0,1.5,1.5
4.96,1,1.1029,1.5,0,1.5,1.5
4.98,1,1.079312,1.5,0,1.5,1.5
5,1,1.051383,1.5,0,1.5,1.5
5.02,1,1.025162,1.5,0,1.5,1.5
5.04,1,1.002201,1.5,0,1.5,1.5
5.06,1,0.9776384,1.5,0,1.5,1.5
5.08,1,0.9581344,1.5,0,1.5,1.5
5.1,1,0.9439443,1.5,0,1.5,1.5
5.12,1,0.9333327,1.5,0,1.5,1.5
5.14,1,0.9275099,1.5,0,1.5,1.5
5.16,1,0.9136879,1.5,0,1.5,1.5
5.18,1,0.9010961,1.5,0,1.5,1.5
5.2,1,0.8896096,1.5,0,1.5,1.5
5.22,1,0.8768277,1.5,0,1.5,1.5
5.24,1,0.8625147,1.5,0,1.5,1.5
5.26,1,0.8522711,1.5,0,1.5,1.5
5.28,1,0.8416703,1.5,0,1.5,1.5
5.3,1,0.8320341,1.5,0,1.5,1.5
5.32,1,0.8223484,1.5,0,1.5,1.5
5.34,1,0.8158839,1.5,0,1.5,1.5
5.36,1,0.8070568,1.5,0,1.5,1.5
5.38,1,0.7992118,1.5,0,1.5,1.5
5.4,1,0.7949104,1.5,0,1.5,1.5
5.42,1,0.7929074,1.5,0,1.5,1.5
5.44,1,0.7895607,1.5,0,1.5,1.5
5.46,1,0.7865677,1.5,0,1.5,1.5
5.48,1,0.7861932,1.5,0,1.5,1.5
5.5,1,0.7905004,1.5,0,1.5,1.5
5.52,1,0.7977756,1.5,0,1.5,1.5
5.54,1,0.7983317,1.5,0,1.5,1.5
5.56,1,0.7923345,1.5,0,1.5,1.5
5.58,0.9995733,0.7833562,1.5,0,1.5,1.5
5.6,0.9991493,0.7698994,1.5,0,1.5,1.5
5.62,1,0.7605163,1.5,0,1.5,1.5
5.64,1,0.7472396,1.5,0,1.5,1.5
5.66,0.9996519,0.7330105,1.5,0,1.5,1.5
5.68,1,0.7190455,1.5,0,1.5,1.5
5.7,0.9966312,0.7024968,1.5,0,1.5,1.5
5.72,0.9915282,0.6895065,1.5,0,1.5,1.5
5.74,0.990104,0.681989,1.5,0,1.5,1.5
5.76,0.9829127,0.6766076,1.5,0,1.5,1.5
5.78,0.971746,0.6738646,1.5,0,1.5,1.5
5.8,0.9556134,0.6756708,1.5,0,1.5,1.5
5.82,0.9391415,0.6762071,1.5,0,1.5,1.5
5.84,0.9190753,0.6724783,1.5,0,1.5,1.5
5.86,0.9012178,0.6657115,1.5,0,1.5,1.5
5.88,0.8777551,0.6624795,1.5,0,1.5,1.5
5.9,0.8406089,0.6600185,1.5,0,1.5,1.5
5.92,0.8108367,0.6601087,1.5,0,1.5,1.5
5.94,0.7860432,0.6678761,1.5,0,1.5,1.5
5.96,0.7651673,0.6759363,1.5,0,1.5,1.5
5.98,0.7405295,0.6884212,1.5,0,1.5,1.5
6,0.7096822,0.7044188,1.5,0,1.5,1.5
6.02,0.674302,0.7168971,1.5,0,1.5,1.5
6.04,0.647231,0.7296086,1.5,0,1.5,1.5
6.06,0.6127242,0.751394,1.5,0,1.5,1.5
6.08,0.5864843,0.7686331,1.5,0,1.5,1.5
6.1,0.5600643,0.7859017,1.5,0,1.5,1.5
6.12,0.5335976,0.800462,1.5,0,1.5,1.5
6.14,0.5082399,0.8158318,1.5,0,1.5,1.5
6.16,0.4845483,0.8319607,1.5,0,1.5,1.5
6.18,0.460269,0.8491129,1.5,0,1.5,1.5
6.2,0.4359207,0.8645689,1.5,0,1.5,1.5
6.22,0.406339,0.8781226,1.5,0,1.5,1.5
6.24,0.3894844,0.8848642,1.5,0,1.5,1.5
6.26,0.3687132,0.8933288,1.5,0,1.5,1.5
6.28,0.3432817,0.9062026,1.5,0,1.5,1.5
6.3,0.3265378,0.9156713,1.5,0,1.5,1.5
6.32,0.3047482,0.934114,1.5,0,1.5,1.5
6.34,0.2866262,0.9552606,1.5,0,1.5,1.5
6.36,0.2750992,0.9763777,1.5,0,1.5,1.5
6.38,0.2698806,0.9915099,1.5,0,1.5,1.5
6.4,0.2689454,1.010189,1.5,0,1.5,1.5
6.42,0.2699932,1.020496,1.5,0,1.5,1.5
6.44,0.2730188,1.025009,1.5,0,1.5,1.5
6.46,0.2777734,1.025033,1.5,0,1.5,1.5
6.48,0.287302,1.026518,1.5,0,1.5,1.5
6.5,0.2966973,1.017586,1.5,0,1.5,1.5
6.52,0.3047131,1.005744,1.5,0,1.5,1.5
6.54,0.3124607,0.9975467,1.5,0,1.5,1.5
6.56,0.3198557,0.9844687,1.5,0,1.5,1.5
6.58,0.3251857,0.9739867,1.5,0,1.5,1.5
6.6,0.3328317,0.9632168,1.5,0,1.5,1.5
6.62,0.3380904,0.9554032,1.5,0,1.5,1.5
6.64,0.3398097,0.9464303,1.5,0,1.5,1.5
6.66,0.3360286,0.9363323,1.5,0,1.5,1.5
6.68,0.3347566,0.9270799,1.5,0,1.5,1.5
6.7,0.3365047,0.9175012,1.5,0,1.5,1.5
6.72,0.3382209,0.9132363,1.5,0,1.5,1.5
6.74,0.3460193,0.9129279,1.5,0,1.5,1.5
6.76,0.3603055,0.9170069,1.5,0,1.5,1.5
6.78,0.3732492,0.9177799,1.5,0,1.5,1.5
6.8,0.3913352,0.9180973,1.5,0,1.5,1.5
6.82,0.4130861,0.9101447,1.5,0,1.5,1.5
6.84,0.4342092,0.8982294,1.5,0,1.5,1.5
6.86,0.4581281,0.8830562,1.5,0,1.5,1.5
6.88,0.4778742,0.8672094,1.5,0,1.5,1.5
6.9,0.4909301,0.8548502,1.5,0,1.5,1.5
6.92,0.504362,0.8362107,1.5,0,1.5,1.5
6.94,0.5109196,0.8215125,1.5,0,1.5,1.5
6.96,0.5142595,0.8093817,1.5,0,1.5,1.5
6.98,0.5183769,0.8045719,1.5,0,1.5,1.5
7,0.5211535,0.8032434,1.5,0,1.5,1.5
7.02,0.5197413,0.8009139,1.5,0,1.5,1.5
7.04,0.516385,0.7951574,1.5,0,1.5,1.5
7.06,0.5182453,0.7939848,1.5,0,1.5,1.5
7.08,0.5243893,0.7958288,1.5,0,1.5,1.5
7.1,0.5278758,0.8028221,1.5,0,1.5,1.5
7.12,0.5336629,0.8148435,1.5,0,1.5,1.5
7.14,0.5393621,0.8275258,1.5,0,1.5,1.5
7.16,0.5473623,0.8353974,1.5,0,1.5,1.5
7.18,0.5587682,0.8478696,1.5,0,1.5,1.5
7.2,0.5685196,0.8593663,1.5,0,1.5,1.5
7.22,0.5806736,0.8735672,1.5,0,1.5,1.5
7.24,0.5872501,0.8862315,1.5,0,1.5,1.5
7.26,0.5936923,0.9007469,1.5,0,1.5,1.5
7.28,0.6006045,0.9069371,1.5,0,1.5,1.5
7.3,0.5994375,0.9175617,1.5,0,1.5,1.5
7.32,0.5951172,0.9233348,1.5,0,1.5,1.5
7.34,0.5877614,0.9381318,1.5,0,1.5,1.5
7.36,0.5785664,0.9603054,1.5,0,1.5,1.5
7.38,0.571499,0.974803,1.5,0,1.5,1.5
7.4,0.5633561,0.9900678,1.5,0,1.5,1.5
7.42,0.5584579,1.004719,1.5,0,1.5,1.5
7.44,0.5523618,1.026523,1.5,0,1.5,1.5
7.46,0.547152,1.050328,1.5,0,1.5,1.5
7.48,0.5398524,1.078756,1.5,0,1.5,1.5
7.5,0.5303779,1.09845,1.5,0,1.5,1.5
7.52,0.5186186,1.121302,1.5,0,1.5,1.5
7.54,0.5026534,1.146092,1.5,0,1.5,1.5
7.56,0.4926174,1.17287,1.5,0,1.5,1.5
7.58,0.4826061,1.200277,1.5,0,1.5,1.5
7.6,0.4733287,1.225934,1.5,0,1.5,1.5
7.62,0.4622407,1.248663,1.5,0,1.5,1.5
7.64,0.4520252,1.270562,1.5,0,1.5,1.5
7.66,0.4387987,1.297359,1.5,0,1.5,1.5
7.68,0.4242737,1.317302,1.5,0,1.5,1.5
7.7,0.4068983,1.342814,1.5,0,1.5,1.5
7.72,0.394457,1.36397,1.5,0,1.5,1.5
7.74,0.3821158,1.382717,1.5,0,1.5,1.5
7.76,0.368536,1.397933,1.5,0,1.5,1.5
7.78,0.3567711,1.408675,1.5,0,1.5,1.5
7.8,0.3419949,1.428566,1.5,0,1.5,1.5
7.82,0.3358323,1.440974,1.5,0,1.5,1.5
7.84,0.3344897,1.462949,1.5,0,1.5,1.5
7.86,0.3311442,1.481794,1.5,0,1.5,1.5
7.88,0.3279974,1.497259,1.5,0,1.5,1.5
7.9,0.3213227,1.521678,1.5,0,1.5,1.5
7.92,0.317832,1.545949,1.5,0,1.5,1.5
7.94,0.3201908,1.573272,1.5,0,1.5,1.5
7.96,0.3270152,1.603238,1.5,0,1.5,1.5
7.98,0.3381186,1.631757,1.5,0,1.5,1.5
8,0.3566684,1.65618,1.5,0,1.5,1.5
8.02,0.3720165,1.671956,1.5,0,1.5,1.5
8.04,0.3936261,1.696989,1.5,0,1.5,1.5
8.059999,0.4178283,1.721287,1.5,0,1.5,1.5
8.08,0.4419486,1.745547,1.5,0,1.5,1.5
8.099999,0.4621674,1.764707,1.5,0,1.5,1.5
8.12,0.4814222,1.787912,1.5,0,1.5,1.5
8.139999,0.5062049,1.820162,1.5,0,1.5,1.5
8.16,0.5275522,1.850391,1.5,0,1.5,1.5
8.179999,0.5514674,1.877106,1.5,0,1.5,1.5
8.2,0.5738896,1.900385,1.5,0,1.5,1.5
8.22,0.5937367,1.926674,1.5,0,1.5,1.5
8.24,0.6133342,1.958022,1.5,0,1.5,1.5
8.26,0.6357172,1.997534,1.5,0,1.5,1.5
8.28,0.6515412,2.029097,1.5,0,1.5,1.5
8.3,0.6643925,2.058113,1.5,0,1.5,1.5
8.32,0.6766766,2.096138,1.5,0,1.5,1.5
8.34,0.6830297,2.127927,1.5,0,1.5,1.5
8.36,0.6867144,2.166576,1.5,0,1.5,1.5
8.38,0.6916927,2.197022,1.5,0,1.5,1.5
8.4,0.7017022,2.230133,1.5,0,1.5,1.5
8.42,0.7087902,2.255308,1.5,0,1.5,1.5
8.44,0.7122262,2.275346,1.5,0,1.5,1.5
8.46,0.7093195,2.291664,1.5,0,1.5,1.5
8.48,0.7064638,2.30973,1.5,0,1.5,1.5
8.5,0.7000623,2.332714,1.5,0,1.5,1.5
8.52,0.692804,2.349345,1.5,0,1.5,1.5
8.54,0.6895869,2.373181,1.5,0,1.5,1.5
8.559999,0.6856599,2.394059,1.5,0.00722108,1.5,1.5
8.58,0.6809672,2.41438,1.5,0.01450249,1.5,1.5
8.599999,0.6726869,2.432131,1.5,0.02178475,1.5,1.5
8.62,0.6658027,2.445511,1.5,0.02900833,1.5,1.5
8.639999,0.6512671,2.461933,1.5,0.03629353,1.5,1.5
8.66,0.6354514,2.473813,1.5,0.04358083,1.5,1.5
8.679999,0.6190525,2.486536,1.5,0.05081069,1.5,1.5
8.7,0.6054306,2.496571,1.5,0.06539965,1.5,1.5
8.72,0.5875462,2.5,1.5,0.07263956,1.5,1.5
8.74,0.5654698,2.5,1.5,0.07994375,1.5,1.5
8.76,0.540199,2.5,1.5,0.08719245,1.5,1.5
8.78,0.521499,2.5,1.5,0.1018258,1.5,1.5
8.8,0.4998621,2.5,1.5,0.1090909,1.5,1.5
8.82,0.4837711,2.5,1.5,0.1164226,1.5,1.5
8.84,0.4667788,2.5,1.5,0.1237008,1.5,1.5
8.86,0.44691,2.5,1.5,0.1457005,1.5,1.5
8.88,0.4309025,2.5,1.5,0.1604497,1.5,1.5
8.9,0.4153451,2.5,1.5,0.1678382,1.5,1.5
8.92,0.4052429,2.5,1.5,0.1751758,1.5,1.5
8.94,0.4004612,2.5,1.5,0.1900036,1.5,1.5
8.96,0.3916089,2.5,1.5,0.2122091,1.5,1.5
8.98,0.3910352,2.5,1.5,0.2196764,1.5,1.5
9,0.3913392,2.5,1.5,0.2420968,1.5,1.5
9.02,0.3864104,2.5,1.5,0.2646786,1.5,1.5
9.04,0.3793072,2.5,1.5,0.2873099,1.5,1.5
9.059999,0.3688428,2.5,1.5,0.2949295,1.5,1.5
9.08,0.3581749,2.5,1.5,0.3101599,1.5,1.5
9.099999,0.3485297,2.5,1.5,0.3332011,1.5,1.5
9.12,0.340706,2.5,1.5,0.3564053,1.5,1.5
9.139999,0.3319033,2.5,1.5,0.3719628,1.5,1.5
9.16,0.3221503,2.5,1.5,0.3797435,1.5,1.5
9.179999,0.3140833,2.5,1.5,0.395506,1.5,1.5
9.2,0.3053086,2.5,1.5,0.4113029,1.5,1.5
9.22,0.2966238,2.5,1.5,0.4192728,1.5,1.5
9.24,0.2920693,2.5,1.5,0.4192728,1.5,1.5
9.26,0.2887002,2.5,1.5,0.4192728,1.5,1.5
9.28,0.2885068,2.5,1.5,0.4192728,1.5,1.5
9.3,0.2903497,2.5,1.5,0.4192728,1.5,1.5
9.32,0.2936392,2.5,1.5,0.4192728,1.5,1.5
9.34,0.297943,2.5,1.5,0.4192728,1.5,1.5
9.36,0.3022544,2.5,1.5,0.4192728,1.5,1.5
9.38,0.3010197,2.5,1.5,0.4192728,1.5,1.5
9.4,0.296589,2.5,1.5,0.4192728,1.5,1.5
9.42,0.2899126,2.5,1.5,0.4192728,1.5,1.5
9.44,0.2849981,2.5,1.5,0.4192728,1.5,1.5
9.46,0.282588,2.5,1.5,0.4192728,1.5,1.5
9.48,0.2817215,2.5,1.5,0.4192728,1.5,1.5
9.5,0.2830944,2.5,1.5,0.4192728,1.5,1.5
9.52,0.2794042,2.5,1.5,0.4192728,1.5,1.5
9.54,0.2793245,2.5,1.5,0.4192728,1.5,1.5
9.559999,0.2834975,2.494961,1.5,0.4192728,1.5,1.5
9.58,0.2833395,2.494424,1.5,0.4192728,1.5,1.5
9.599999,0.2840581,2.497952,1.5,0.4192728,1.5,1.5
9.62,0.2883407,2.5,1.5,0.4192728,1.5,1.5
9.639999,0.2975488,2.499374,1.5,0.4192728,1.5,1.5
9.66,0.3021786,2.5,1.5,0.4192728,1.5,1.5
9.679999,0.3081134,2.5,1.5,0.4192728,1.5,1.5
9.7,0.3124566,2.5,1.5,0.4192728,1.5,1.5
9.719999,0.3167634,2.5,1.5,0.4192728,1.5,1.5
9.74,0.3230948,2.5,1.5,0.4192728,1.5,1.5
9.76,0.3269121,2.5,1.5,0.4192728,1.5,1.5
9.78,0.3294306,2.5,1.5,0.4192728,1.5,1.5
9.8,0.3339004,2.5,1.5,0.4192728,1.5,1.5
9.82,0.3394872,2.5,1.5,0.4192728,1.5,1.5
9.84,0.3466702,2.5,1.5,0.4192728,1.5,1.5
9.86,0.3508234,2.5,1.5,0.4192728,1.5,1.5
9.88,0.3609729,2.5,1.5,0.4192728,1.5,1.5
9.9,0.3791056,2.5,1.5,0.4192728,1.5,1.5
9.92,0.4020324,2.5,1.5,0.4192728,1.5,1.5
9.94,0.4293107,2.5,1.5,0.4192728,1.5,1.5
9.96,0.4485554,2.5,1.5,0.4192728,1.5,1.5
9.98,0.4758633,2.5,1.5,0.4192728,1.5,1.5
10,0.5048939,2.5,1.5,0.4192728,1.5,1.5
10.02,0.5267799,2.5,1.5,0.4192728,1.5,1.5
10.04,0.549666,2.5,1.5,0.4192728,1.5,1.5
10.06,0.5740134,2.5,1.5,0.4192728,1.5,1.5
10.08,0.5999525,2.5,1.5,0.4192728,1.5,1.5
10.1,0.625946,2.5,1.5,0.4192728,1.5,1.5
10.12,0.6581232,2.5,1.5,0.4192728,1.5,1.5
10.14,0.6945661,2.5,1.5,0.4192728,1.5,1.5
10.16,0.7287691,2.5,1.5,0.4192728,1.5,1.5
10.18,0.7590628,2.5,1.5,0.4192728,1.5,1.5
10.2,0.7862192,2.5,1.5,0.4192728,1.5,1.5
10.22,0.8108417,2.498033,1.5,0.4192728,1.5,1.5
10.24,0.8435833,2.493522,1.5,0.4192728,1.5,1.5
10.26,0.8704237,2.487071,1.5,0.4192728,1.5,1.5
10.28,0.9025862,2.477195,1.5,0.4192728,1.5,1.5
10.3,0.9302272,2.462509,1.5,0.4192728,1.507965,1.5
10.32,0.955851,2.452231,1.5,0.4192728,1.554725,1.5
10.34,0.9885598,2.442301,1.5,0.4192728,1.6074,1.5
10.36,1,2.428344,1.5,0.4192728,1.63602,1.5
10.38,1,2.413196,1.5,0.4192727,1.64418,1.5
10.4,1,2.395988,1.5,0.4192728,1.646289,1.5
10.42,1,2.375477,1.5,0.4192728,1.646289,1.5
10.44,1,2.353475,1.5,0.4192728,1.654463,1.5
10.46,1,2.334276,1.5,0.4192728,1.670789,1.5
10.48,1,2.31637,1.5,0.4192728,1.681175,1.5
10.5,1,2.301661,1.5,0.4192728,1.697474,1.5
10.52,1,2.292466,1.5,0.4192728,1.716219,1.5
10.54,1,2.286299,1.5,0.4192727,1.732702,1.5
10.56,1,2.280405,1.5,0.4192728,1.743269,1.5
10.58,1,2.277178,1.5,0.4192728,1.759809,1.5
10.6,1,2.274287,1.5,0.4192728,1.768078,1.5
10.62,1,2.268294,1.5,0.4192728,1.784846,1.5
10.64,1,2.259897,1.5,0.4192728,1.793175,1.5
10.66,0.9977592,2.252933,1.5,0.4192727,1.801584,1.5
10.68,0.9915029,2.248275,1.5,0.4192728,1.810072,1.5
10.7,0.9852017,2.244105,1.5,0.4192728,1.818526,1.5
10.72,0.978819,2.234543,1.5,0.4192728,1.827003,1.5
10.74,0.9719108,2.231234,1.5,0.4192728,1.827003,1.5
10.76,0.9623232,2.22651,1.5,0.4192728,1.835506,1.5
10.78,0.9538394,2.22127,1.5,0.4192728,1.852586,1.5
10.8,0.941106,2.215422,1.5,0.4192727,1.861166,1.5
10.82,0.9332906,2.203278,1.5,0.4192727,1.861166,1.5
10.84,0.9177437,2.191862,1.5,0.4192727,1.861166,1.5
10.86,0.8993459,2.184834,1.5,0.4192727,1.861166,1.5
10.88,0.8824713,2.180211,1.5,0.4192727,1.861166,1.5
10.9,0.8616737,2.172834,1.5,0.4192727,1.861166,1.5
10.92,0.8375247,2.165225,1.5,0.4192727,1.861166,1.5
10.94,0.8221627,2.157507,1.5,0.4192727,1.861166,1.5
10.96,0.8024763,2.151368,1.5,0.4192727,1.861166,1.5
10.98,0.7846583,2.145634,1.5,0.4192727,1.861166,1.5
11,0.7683852,2.134664,1.5,0.4192727,1.861166,1.5
11.02,0.7588799,2.124534,1.5,0.4192727,1.861166,1.5
11.04,0.7485741,2.110001,1.5,0.4192727,1.861166,1.5
11.06,0.7395481,2.10096,1.5,0.4192727,1.861166,1.5
11.08,0.732229,2.089554,1.5,0.4192727,1.861166,1.5
11.1,0.7320198,2.07402,1.5,0.4192727,1.861166,1.5
11.12,0.7326914,2.05714,1.5,0.4192727,1.861166,1.5
11.14,0.7323887,2.038074,1.5,0.4192727,1.861166,1.5
11.16,0.7324896,2.01467,1.5,0.4192727,1.861166,1.5
11.18,0.7307122,1.989307,1.5,0.4192727,1.861166,1.5
11.2,0.7290397,1.96021,1.5,0.4192727,1.861166,1.5
11.22,0.7273703,1.924461,1.5,0.4192727,1.861166,1.5
11.24,0.7264948,1.894649,1.5,0.4192727,1.861166,1.5
11.26,0.7259821,1.873231,1.5,0.4192727,1.861166,1.5
11.28,0.7310989,1.839888,1.5,0.4192727,1.861166,1.5
11.3,0.7369258,1.816431,1.5,0.4192727,1.861166,1.5
11.32,0.7486187,1.788246,1.5,0.4192727,1.861166,1.5
11.34,0.7530211,1.76456,1.5,0.4192727,1.861166,1.5
11.36,0.7543988,1.754525,1.5,0.4192727,1.861166,1.5
11.38,0.758895,1.742408,1.5,0.4192727,1.861166,1.5
11.4,0.7668757,1.728575,1.5,0.4192727,1.861166,1.5
11.42,0.7721388,1.715691,1.5,0.4192727,1.861166,1.5
11.44,0.786922,1.703843,1.5,0.4192727,1.861166,1.5
11.46,0.8020916,1.696272,1.5,0.4192727,1.861166,1.5
11.48,0.8117716,1.690484,1.5,0.4192727,1.861166,1.5
11.5,0.8265702,1.688486,1.5,0.4192727,1.861166,1.5
11.52,0.8405942,1.690268,1.5,0.4192727,1.861166,1.5
11.54,0.854803,1.693862,1.5,0.4192727,1.861166,1.5
11.56,0.8598863,1.694139,1.5,0.4192727,1.861166,1.5
11.58,0.8649001,1.693862,1.5,0.4192727,1.861166,1.5
11.6,0.8741515,1.68732,1.5,0.4192727,1.861166,1.5
11.62,0.8836879,1.681257,1.5,0.4192727,1.861166,1.5
11.64,0.897545,1.669402,1.5,0.4192727,1.861166,1.5
11.66,0.9122928,1.665275,1.5,0.4192727,1.861166,1.5
11.68,0.9260112,1.663062,1.5,0.4192727,1.861166,1.5
11.7,0.9401611,1.664816,1.5,0.4192727,1.861166,1.5
11.72,0.9581133,1.672594,1.5,0.4192727,1.861166,1.5
11.74,0.9812111,1.679188,1.5,0.4192727,1.861166,1.5
11.76,1,1.689746,1.5,0.4192727,1.861166,1.5
11.78,1,1.699662,1.5,0.4192727,1.861166,1.5
11.8,1,1.710469,1.5,0.4192727,1.861166,1.5
11.82,1,1.723588,1.5,0.4192727,1.861166,1.5
11.84,1,1.736541,1.5,0.4192727,1.861166,1.5
11.86,1,1.744189,1.5,0.4192727,1.861166,1.5
11.88,1,1.748866,1.5,0.4192727,1.861166,1.5
11.9,1,1.754675,1.5,0.4192727,1.861166,1.5
11.92,1,1.761617,1.5,0.4192727,1.861166,1.5
11.94,1,1.76322,1.5,0.4192727,1.861166,1.5
11.96,1,1.762793,1.5,0.4192727,1.861166,1.5
11.98,1,1.766622,1.5,0.4192727,1.861166,1.5
12,1,1.769674,1.5,0.4274829,1.861161,1.5
12.02,1,1.768355,1.5,0.4439903,1.861116,1.5
12.04,1,1.768042,1.5,0.4623917,1.861016,1.5
12.06,1,1.763215,1.5,0.463917,1.861005,1.5
12.08,1,1.755352,1.5,0.4724971,1.860938,1.5
12.1,1,1.750181,1.5,0.4809033,1.860861,1.5
12.12,0.9979177,1.750449,1.5,0.4893424,1.860773,1.5
12.14,0.9955251,1.753435,1.5,0.4978857,1.860674,1.5
12.16,0.9952913,1.76058,1.5,0.516684,1.860417,1.5
12.18,0.9926618,1.770724,1.5,0.525341,1.860281,1.5
12.2,0.9927027,1.781425,1.5,0.5339634,1.860136,1.5
12.22,0.9892612,1.790172,1.5,0.5339634,1.860136,1.5
12.24,0.9817715,1.79817,1.5,0.5425506,1.859981,1.5
12.26,0.9762965,1.805761,1.5,0.5531266,1.859777,1.5
12.28,0.9746096,1.812744,1.5,0.5531266,1.859777,1.5
12.3,0.9670265,1.818068,1.5,0.5531266,1.859777,1.5
12.32,0.9584526,1.823351,1.5,0.5706562,1.859404,1.5
12.34,0.955512,1.823125,1.5,0.5795549,1.8592,1.5
12.36,0.9562836,1.82258,1.5,0.5902988,1.85894,1.5
12.38,0.958242,1.823465,1.5,0.5902988,1.85894,1.5
12.4,0.9622797,1.824824,1.5,0.5992168,1.858713,1.5
12.42,0.9722164,1.826517,1.5,0.608178,1.858475,1.5
12.44,0.9805133,1.827204,1.5,0.6171832,1.858226,1.5
12.46,0.9901904,1.826922,1.5,0.6354046,1.857693,1.5
12.48,0.9992082,1.828855,1.5,0.655606,1.857058,1.5
12.5,1,1.833066,1.5,0.6742293,1.856433,1.5
12.52,1,1.837965,1.5,0.6835779,1.856106,1.5
12.54,1,1.844879,1.5,0.7043839,1.855345,1.5
12.56,1,1.852321,1.5,0.7043839,1.855345,1.5
12.58,1,1.864007,1.5,0.7234707,1.85461,1.5
12.6,1,1.873165,1.5,0.7234707,1.85461,1.5
12.62,1,1.879872,1.5,0.7330973,1.854225,1.5
12.64,1,1.889356,1.5,0.744635,1.853755,1.5
12.66,1,1.89916,1.5,0.744635,1.853755,1.5
12.68,1,1.908873,1.5,0.7645228,1.852916,1.5
12.7,1,1.919699,1.5,0.7743124,1.85249,1.5
12.72,1,1.928628,1.5,0.7943244,1.851597,1.5
12.74,1,1.93512,1.5,0.804384,1.851135,1.5
12.76,1,1.947015,1.5,0.8268185,1.850081,1.5
12.78,1,1.952398,1.5,0.8371754,1.849581,1.5
12.8,1,1.964139,1.5,0.8578387,1.848564,1.5
12.82,1,1.974641,1.5,0.868407,1.848033,1.5
12.84,1,1.987438,1.5,0.878961,1.847496,1.5
12.86,1,1.995119,1.5,0.8895891,1.846948,1.5
12.88,1,2.009328,1.5,0.9026961,1.846265,1.5
12.9,1,2.025576,1.5,0.9134029,1.845698,1.5
12.92,1,2.04605,1.5,0.9242783,1.845117,1.5
12.94,1,2.066525,1.5,0.9242783,1.845117,1.5
12.96,1,2.083223,1.5,0.9242783,1.845117,1.5
12.98,1,2.100441,1.5,0.9352337,1.844526,1.5
13,1,2.120619,1.5,0.9462705,1.843925,1.5
13.02,1,2.13539,1.5,0.9598885,1.843175,1.5
13.04,1,2.152626,1.5,0.9709228,1.842561,1.5
13.06,1,2.152626,1.5,0.9709228,1.842561,1.5
13.08,1,2.177004,1.5,0.9709228,1.842561,1.5
13.1,1,2.194608,1.5,0.9709228,1.842561,1.5
13.12,1,2.205631,1.5,0.9709228,1.842561,1.5
13.14,1,2.214775,1.5,0.9709228,1.842561,1.5
13.16,1,2.220707,1.5,0.9709228,1.842561,1.5
13.18,1,2.222836,1.5,0.9709228,1.842561,1.5
13.2,1,2.226712,1.5,0.9709228,1.842561,1.5
13.22,1,2.231753,1.5,0.9709228,1.842561,1.5
13.24,1,2.233805,1.5,0.9709228,1.842561,1.5
13.26,1,2.226788,1.5,0.9709228,1.842561,1.5
13.28,1,2.222561,1.5,0.9709228,1.842561,1.5
13.3,1,2.220482,1.5,0.9709228,1.842561,1.5
13.32,1,2.216595,1.5,0.9709228,1.842561,1.5
13.34,1,2.214861,1.5,0.9709228,1.842561,1.5
13.36,1,2.214284,1.5,0.9709228,1.842561,1.5
13.38,1,2.214226,1.5,0.9709228,1.842561,1.5
13.4,1,2.209961,1.5,0.9709228,1.842561,1.5
13.42,1,2.203099,1.5,0.9709228,1.842561,1.5
13.44,1,2.181619,1.5,0.9709228,1.842561,1.5
13.46,1,2.164699,1.5,0.9709228,1.842561,1.5
13.48,0.9974982,2.148575,1.5,0.9709228,1.842561,1.5
13.5,0.9900279,2.128194,1.5,0.9709228,1.842561,1.5
13.52,0.9882501,2.108697,1.5,0.9709228,1.842561,1.5
13.54,0.9845749,2.093725,1.5,0.9709228,1.842561,1.5
13.56,0.9806986,2.067127,1.5,0.9709228,1.842561,1.5
13.58,0.9729826,2.034405,1.5,0.9709228,1.842561,1.5
13.6,0.9710414,2.003412,1.5,0.9709228,1.842561,1.5
13.62,0.9696079,1.963258,1.5,0.9709228,1.842561,1.5
13.64,0.9668595,1.933254,1.5,0.9709228,1.842561,1.5
13.66,0.9622833,1.911263,1.5,0.9709228,1.842561,1.5
13.68,0.9562097,1.880747,1.5,0.9709228,1.842561,1.5
13.7,0.9506971,1.858405,1.5,0.9709228,1.842561,1.5
13.72,0.9410687,1.842774,1.5,0.9709228,1.842561,1.5
13.74,0.9325106,1.835897,1.5,0.9709228,1.842561,1.5
13.76,0.9170656,1.827967,1.5,0.9709228,1.842561,1.5
13.78,0.9112251,1.821469,1.5,0.9709228,1.842561,1.5
13.8,0.9034194,1.81821,1.5,0.9709228,1.842561,1.5
13.82,0.8910881,1.813049,1.5,0.9709228,1.842561,1.5
13.84,0.8863389,1.805846,1.5,0.9709228,1.842561,1.5
13.86,0.8798527,1.797104,1.5,0.9709228,1.842561,1.5
13.88,0.8702039,1.793751,1.5,0.9709228,1.842561,1.5
13.9,0.8587998,1.795231,1.5,0.9709228,1.842561,1.5
13.92,0.8465027,1.797575,1.5,0.9709228,1.842561,1.5
13.94,0.8390272,1.803736,1.5,0.9709228,1.842561,1.5
13.96,0.8359254,1.806506,1.5,0.9709228,1.842561,1.5
13.98,0.8368512,1.808038,1.5,0.9709228,1.842561,1.5
14,0.8350461,1.80869,1.5,0.9709228,1.842561,1.5
14.02,0.8319914,1.813071,1.5,0.9709228,1.842561,1.5
14.04,0.8362468,1.817715,1.5,0.9709228,1.842561,1.5
14.06,0.8403664,1.824354,1.5,0.9709228,1.842561,1.5
14.08,0.8468935,1.833851,1.5,0.9709228,1.842561,1.5
14.1,0.8574037,1.840238,1.5,0.9709228,1.842561,1.5
14.12,0.86662,1.846475,1.5,0.9709228,1.842561,1.5
14.14,0.8743069,1.848515,1.5,0.9709228,1.842561,1.5
14.16,0.8867033,1.856811,1.5,0.9709228,1.842561,1.5
14.18,0.8973123,1.870949,1.5,0.9709228,1.842561,1.5
14.2,0.905438,1.887527,1.5,0.9709228,1.842561,1.5
14.22,0.9173097,1.901191,1.5,0.9709228,1.842561,1.5
14.24,0.9324153,1.912909,1.5,0.9709228,1.842561,1.5
14.26,0.946728,1.9176,1.5,0.9709228,1.842561,1.5
14.28,0.9573553,1.920039,1.5,0.9709228,1.842561,1.5
14.3,0.9709445,1.921963,1.5,0.9709228,1.842561,1.5
14.32,0.9865093,1.922935,1.5,0.9709228,1.842561,1.5
14.34,0.999765,1.92591,1.5,0.9709228,1.842561,1.5
14.36,1,1.933984,1.5,0.9709228,1.842561,1.5
14.38,1,1.944566,1.5,0.9709228,1.842561,1.5
14.4,1,1.959723,1.5,0.9709228,1.842561,1.5
14.42,1,1.970378,1.5,0.9709228,1.842561,1.5
14.44,1,1.977013,1.5,0.9709228,1.842561,1.5
14.46,0.9958138,1.986703,1.5,0.9709228,1.842561,1.5
14.48,0.9921685,1.996911,1.5,0.9709228,1.842561,1.5
14.5,0.9887816,2.010031,1.5,0.9709228,1.842561,1.5
14.52,0.9814752,2.022821,1.5,0.9709228,1.842561,1.5
14.54,0.9763851,2.030642,1.5,0.9709228,1.842561,1.5
14.56,0.9680426,2.040789,1.5,0.9709228,1.842561,1.5
14.58,0.9488108,2.0594,1.5,0.9709228,1.842561,1.5
14.6,0.936915,2.077729,1.5,0.9709228,1.842561,1.5
14.62,0.9218019,2.095786,1.5,0.9709228,1.842561,1.5
14.64,0.9054669,2.11317,1.5,0.9709228,1.842561,1.5
14.66,0.8889726,2.134737,1.5,0.9709228,1.842561,1.5
14.68,0.8701524,2.158592,1.5,0.9709228,1.842561,1.5
14.7,0.8507671,2.184726,1.5,0.9709228,1.842561,1.5
14.72,0.8360829,2.209713,1.5,0.9709228,1.842561,1.5
14.74,0.8190451,2.232273,1.5,0.9709228,1.842561,1.5
14.76,0.7985841,2.249883,1.5,0.9709228,1.842561,1.5
14.78,0.7685606,2.267163,1.5,0.9709228,1.842561,1.5
14.8,0.7477608,2.282317,1.5,0.9709228,1.842561,1.5
14.82,0.7292232,2.29382,1.5,0.9709228,1.842561,1.5
14.84,0.7116454,2.298649,1.5,0.9709228,1.842561,1.5
14.86,0.690529,2.304135,1.5,0.9709228,1.842561,1.5
14.88,0.661253,2.310991,1.5,0.9709228,1.842561,1.5
14.9,0.6377474,2.316159,1.5,0.9709228,1.842561,1.5
14.92,0.6213294,2.322259,1.5,0.9709228,1.842561,1.5
14.94,0.6075863,2.332546,1.5,0.9709228,1.842561,1.5
14.96,0.5986475,2.344759,1.5,0.9709228,1.842561,1.5
14.98,0.5926761,2.351695,1.5,0.9709228,1.842561,1.5
15,0.5839323,2.358723,1.5,0.9709228,1.842561,1.5
15.02,0.571946,2.367844,1.5,0.9709228,1.842561,1.5
15.04,0.5552967,2.381025,1.5,0.9709228,1.842561,1.5
15.06,0.5405169,2.388562,1.5,0.9709228,1.842561,1.5
15.08,0.529922,2.393865,1.5,0.9709228,1.842561,1.5
15.1,0.5220657,2.395702,1.5,0.9709228,1.842561,1.5
15.12,0.5121781,2.395013,1.5,0.9709228,1.842561,1.5
15.14,0.5054197,2.395308,1.5,0.9709228,1.842561,1.5
15.16,0.4962002,2.3942,1.5,0.9709228,1.842561,1.5
15.18,0.4901322,2.388762,1.5,0.9709228,1.842561,1.5
15.2,0.4855745,2.377482,1.5,0.9709228,1.842561,1.5
15.22,0.4763519,2.356423,1.5,0.9709228,1.842561,1.5
15.24,0.4707886,2.336862,1.5,0.970656,1.840351,1.5
15.26,0.4717982,2.321768,1.5,0.9703892,1.838142,1.5
15.28,0.4787729,2.312863,1.5,0.9714099,1.846591,1.5
15.3,0.489423,2.30354,1.5,0.9734275,1.863271,1.5
15.32,0.4934695,2.288954,1.5,0.9754818,1.880233,1.5
15.34,0.4942433,2.277108,1.5,0.9765009,1.888637,1.5
15.36,0.4949305,2.258242,1.5,0.9785733,1.905707,1.5
15.38,0.4932798,2.240366,1.5,0.9788194,1.907734,1.5
15.4,0.4944986,2.217551,1.5,0.9788194,1.907734,1.5
15.42,0.4974988,2.195202,1.5,0.9788194,1.907734,1.5
15.44,0.5002196,2.174162,1.5,0.9809332,1.925119,1.5
15.46,0.49756,2.147808,1.5,0.9809332,1.925119,1.5
15.48,0.495705,2.122565,1.5,0.9809332,1.925119,1.5
15.5,0.4911708,2.093582,1.5,0.9809332,1.925119,1.5
15.52,0.4865659,2.075231,1.5,0.9809332,1.925119,1.5
15.54,0.4781756,2.050447,1.5,0.9809332,1.925119,1.5
15.56,0.4722076,2.027649,1.5,0.9809332,1.925119,1.5
15.58,0.4680866,2.00291,1.5,0.9809332,1.925119,1.5
15.6,0.4667789,1.982372,1.5,0.9809332,1.925119,1.5
15.62,0.4637028,1.962973,1.5,0.9809332,1.925119,1.5
15.64,0.4591509,1.942512,1.5,0.9809332,1.925119,1.5
15.66,0.4551945,1.924094,1.5,0.9809332,1.925119,1.5
15.68,0.4514973,1.908529,1.5,0.9809332,1.925119,1.5
15.7,0.4490682,1.896767,1.5,0.9809332,1.925119,1.5
15.72,0.4458306,1.894624,1.5,0.9809332,1.925119,1.5
15.74,0.4465493,1.896299,1.5,0.9809332,1.925119,1.5
15.76,0.4458726,1.895924,1.5,0.9809332,1.925119,1.5
15.78,0.4362207,1.897557,1.5,0.9809332,1.925119,1.5
15.8,0.4206283,1.90213,1.5,0.9809332,1.925119,1.5
15.82,0.4020293,1.910543,1.5,0.9809332,1.925119,1.5
15.84,0.3916043,1.916219,1.5,0.9809332,1.925119,1.5
15.86,0.3805073,1.929803,1.5,0.9809332,1.925119,1.5
15.88,0.3771708,1.941203,1.5,0.9809332,1.925119,1.5
15.9,0.3766448,1.959711,1.5,0.9809332,1.925119,1.5
15.92,0.3817069,1.971412,1.5,0.9809332,1.925119,1.5
15.94,0.3847145,1.981574,1.5,0.9809332,1.925119,1.5
15.96,0.3884029,1.993347,1.5,0.9809332,1.925119,1.5
15.98,0.3935802,2.004758,1.5,0.9809332,1.925119,1.5
16,0.3991386,2.01623,1.5,0.9809332,1.925119,1.5
16.02,0.40272,2.02651,1.5,0.9809332,1.925119,1.5
16.04,0.4073479,2.042219,1.5,0.9809332,1.925119,1.5
16.06,0.411869,2.052637,1.5,0.9809332,1.925119,1.5
16.08,0.4196209,2.066537,1.5,0.9809332,1.925119,1.5
16.1,0.4306205,2.078426,1.5,0.9809332,1.925119,1.5
16.12,0.4441319,2.08712,1.5,0.9809332,1.925119,1.5
16.14,0.4597997,2.094271,1.5,0.9809332,1.925119,1.5
16.16,0.4742027,2.100842,1.5,0.9809332,1.925119,1.5
16.18,0.4924679,2.107832,1.5,0.9809332,1.925119,1.5
16.2,0.5097125,2.110232,1.5,0.9809332,1.925119,1.5
16.22,0.5284415,2.105311,1.5,0.9809332,1.925119,1.5
16.24,0.5409144,2.099632,1.5,0.9809332,1.925119,1.5
16.26,0.5517861,2.092628,1.5,0.9809332,1.925119,1.5
16.28,0.5645669,2.081809,1.5,0.9809332,1.925119,1.5
16.3,0.5817046,2.07375,1.5,0.9809332,1.925119,1.5
16.32,0.594592,2.064536,1.5,0.9809332,1.925119,1.5
16.34,0.6096494,2.047338,1.5,0.9809332,1.925119,1.5
16.36,0.6266813,2.026008,1.5,0.9809332,1.925119,1.5
16.38,0.6439402,2.003666,1.5,0.9809332,1.925119,1.5
16.4,0.6642117,1.977166,1.5,0.9809332,1.925119,1.5
16.42,0.6745557,1.963195,1.5,0.9575892,1.92644,1.5
16.44,0.6899564,1.947053,1.5,0.9575892,1.92644,1.5
16.46,0.70261,1.925739,1.5,0.9230223,1.92833,1.5
16.48,0.7165157,1.904319,1.5,0.9230223,1.92833,1.5
16.5,0.7330678,1.880499,1.5,0.9004731,1.929518,1.5
16.52,0.7448218,1.86263,1.5,0.8990636,1.92959,1.5
16.54,0.7633024,1.841841,1.5,0.876434,1.93074,1.5
16.56,0.7845947,1.810556,1.5,0.8655455,1.931277,1.5
16.58,0.8017603,1.784855,1.5,0.8635982,1.931372,1.5
16.6,0.8196392,1.755403,1.5,0.852887,1.93189,1.5
16.62,0.8419727,1.723618,1.5,0.8419923,1.932406,1.5
16.64,0.8607855,1.697508,1.5,0.8313435,1.9329,1.5
16.66,0.8790659,1.676595,1.5,0.8313435,1.9329,1.5
16.68,0.8907132,1.661627,1.5,0.8206822,1.933383,1.5
16.7,0.9030837,1.641425,1.5,0.8206822,1.933383,1.5
16.72,0.9138327,1.62395,1.5,0.8100095,1.933855,1.5
16.74,0.9236998,1.607939,1.5,0.8100095,1.933855,1.5
16.76,0.9363238,1.596602,1.5,0.8100095,1.933855,1.5
16.78,0.9465564,1.583087,1.5,0.8100095,1.933855,1.5
16.8,0.9556977,1.568377,1.5,0.8100095,1.933855,1.5
16.82,0.9630275,1.548752,1.5,0.8100095,1.933855,1.5
16.84,0.9670629,1.52774,1.5,0.8100095,1.933855,1.5
16.86,0.9732481,1.504802,1.5,0.8100095,1.933855,1.5
16.88,0.9788579,1.488679,1.5,0.8100095,1.933855,1.5
16.9,0.9849124,1.466453,1.5,0.8100095,1.933855,1.5
16.92,0.9888124,1.448989,1.5,0.8100095,1.933855,1.5
16.94,0.9938554,1.431854,1.5,0.8100095,1.933855,1.5
16.96,0.9981681,1.412036,1.5,0.8100095,1.933855,1.5
16.98,0.9998258,1.389999,1.5,0.8100095,1.933855,1.5
17,1,1.376693,1.5,0.8100095,1.933855,1.5
17.02,0.9986492,1.362268,1.5,0.8100095,1.933855,1.5
17.04,0.9952674,1.344756,1.5,0.8100095,1.933855,1.5
17.06,0.9913946,1.326183,1.5,0.8100095,1.933855,1.5
17.08,0.9860741,1.308136,1.5,0.8100095,1.933855,1.5
17.1,0.9830518,1.296099,1.5,0.8100095,1.933855,1.5
17.12,0.9761081,1.285904,1.5,0.8100095,1.933855,1.5
17.14,0.9663207,1.26994,1.5,0.8100095,1.933855,1.5
17.16,0.9569154,1.255177,1.5,0.8100095,1.933855,1.5
17.18,0.9486312,1.241427,1.5,0.8100095,1.933855,1.5
17.2,0.937987,1.217519,1.5,0.8100095,1.933855,1.5
17.22,0.9344178,1.197162,1.5,0.8100095,1.933855,1.5
17.24,0.9281821,1.183192,1.5,0.8100095,1.933855,1.5
17.26,0.9169209,1.164985,1.5,0.8100095,1.933855,1.5
17.28,0.9028344,1.148126,1.5,0.8100095,1.933855,1.5
17.3,0.8936667,1.139009,1.5,0.8100095,1.933855,1.5
17.32,0.8865289,1.134864,1.5,0.8100095,1.933855,1.5
17.34,0.8757241,1.135429,1.5,0.8100095,1.933855,1.5
17.36,0.8634689,1.143602,1.5,0.8100095,1.933855,1.5
17.38,0.8591974,1.151918,1.5,0.8100095,1.933855,1.5
17.4,0.8514798,1.165741,1.5,0.8100095,1.933855,1.5
17.42,0.8404001,1.18234,1.5,0.8100095,1.933855,1.5
17.44,0.8328788,1.193251,1.5,0.8100095,1.933855,1.5
17.46,0.8261854,1.198552,1.5,0.8100095,1.933855,1.5
17.48,0.8073978,1.207076,1.5,0.8100095,1.933855,1.5
17.5,0.790278,1.216649,1.5,0.8100095,1.933855,1.5
17.52,0.7716699,1.221559,1.5,0.8100095,1.933855,1.5
17.54,0.756181,1.225997,1.5,0.8100095,1.933855,1.5
17.56,0.7426949,1.23712,1.5,0.8100095,1.933855,1.5
17.58,0.7240247,1.250167,1.5,0.8100095,1.933855,1.5
17.6,0.7029347,1.263312,1.5,0.8100095,1.933855,1.5
17.62,0.679473,1.273291,1.5,0.8100095,1.933855,1.5
17.64,0.6611964,1.278276,1.5,0.8100095,1.933855,1.5
17.66,0.6461902,1.28795,1.5,0.8100095,1.933855,1.5
17.68,0.6351821,1.296107,1.5,0.8100095,1.933855,1.5
17.7,0.6219067,1.306152,1.5,0.8100095,1.933855,1.5
17.72,0.6106626,1.314716,1.5,0.8100095,1.933855,1.5
17.74,0.590623,1.323882,1.5,0.8100095,1.933855,1.5
17.76,0.5771181,1.329853,1.5,0.8100095,1.933855,1.5
17.78,0.5645081,1.337416,1.5,0.8100095,1.933855,1.5
17.8,0.5502941,1.344357,1.5,0.8100095,1.933855,1.5
17.82,0.5372171,1.345501,1.5,0.8100095,1.933855,1.5
17.84,0.5241553,1.34047,1.5,0.8100095,1.933855,1.5
17.86,0.5104517,1.334038,1.5,0.8100095,1.933855,1.5
17.88,0.4996102,1.318199,1.5,0.8100095,1.933855,1.5
17.9,0.487903,1.302824,1.5,0.8100095,1.933855,1.5
17.92,0.4739959,1.28717,1.5,0.8100095,1.933855,1.5
17.94,0.4651335,1.27085,1.5,0.8100095,1.933855,1.5
17.96,0.4575592,1.257365,1.5,0.8100095,1.933855,1.5
17.98,0.4537222,1.251383,1.5,0.8100095,1.933855,1.5
18,0.4543466,1.246982,1.5,0.8100095,1.933855,1.5
18.02,0.456008,1.245296,1.5,0.8100095,1.933855,1.5
18.04,0.461479,1.24292,1.5,0.8100095,1.933855,1.5
18.06,0.4668669,1.240203,1.5,0.8100095,1.933855,1.5
18.08,0.4711865,1.237259,1.5,0.8100095,1.933855,1.5
18.1,0.4817853,1.236191,1.5,0.8100095,1.933855,1.5
18.12,0.4866523,1.236322,1.5,0.8100095,1.933855,1.5
18.14,0.4882746,1.23951,1.5,0.8100095,1.933855,1.5
18.16,0.4897468,1.248954,1.5,0.8100095,1.933855,1.5
18.18,0.4878238,1.257197,1.5,0.8100095,1.933855,1.5
18.2,0.4869182,1.266704,1.5,0.8100095,1.933855,1.5
18.22,0.4870125,1.279011,1.5,0.8100095,1.933855,1.5
18.24,0.4920151,1.298297,1.5,0.8100095,1.933855,1.5
18.26,0.4937609,1.311823,1.5,0.8100095,1.933855,1.5
18.28,0.4983158,1.32227,1.5,0.8100095,1.933855,1.5
18.3,0.4999468,1.338405,1.5,0.8100095,1.933855,1.5
18.32,0.496486,1.352128,1.5,0.8100095,1.933855,1.5
18.34,0.4950791,1.363035,1.5,0.8100095,1.933855,1.5
18.36,0.4967503,1.384368,1.5,0.8100095,1.933855,1.5
18.38,0.4989756,1.40845,1.5,0.8100095,1.933855,1.5
18.4,0.5035315,1.436353,1.5,0.8100095,1.933855,1.5
18.42,0.5112987,1.463803,1.5,0.8100095,1.933855,1.5
18.44,0.5153134,1.496236,1.5,0.8100095,1.933855,1.5
18.46,0.5146689,1.518589,1.5,0.8100095,1.933855,1.5
18.48,0.512132,1.54006,1.5,0.8100095,1.933855,1.5
18.5,0.5110225,1.556038,1.5,0.8100095,1.933855,1.5
18.52,0.5096509,1.572294,1.5,0.8100095,1.933855,1.5
18.54,0.5053905,1.586832,1.5,0.8100095,1.933855,1.5
18.56,0.4977325,1.596646,1.5,0.8100095,1.933855,1.5
18.58,0.4912206,1.601527,1.5,0.8100095,1.933855,1.5
18.6,0.4881023,1.607528,1.5,0.8100095,1.933855,1.5
18.62,0.4891408,1.614512,1.5,0.8100095,1.933855,1.5
18.64,0.4914636,1.619136,1.5,0.8100095,1.933855,1.5
18.66,0.4967413,1.620107,1.5,0.8100095,1.933855,1.5
18.68,0.5037642,1.622022,1.5,0.8100095,1.933855,1.5
18.7,0.5089156,1.623614,1.5,0.8100095,1.933855,1.5
18.72,0.5139439,1.622945,1.5,0.8100095,1.933855,1.5
18.74,0.5176255,1.624254,1.5,0.8100095,1.933855,1.5
18.76,0.5190352,1.627252,1.5,0.8100095,1.933855,1.5
18.78,0.5256952,1.628511,1.5,0.8100095,1.933855,1.5
18.8,0.5349416,1.629157,1.5,0.8100095,1.933855,1.5
18.82,0.5427308,1.634041,1.5,0.8100095,1.933855,1.5
18.84,0.5436626,1.63975,1.5,0.8100095,1.933855,1.5
18.86,0.5375271,1.639952,1.5,0.8100095,1.933855,1.5
18.88,0.5310407,1.639672,1.5,0.8100095,1.933855,1.5
18.9,0.5208865,1.639537,1.5,0.8100095,1.933855,1.5
18.92,0.5034354,1.636239,1.5,0.8100095,1.933855,1.5
18.94,0.4896339,1.63348,1.5,0.8100095,1.933855,1.5
18.96,0.467456,1.632383,1.5,0.8100095,1.933855,1.5
18.98,0.4498028,1.629398,1.5,0.8100095,1.933855,1.5
19,0.4130566,1.622482,1.5,0.8100095,1.933855,1.5
19.02,0.3829223,1.615359,1.5,0.8100095,1.933855,1.5
19.04,0.3629666,1.612879,1.5,0.8100095,1.933855,1.5
19.06,0.3271013,1.605502,1.5,0.8100095,1.933855,1.5
19.08,0.3087228,1.601429,1.5,0.8100095,1.933855,1.5
19.1,0.2825423,1.59834,1.5,0.8100095,1.933855,1.5
19.12,0.2529522,1.597286,1.5,0.8100095,1.933855,1.5
19.14,0.2267019,1.592299,1.5,0.8100095,1.933855,1.5
19.16,0.2046847,1.583151,1.5,0.8100095,1.933855,1.5
19.18,0.1762068,1.570547,1.5,0.8100095,1.933855,1.5
19.2,0.143749,1.559917,1.5,0.8100095,1.933855,1.5
19.22,0.1096994,1.544183,1.5,0.8100095,1.933855,1.5
19.24,0.07034468,1.51808,1.5,0.8100095,1.933855,1.5
19.26,0.04283521,1.497633,1.5,0.8100095,1.933855,1.5
19.28,0.006889227,1.472524,1.5,0.8100095,1.933855,1.5
19.3,-0.02638994,1.440612,1.5,0.8100095,1.933855,1.5
19.32,-0.06074544,1.407138,1.5,0.8100095,1.933855,1.5
19.34,-0.09731343,1.375038,1.5,0.8100095,1.933855,1.5
19.36,-0.1269727,1.341039,1.5,0.8100095,1.933855,1.5
HMD
time,posX,posY,posZ,rotX,rotY,rotZ
0,0,0,0,0,0,0
0.02,0,0,0,0,0,0
0.04,0,0,0,0,0,0
0.06,0,0,0,0,0,0
0.08,0,0,0,0,0,0
0.09999999,0,0,0,0,0,0
0.12,0,0,0,0,0,0
0.14,0,0,0,0,0,0
0.16,0,0,0,0,0,0
0.18,0,0,0,0,0,0
0.2,0,0,0,0,0,0
0.22,0,0,0,0,0,0
0.24,0,0,0,0,0,0
0.26,0,0,0,0,0,0
0.28,0,0,0,0,0,0
0.3,0,0,0,0,0,0
0.32,0,0,0,0,0,0
0.34,0,0,0,0,0,0
0.36,0,0,0,0,0,0
0.38,0,0,0,0,0,0
0.4,0,0,0,0,0,0
0.42,0,0,0,0,0,0
0.44,0,0,0,0,0,0
0.46,0,0,0,0,0,0
0.48,0,0,0,0,0,0
0.5,0,0,0,0,0,0
0.52,0,0,0,0,0,0
0.54,0,0,0,0,0,0
0.56,0,0,0,0,0,0
0.58,0,0,0,0,0,0
0.6,0,0,0,0,0,0
0.62,0,0,0,0,0,0
0.64,0,0,0,0,0,0
0.66,0,0,0,0,0,0
0.68,0,0,0,0,0,0
0.7,0,0,0,0,0,0
0.72,0,0,0,0,0,0
0.74,0,0,0,0,0,0
0.76,0,0,0,0,0,0
0.78,0,0,0,0,0,0
0.8,0,0,0,0,0,0
0.82,0,0,0,0,0,0
0.84,0,0,0,0,0,0
0.86,0,0,0,0,0,0
0.88,0,0,0,0,0,0
0.9,0,0,0,0,0,0
0.92,0,0,0,0,0,0
0.94,0,0,0,0,0,0
0.96,0,0,0,0,0,0
0.98,0,0,0,0,0,0
1,0,0,0,0,0,0
1.02,0,0,0,0,0,0
1.04,0,0,0,0,0,0
1.06,0,0,0,0,0,0
1.08,0,0,0,0,0,0
1.1,0,0,0,0,0,0
1.12,0,0,0,0,0,0
1.14,0,0,0,0,0,0
1.16,0,0,0,0,0,0
1.18,0,0,0,0,0,0
1.2,0,0,0,0,0,0
1.22,0,0,0,0,0,0
1.24,0,0,0,0,0,0
1.26,0,0,0,0,0,0
1.28,0,0,0,0,0,0
1.3,0,0,0,0,0,0
1.32,0,0,0,0,0,0
1.34,0,0,0,0,0,0
1.36,0,0,0,0,0,0
1.38,0,0,0,0,0,0
1.4,0,0,0,0,0,0
1.42,0,0,0,0,0,0
1.44,0,0,0,0,0,0
1.46,0,0,0,0,0,0
1.48,0,0,0,0,0,0
1.5,0,0,0,0,0,0
1.52,0,0,0,0,0,0
1.54,0,0,0,0,0,0
1.56,0,0,0,0,0,0
1.58,0,0,0,0,0,0
1.6,0,0,0,0,0,0
1.62,0,0,0,0,0,0
1.64,0,0,0,0,0,0
1.66,0,0,0,0,0,0
1.68,0,0,0,0,0,0
1.7,0,0,0,0,0,0
1.72,0,0,0,0,0,0
1.74,0,0,0,0,0,0
1.76,0,0,0,0,0,0
1.78,0,0,0,0,0,0
1.8,0,0,0,0,0,0
1.82,0,0,0,0,0,0
1.84,0,0,0,0,0,0
1.86,0,0,0,0,0,0
1.88,0,0,0,0,0,0
1.9,0,0,0,0,0,0
1.92,0,0,0,0,0,0
1.94,0,0,0,0,0,0
1.96,0,0,0,0,0,0
1.98,0,0,0,0,0,0
2,0,0,0,0,0,0
2.02,0,0,0,0,0,0
2.04,0,0,0,0,0,0
2.06,0,0,0,0,0,0
2.08,0,0,0,0,0,0
2.1,0,0,0,0,0,0
2.12,0,0,0,0,0,0
2.14,0,0,0,0,0,0
2.16,0,0,0,0,0,0
2.18,0,0,0,0,0,0
2.2,0,0,0,0,0,0
2.22,0,0,0,0,0,0
2.24,0,0,0,0,0,0
2.26,0,0,0,0,0,0
2.28,0,0,0,0,0,0
2.3,0,0,0,0,0,0
2.32,0,0,0,0,0,0
2.34,0,0,0,0,0,0
2.36,0,0,0,0,0,0
2.38,0,0,0,0,0,0
2.4,0,0,0,0,0,0
2.42,0,0,0,0,0,0
2.44,0,0,0,0,0,0
2.46,0,0,0,0,0,0
2.48,0,0,0,0,0,0
2.5,0,0,0,0,0,0
2.52,0,0,0,0,0,0
2.54,0,0,0,0,0,0
2.56,0,0,0,0,0,0
2.58,0,0,0,0,0,0
2.6,0,0,0,0,0,0
2.62,0,0,0,0,0,0
2.64,0,0,0,0,0,0
2.66,0,0,0,0,0,0
2.68,0,0,0,0,0,0
2.7,0,0,0,0,0,0
2.72,0,0,0,0,0,0
2.74,0,0,0,0,0,0
2.76,0,0,0,0,0,0
2.78,0,0,0,0,0,0
2.8,0,0,0,0,0,0
2.82,0,0,0,0,0,0
2.84,0,0,0,0,0,0
2.86,0,0,0,0,0,0
2.88,0,0,0,0,0,0
2.9,0,0,0,0,0,0
2.92,0,0,0,0,0,0
2.94,0,0,0,0,0,0
2.96,0,0,0,0,0,0
2.98,0,0,0,0,0,0
3,0,0,0,0,0,0
3.02,0,0,0,0,0,0
3.04,0,0,0,0,0,0
3.06,0,0,0,0,0,0
3.08,0,0,0,0,0,0
3.1,0,0,0,0,0,0
3.12,0,0,0,0,0,0
3.14,0,0,0,0,0,0
3.16,0,0,0,0,0,0
3.18,0,0,0,0,0,0
3.2,0,0,0,0,0,0
3.22,0,0,0,0,0,0
3.24,0,0,0,0,0,0
3.26,0,0,0,0,0,0
3.28,0,0,0,0,0,0
3.3,0,0,0,0,0,0
3.32,0,0,0,0,0,0
3.34,0,0,0,0,0,0
3.36,0,0,0,0,0,0
3.38,0,0,0,0,0,0
3.4,0,0,0,0,0,0
3.42,0,0,0,0,0,0
3.44,0,0,0,0,0,0
3.46,0,0,0,0,0,0
3.48,0,0,0,0,0,0
3.5,0,0,0,0,0,0
3.52,0,0,0,0,0,0
3.54,0,0,0,0,0,0
3.56,0,0,0,0,0,0
3.58,0,0,0,0,0,0
3.6,0,0,0,0,0,0
3.62,0,0,0,0,0,0
3.64,0,0,0,0,0,0
3.66,0,0,0,0,0,0
3.68,0,0,0,0,0,0
3.7,0,0,0,0,0,0
3.72,0,0,0,0,0,0
3.74,0,0,0,0,0,0
3.76,0,0,0,0,0,0
3.78,0,0,0,0,0,0
3.8,0,0,0,0,0,0
3.82,0,0,0,0,0,0
3.84,0,0,0,0,0,0
3.86,0,0,0,0,0,0
3.88,0,0,0,0,0,0
3.9,0,0,0,0,0,0
3.92,0,0,0,0,0,0
3.94,0,0,0,0,0,0
3.96,0,0,0,0,0,0
3.98,0,0,0,0,0,0
4,0,0,0,0,0,0
4.02,0,0,0,0,0,0
4.04,0,0,0,0,0,0
4.06,0,0,0,0,0,0
4.08,0,0,0,0,0,0
4.1,0,0,0,0,0,0
4.12,0,0,0,0,0,0
4.14,0,0,0,0,0,0
4.16,0,0,0,0,0,0
4.18,0,0,0,0,0,0
4.2,0,0,0,0,0,0
4.22,0,0,0,0,0,0
4.24,0,0,0,0,0,0
4.26,0,0,0,0,0,0
4.28,0,0,0,0,0,0
4.3,0,0,0,0,0,0
4.32,0,0,0,0,0,0
4.34,0,0,0,0,0,0
4.36,0,0,0,0,0,0
4.38,0,0,0,0,0,0
4.4,0,0,0,0,0,0
4.42,0,0,0,0,0,0
4.44,0,0,0,0,0,0
4.46,0,0,0,0,0,0
4.48,0,0,0,0,0,0
4.5,0,0,0,0,0,0
4.52,0,0,0,0,0,0
4.54,0,0,0,0,0,0
4.56,0,0,0,0,0,0
4.58,0,0,0,0,0,0
4.6,0,0,0,0,0,0
4.62,0,0,0,0,0,0
4.64,0,0,0,0,0,0
4.66,0,0,0,0,0,0
4.68,0,0,0,0,0,0
4.7,0,0,0,0,0,0
4.72,0,0,0,0,0,0
4.74,0,0,0,0,0,0
4.76,0,0,0,0,0,0
4.78,0,0,0,0,0,0
4.8,0,0,0,0,0,0
4.82,0,0,0,0,0,0
4.84,0,0,0,0,0,0
4.86,0,0,0,0,0,0
4.88,0,0,0,0,0,0
4.9,0,0,0,0,0,0
4.92,0,0,0,0,0,0
4.94,0,0,0,0,0,0
4.96,0,0,0,0,0,0
4.98,0,0,0,0,0,0
5,0,0,0,0,0,0
5.02,0,0,0,0,0,0
5.04,0,0,0,0,0,0
5.06,0,0,0,0,0,0
5.08,0,0,0,0,0,0
5.1,0,0,0,0,0,0
5.12,0,0,0,0,0,0
5.14,0,0,0,0,0,0
5.16,0,0,0,0,0,0
5.18,0,0,0,0,0,0
5.2,0,0,0,0,0,0
5.22,0,0,0,0,0,0
5.24,0,0,0,0,0,0
5.26,0,0,0,0,0,0
5.28,0,0,0,0,0,0
5.3,0,0,0,0,0,0
5.32,0,0,0,0,0,0
5.34,0,0,0,0,0,0
5.36,0,0,0,0,0,0
5.38,0,0,0,0,0,0
5.4,0,0,0,0,0,0
5.42,0,0,0,0,0,0
5.44,0,0,0,0,0,0
5.46,0,0,0,0,0,0
5.48,0,0,0,0,0,0
5.5,0,0,0,0,0,0
5.52,0,0,0,0,0,0
5.54,0,0,0,0,0,0
5.56,0,0,0,0,0,0
5.58,0,0,0,0,0,0
5.6,0,0,0,0,0,0
5.62,0,0,0,0,0,0
5.64,0,0,0,0,0,0
5.66,0,0,0,0,0,0
5.68,0,0,0,0,0,0
5.7,0,0,0,0,0,0
5.72,0,0,0,0,0,0
5.74,0,0,0,0,0,0
5.76,0,0,0,0,0,0
5.78,0,0,0,0,0,0
5.8,0,0,0,0,0,0
5.82,0,0,0,0,0,0
5.84,0,0,0,0,0,0
5.86,0,0,0,0,0,0
5.88,0,0,0,0,0,0
5.9,0,0,0,0,0,0
5.92,0,0,0,0,0,0
5.94,0,0,0,0,0,0
5.96,0,0,0,0,0,0
5.98,0,0,0,0,0,0
6,0,0,0,0,0,0
6.02,0,0,0,0,0,0
6.04,0,0,0,0,0,0
6.06,0,0,0,0,0,0
6.08,0,0,0,0,0,0
6.1,0,0,0,0,0,0
6.12,0,0,0,0,0,0
6.14,0,0,0,0,0,0
6.16,0,0,0,0,0,0
6.18,0,0,0,0,0,0
6.2,0,0,0,0,0,0
6.22,0,0,0,0,0,0
6.24,0,0,0,0,0,0
6.26,0,0,0,0,0,0
6.28,0,0,0,0,0,0
6.3,0,0,0,0,0,0
6.32,0,0,0,0,0,0
6.34,0,0,0,0,0,0
6.36,0,0,0,0,0,0
6.38,0,0,0,0,0,0
6.4,0,0,0,0,0,0
6.42,0,0,0,0,0,0
6.44,0,0,0,0,0,0
6.46,0,0,0,0,0,0
6.48,0,0,0,0,0,0
6.5,0,0,0,0,0,0
6.52,0,0,0,0,0,0
6.54,0,0,0,0,0,0
6.56,0,0,0,0,0,0
6.58,0,0,0,0,0,0
6.6,0,0,0,0,0,0
6.62,0,0,0,0,0,0
6.64,0,0,0,0,0,0
6.66,0,0,0,0,0,0
6.68,0,0,0,0,0,0
6.7,0,0,0,0,0,0
6.72,0,0,0,0,0,0
6.74,0,0,0,0,0,0
6.76,0,0,0,0,0,0
6.78,0,0,0,0,0,0
6.8,0,0,0,0,0,0
6.82,0,0,0,0,0,0
6.84,0,0,0,0,0,0
6.86,0,0,0,0,0,0
6.88,0,0,0,0,0,0
6.9,0,0,0,0,0,0
6.92,0,0,0,0,0,0
6.94,0,0,0,0,0,0
6.96,0,0,0,0,0,0
6.98,0,0,0,0,0,0
7,0,0,0,0,0,0
7.02,0,0,0,0,0,0
7.04,0,0,0,0,0,0
7.06,0,0,0,0,0,0
7.08,0,0,0,0,0,0
7.1,0,0,0,0,0,0
7.12,0,0,0,0,0,0
7.14,0,0,0,0,0,0
7.16,0,0,0,0,0,0
7.18,0,0,0,0,0,0
7.2,0,0,0,0,0,0
7.22,0,0,0,0,0,0
7.24,0,0,0,0,0,0
7.26,0,0,0,0,0,0
7.28,0,0,0,0,0,0
7.3,0,0,0,0,0,0
7.32,0,0,0,0,0,0
7.34,0,0,0,0,0,0
7.36,0,0,0,0,0,0
7.38,0,0,0,0,0,0
7.4,0,0,0,0,0,0
7.42,0,0,0,0,0,0
7.44,0,0,0,0,0,0
7.46,0,0,0,0,0,0
7.48,0,0,0,0,0,0
7.5,0,0,0,0,0,0
7.52,0,0,0,0,0,0
7.54,0,0,0,0,0,0
7.56,0,0,0,0,0,0
7.58,0,0,0,0,0,0
7.6,0,0,0,0,0,0
7.62,0,0,0,0,0,0
7.64,0,0,0,0,0,0
7.66,0,0,0,0,0,0
7.68,0,0,0,0,0,0
7.7,0,0,0,0,0,0
7.72,0,0,0,0,0,0
7.74,0,0,0,0,0,0
7.76,0,0,0,0,0,0
7.78,0,0,0,0,0,0
7.8,0,0,0,0,0,0
7.82,0,0,0,0,0,0
7.84,0,0,0,0,0,0
7.86,0,0,0,0,0,0
7.88,0,0,0,0,0,0
7.9,0,0,0,0,0,0
7.92,0,0,0,0,0,0
7.94,0,0,0,0,0,0
7.96,0,0,0,0,0,0
7.98,0,0,0,0,0,0
8,0,0,0,0,0,0
8.02,0,0,0,0,0,0
8.04,0,0,0,0,0,0
8.059999,0,0,0,0,0,0
8.08,0,0,0,0,0,0
8.099999,0,0,0,0,0,0
8.12,0,0,0,0,0,0
8.139999,0,0,0,0,0,0
8.16,0,0,0,0,0,0
8.179999,0,0,0,0,0,0
8.2,0,0,0,0,0,0
8.22,0,0,0,0,0,0
8.24,0,0,0,0,0,0
8.26,0,0,0,0,0,0
8.28,0,0,0,0,0,0
8.3,0,0,0,0,0,0
8.32,0,0,0,0,0,0
8.34,0,0,0,0,0,0
8.36,0,0,0,0,0,0
8.38,0,0,0,0,0,0
8.4,0,0,0,0,0,0
8.42,0,0,0,0,0,0
8.44,0,0,0,0,0,0
8.46,0,0,0,0,0,0
8.48,0,0,0,0,0,0
8.5,0,0,0,0,0,0
8.52,0,0,0,0,0,0
8.54,0,0,0,0,0,0
8.559999,0,0,0,0,0.3064692,0
8.58,0,0,0,0,0.6154811,0
8.599999,0,0,0,0,0.924493,0
8.62,0,0,0,0,1.230962,0
8.639999,0,0,0,0,1.539974,0
8.66,0,0,0,0,1.848986,0
8.679999,0,0,0,0,2.155455,0
8.7,0,0,0,0,2.773479,0
8.72,0,0,0,0,3.079949,0
8.74,0,0,0,0,3.388961,0
8.76,0,0,0,0,3.69543,0
8.78,0,0,0,0,4.313454,0
8.8,0,0,0,0,4.619923,0
8.82,0,0,0,0,4.928936,0
8.84,0,0,0,0,5.235405,0
8.86,0,0,0,0,6.159877,0
8.88,0,0,0,0,6.777901,0
8.9,0,0,0,0,7.086912,0
8.92,0,0,0,0,7.393381,0
8.94,0,0,0,0,8.011383,0
8.96,0,0,0,0,8.933333,0
8.98,0,0,0,0,9.242347,0
9,0,0,0,0,10.16684,0
9.02,0,0,0,0,11.09261,0
9.04,0,0,0,0,12.01456,0
9.059999,0,0,0,0,12.32357,0
9.08,0,0,0,0,12.93905,0
9.099999,0,0,0,0,13.86439,0
9.12,0,0,0,0,14.78889,0
9.139999,0,0,0,0,15.40437,0
9.16,0,0,0,0,15.71084,0
9.179999,0,0,0,0,16.32887,0
9.2,0,0,0,0,16.94434,0
9.22,0,0,0,0,17.25335,0
9.24,0,0,0,0,17.25335,0
9.26,0,0,0,0,17.25335,0
9.28,0,0,0,0,17.25335,0
9.3,0,0,0,0,17.25335,0
9.32,0,0,0,0,17.25335,0
9.34,0,0,0,0,17.25335,0
9.36,0,0,0,0,17.25335,0
9.38,0,0,0,0,17.25335,0
9.4,0,0,0,0,17.25335,0
9.42,0,0,0,0,17.25335,0
9.44,0,0,0,0,17.25335,0
9.46,0,0,0,0,17.25335,0
9.48,0,0,0,0,17.25335,0
9.5,0,0,0,0,17.25335,0
9.52,0,0,0,0,17.25335,0
9.54,0,0,0,0,17.25335,0
9.559999,0,0,0,0,17.25335,0
9.58,0,0,0,0,17.25335,0
9.599999,0,0,0,0,17.25335,0
9.62,0,0,0,0,17.25335,0
9.639999,0,0,0,0,17.25335,0
9.66,0,0,0,0,17.25335,0
9.679999,0,0,0,0,17.25335,0
9.7,0,0,0,0,17.25335,0
9.719999,0,0,0,0,17.25335,0
9.74,0,0,0,0,17.25335,0
9.76,0,0,0,0,17.25335,0
9.78,0,0,0,0,17.25335,0
9.8,0,0,0,0,17.25335,0
9.82,0,0,0,0,17.25335,0
9.84,0,0,0,0,17.25335,0
9.86,0,0,0,0,17.25335,0
9.88,0,0,0,0,17.25335,0
9.9,0,0,0,0,17.25335,0
9.92,0,0,0,0,17.25335,0
9.94,0,0,0,0,17.25335,0
9.96,0,0,0,0,17.25335,0
9.98,0,0,0,0,17.25335,0
10,0,0,0,0,17.25335,0
10.02,0,0,0,0,17.25335,0
10.04,0,0,0,0,17.25335,0
10.06,0,0,0,0,17.25335,0
10.08,0,0,0,0,17.25335,0
10.1,0,0,0,0,17.25335,0
10.12,0,0,0,0,17.25335,0
10.14,0,0,0,0,17.25335,0
10.16,0,0,0,0,17.25335,0
10.18,0,0,0,0,17.25335,0
10.2,0,0,0,0,17.25335,0
10.22,0,0,0,0,17.25335,0
10.24,0,0,0,0,17.25335,0
10.26,0,0,0,0,17.25335,0
10.28,0,0,0,0,17.25335,0
10.3,0,0,0,-0.3380432,17.25335,2.668089E-08
10.32,0,0,0,-2.32132,17.25336,8.010701E-08
10.34,0,0,0,-4.548615,17.25335,2.141178E-07
10.36,0,0,0,-5.753479,17.25336,2.681551E-07
10.38,0,0,0,-6.0961,17.25335,4.293145E-07
10.4,0,0,0,-6.18457,17.25335,2.146929E-07
10.42,0,0,0,-6.18457,17.25335,2.146929E-07
10.44,0,0,0,-6.527222,17.25335,3.22254E-07
10.46,0,0,0,-7.210205,17.25335,1.075723E-07
10.48,0,0,0,-7.643616,17.25335,0
10.5,0,0,0,-8.322021,17.25336,2.157148E-07
10.52,0,0,0,-9.099365,17.25335,2.161637E-07
10.54,0,0,0,-9.78006,17.25335,5.414777E-07
10.56,0,0,0,-10.21503,17.25335,5.422029E-07
10.58,0,0,0,-10.89343,17.25336,3.260402E-07
10.6,0,0,0,-11.23148,17.25335,6.528331E-07
10.62,0,0,0,-11.91446,17.25335,4.362857E-07
10.64,0,0,0,-12.2525,17.25335,4.368372E-07
10.66,0,0,0,-12.59283,17.25335,6.561137E-07
10.68,0,0,0,-12.93549,17.25335,8.760043E-07
10.7,0,0,0,-13.27585,17.25335,6.579124E-07
10.72,0,0,0,-13.61618,17.25335,6.588475E-07
10.74,0,0,0,-13.61618,17.25335,6.588475E-07
10.76,0,0,0,-13.95654,17.25335,0
10.78,0,0,0,-14.63724,17.25336,2.206031E-07
10.8,0,0,0,-14.9776,17.25335,1.104749E-06
10.82,0,0,0,-14.9776,17.25335,1.104749E-06
10.84,0,0,0,-14.9776,17.25335,1.104749E-06
10.86,0,0,0,-14.9776,17.25335,1.104749E-06
10.88,0,0,0,-14.9776,17.25335,1.104749E-06
10.9,0,0,0,-14.9776,17.25335,1.104749E-06
10.92,0,0,0,-14.9776,17.25335,1.104749E-06
10.94,0,0,0,-14.9776,17.25335,1.104749E-06
10.96,0,0,0,-14.9776,17.25335,1.104749E-06
10.98,0,0,0,-14.9776,17.25335,1.104749E-06
11,0,0,0,-14.9776,17.25335,1.104749E-06
11.02,0,0,0,-14.9776,17.25335,1.104749E-06
11.04,0,0,0,-14.9776,17.25335,1.104749E-06
11.06,0,0,0,-14.9776,17.25335,1.104749E-06
11.08,0,0,0,-14.9776,17.25335,1.104749E-06
11.1,0,0,0,-14.9776,17.25335,1.104749E-06
11.12,0,0,0,-14.9776,17.25335,1.104749E-06
11.14,0,0,0,-14.9776,17.25335,1.104749E-06
11.16,0,0,0,-14.9776,17.25335,1.104749E-06
11.18,0,0,0,-14.9776,17.25335,1.104749E-06
11.2,0,0,0,-14.9776,17.25335,1.104749E-06
11.22,0,0,0,-14.9776,17.25335,1.104749E-06
11.24,0,0,0,-14.9776,17.25335,1.104749E-06
11.26,0,0,0,-14.9776,17.25335,1.104749E-06
11.28,0,0,0,-14.9776,17.25335,1.104749E-06
11.3,0,0,0,-14.9776,17.25335,1.104749E-06
11.32,0,0,0,-14.9776,17.25335,1.104749E-06
11.34,0,0,0,-14.9776,17.25335,1.104749E-06
11.36,0,0,0,-14.9776,17.25335,1.104749E-06
11.38,0,0,0,-14.9776,17.25335,1.104749E-06
11.4,0,0,0,-14.9776,17.25335,1.104749E-06
11.42,0,0,0,-14.9776,17.25335,1.104749E-06
11.44,0,0,0,-14.9776,17.25335,1.104749E-06
11.46,0,0,0,-14.9776,17.25335,1.104749E-06
11.48,0,0,0,-14.9776,17.25335,1.104749E-06
11.5,0,0,0,-14.9776,17.25335,1.104749E-06
11.52,0,0,0,-14.9776,17.25335,1.104749E-06
11.54,0,0,0,-14.9776,17.25335,1.104749E-06
11.56,0,0,0,-14.9776,17.25335,1.104749E-06
11.58,0,0,0,-14.9776,17.25335,1.104749E-06
11.6,0,0,0,-14.9776,17.25335,1.104749E-06
11.62,0,0,0,-14.9776,17.25335,1.104749E-06
11.64,0,0,0,-14.9776,17.25335,1.104749E-06
11.66,0,0,0,-14.9776,17.25335,1.104749E-06
11.68,0,0,0,-14.9776,17.25335,1.104749E-06
11.7,0,0,0,-14.9776,17.25335,1.104749E-06
11.72,0,0,0,-14.9776,17.25335,1.104749E-06
11.74,0,0,0,-14.9776,17.25335,1.104749E-06
11.76,0,0,0,-14.9776,17.25335,1.104749E-06
11.78,0,0,0,-14.9776,17.25335,1.104749E-06
11.8,0,0,0,-14.9776,17.25335,1.104749E-06
11.82,0,0,0,-14.9776,17.25335,1.104749E-06
11.84,0,0,0,-14.9776,17.25335,1.104749E-06
11.86,0,0,0,-14.9776,17.25335,1.104749E-06
11.88,0,0,0,-14.9776,17.25335,1.104749E-06
11.9,0,0,0,-14.9776,17.25335,1.104749E-06
11.92,0,0,0,-14.9776,17.25335,1.104749E-06
11.94,0,0,0,-14.9776,17.25335,1.104749E-06
11.96,0,0,0,-14.9776,17.25335,1.104749E-06
11.98,0,0,0,-14.9776,17.25335,1.104749E-06
12,0,0,0,-14.97739,17.5706,-0.08200073
12.02,0,0,0,-14.97562,18.20509,-0.2459717
12.04,0,0,0,-14.97165,18.90697,-0.4273071
12.06,0,0,0,-14.97122,18.96488,-0.4422607
12.08,0,0,0,-14.96857,19.28994,-0.5262451
12.1,0,0,0,-14.96552,19.60715,-0.6081543
12.12,0,0,0,-14.96204,19.92436,-0.6900635
12.14,0,0,0,-14.9581,20.24419,-0.7726135
12.16,0,0,0,-14.94794,20.94329,-0.9530029
12.18,0,0,0,-14.94257,21.26307,-1.035492
12.2,0,0,0,-14.93683,21.58021,-1.117249
12.22,0,0,0,-14.93683,21.58021,-1.117249
12.24,0,0,0,-14.93066,21.89467,-1.198273
12.26,0,0,0,-14.92258,22.28006,-1.297546
12.28,0,0,0,-14.92258,22.28006,-1.297546
12.3,0,0,0,-14.92258,22.28006,-1.297546
12.32,0,0,0,-14.90781,22.91418,-1.460785
12.34,0,0,0,-14.89972,23.23384,-1.542999
12.36,0,0,0,-14.8894,23.61775,-1.641663
12.38,0,0,0,-14.8894,23.61775,-1.641663
12.4,0,0,0,-14.8804,23.93473,-1.723083
12.42,0,0,0,-14.87097,24.25167,-1.804443
12.44,0,0,0,-14.86108,24.56859,-1.885773
12.46,0,0,0,-14.83997,25.20496,-2.048859
12.48,0,0,0,-14.81479,25.90279,-2.227448
12.5,0,0,0,-14.78998,26.53888,-2.389954
12.52,0,0,0,-14.77701,26.85555,-2.470764
12.54,0,0,0,-14.7468,27.55401,-2.648743
12.56,0,0,0,-14.7468,27.55401,-2.648743
12.58,0,0,0,-14.71762,28.18705,-2.809723
12.6,0,0,0,-14.71762,28.18705,-2.809723
12.62,0,0,0,-14.70236,28.50351,-2.890076
12.64,0,0,0,-14.68369,28.88031,-2.985657
12.66,0,0,0,-14.68369,28.88031,-2.985657
12.68,0,0,0,-14.65033,29.52345,-3.148499
12.7,0,0,0,-14.63342,29.83706,-3.227783
12.72,0,0,0,-14.59793,30.47206,-3.388
12.74,0,0,0,-14.57959,30.78818,-3.467621
12.76,0,0,0,-14.53766,31.48572,-3.642975
12.78,0,0,0,-14.51779,31.80429,-3.7229
12.8,0,0,0,-14.47733,32.43335,-3.880371
12.82,0,0,0,-14.45621,32.75174,-3.9599
12.84,0,0,0,-14.43481,33.06744,-4.038666
12.86,0,0,0,-14.41302,33.38308,-4.117279
12.88,0,0,0,-14.3858,33.76921,-4.213318
12.9,0,0,0,-14.36325,34.08207,-4.290985
12.92,0,0,0,-14.34012,34.39751,-4.369171
12.94,0,0,0,-14.34012,34.39751,-4.369171
12.96,0,0,0,-14.34012,34.39751,-4.369171
12.98,0,0,0,-14.31656,34.71289,-4.447205
13,0,0,0,-14.2926,35.02819,-4.525116
13.02,0,0,0,-14.2627,35.41391,-4.620239
13.04,0,0,0,-14.23822,35.72377,-4.696533
13.06,0,0,0,-14.23822,35.72377,-4.696533
13.08,0,0,0,-14.23822,35.72377,-4.696533
13.1,0,0,0,-14.23822,35.72377,-4.696533
13.12,0,0,0,-14.23822,35.72377,-4.696533
13.14,0,0,0,-14.23822,35.72377,-4.696533
13.16,0,0,0,-14.23822,35.72377,-4.696533
13.18,0,0,0,-14.23822,35.72377,-4.696533
13.2,0,0,0,-14.23822,35.72377,-4.696533
13.22,0,0,0,-14.23822,35.72377,-4.696533
13.24,0,0,0,-14.23822,35.72377,-4.696533
13.26,0,0,0,-14.23822,35.72377,-4.696533
13.28,0,0,0,-14.23822,35.72377,-4.696533
13.3,0,0,0,-14.23822,35.72377,-4.696533
13.32,0,0,0,-14.23822,35.72377,-4.696533
13.34,0,0,0,-14.23822,35.72377,-4.696533
13.36,0,0,0,-14.23822,35.72377,-4.696533
13.38,0,0,0,-14.23822,35.72377,-4.696533
13.4,0,0,0,-14.23822,35.72377,-4.696533
13.42,0,0,0,-14.23822,35.72377,-4.696533
13.44,0,0,0,-14.23822,35.72377,-4.696533
13.46,0,0,0,-14.23822,35.72377,-4.696533
13.48,0,0,0,-14.23822,35.72377,-4.696533
13.5,0,0,0,-14.23822,35.72377,-4.696533
13.52,0,0,0,-14.23822,35.72377,-4.696533
13.54,0,0,0,-14.23822,35.72377,-4.696533
13.56,0,0,0,-14.23822,35.72377,-4.696533
13.58,0,0,0,-14.23822,35.72377,-4.696533
13.6,0,0,0,-14.23822,35.72377,-4.696533
13.62,0,0,0,-14.23822,35.72377,-4.696533
13.64,0,0,0,-14.23822,35.72377,-4.696533
13.66,0,0,0,-14.23822,35.72377,-4.696533
13.68,0,0,0,-14.23822,35.72377,-4.696533
13.7,0,0,0,-14.23822,35.72377,-4.696533
13.72,0,0,0,-14.23822,35.72377,-4.696533
13.74,0,0,0,-14.23822,35.72377,-4.696533
13.76,0,0,0,-14.23822,35.72377,-4.696533
13.78,0,0,0,-14.23822,35.72377,-4.696533
13.8,0,0,0,-14.23822,35.72377,-4.696533
13.82,0,0,0,-14.23822,35.72377,-4.696533
13.84,0,0,0,-14.23822,35.72377,-4.696533
13.86,0,0,0,-14.23822,35.72377,-4.696533
13.88,0,0,0,-14.23822,35.72377,-4.696533
13.9,0,0,0,-14.23822,35.72377,-4.696533
13.92,0,0,0,-14.23822,35.72377,-4.696533
13.94,0,0,0,-14.23822,35.72377,-4.696533
13.96,0,0,0,-14.23822,35.72377,-4.696533
13.98,0,0,0,-14.23822,35.72377,-4.696533
14,0,0,0,-14.23822,35.72377,-4.696533
14.02,0,0,0,-14.23822,35.72377,-4.696533
14.04,0,0,0,-14.23822,35.72377,-4.696533
14.06,0,0,0,-14.23822,35.72377,-4.696533
14.08,0,0,0,-14.23822,35.72377,-4.696533
14.1,0,0,0,-14.23822,35.72377,-4.696533
14.12,0,0,0,-14.23822,35.72377,-4.696533
14.14,0,0,0,-14.23822,35.72377,-4.696533
14.16,0,0,0,-14.23822,35.72377,-4.696533
14.18,0,0,0,-14.23822,35.72377,-4.696533
14.2,0,0,0,-14.23822,35.72377,-4.696533
14.22,0,0,0,-14.23822,35.72377,-4.696533
14.24,0,0,0,-14.23822,35.72377,-4.696533
14.26,0,0,0,-14.23822,35.72377,-4.696533
14.28,0,0,0,-14.23822,35.72377,-4.696533
14.3,0,0,0,-14.23822,35.72377,-4.696533
14.32,0,0,0,-14.23822,35.72377,-4.696533
14.34,0,0,0,-14.23822,35.72377,-4.696533
14.36,0,0,0,-14.23822,35.72377,-4.696533
14.38,0,0,0,-14.23822,35.72377,-4.696533
14.4,0,0,0,-14.23822,35.72377,-4.696533
14.42,0,0,0,-14.23822,35.72377,-4.696533
14.44,0,0,0,-14.23822,35.72377,-4.696533
14.46,0,0,0,-14.23822,35.72377,-4.696533
14.48,0,0,0,-14.23822,35.72377,-4.696533
14.5,0,0,0,-14.23822,35.72377,-4.696533
14.52,0,0,0,-14.23822,35.72377,-4.696533
14.54,0,0,0,-14.23822,35.72377,-4.696533
14.56,0,0,0,-14.23822,35.72377,-4.696533
14.58,0,0,0,-14.23822,35.72377,-4.696533
14.6,0,0,0,-14.23822,35.72377,-4.696533
14.62,0,0,0,-14.23822,35.72377,-4.696533
14.64,0,0,0,-14.23822,35.72377,-4.696533
14.66,0,0,0,-14.23822,35.72377,-4.696533
14.68,0,0,0,-14.23822,35.72377,-4.696533
14.7,0,0,0,-14.23822,35.72377,-4.696533
14.72,0,0,0,-14.23822,35.72377,-4.696533
14.74,0,0,0,-14.23822,35.72377,-4.696533
14.76,0,0,0,-14.23822,35.72377,-4.696533
14.78,0,0,0,-14.23822,35.72377,-4.696533
14.8,0,0,0,-14.23822,35.72377,-4.696533
14.82,0,0,0,-14.23822,35.72377,-4.696533
14.84,0,0,0,-14.23822,35.72377,-4.696533
14.86,0,0,0,-14.23822,35.72377,-4.696533
14.88,0,0,0,-14.23822,35.72377,-4.696533
14.9,0,0,0,-14.23822,35.72377,-4.696533
14.92,0,0,0,-14.23822,35.72377,-4.696533
14.94,0,0,0,-14.23822,35.72377,-4.696533
14.96,0,0,0,-14.23822,35.72377,-4.696533
14.98,0,0,0,-14.23822,35.72377,-4.696533
15,0,0,0,-14.23822,35.72377,-4.696533
15.02,0,0,0,-14.23822,35.72377,-4.696533
15.04,0,0,0,-14.23822,35.72377,-4.696533
15.06,0,0,0,-14.23822,35.72377,-4.696533
15.08,0,0,0,-14.23822,35.72377,-4.696533
15.1,0,0,0,-14.23822,35.72377,-4.696533
15.12,0,0,0,-14.23822,35.72377,-4.696533
15.14,0,0,0,-14.23822,35.72377,-4.696533
15.16,0,0,0,-14.23822,35.72377,-4.696533
15.18,0,0,0,-14.23822,35.72377,-4.696533
15.2,0,0,0,-14.23822,35.72377,-4.696533
15.22,0,0,0,-14.23822,35.72377,-4.696533
15.24,0,0,0,-14.15005,35.7163,-4.694702
15.26,0,0,0,-14.06189,35.70884,-4.692871
15.28,0,0,0,-14.3988,35.73739,-4.69989
15.3,0,0,0,-15.06094,35.79377,-4.714233
15.32,0,0,0,-15.7301,35.85109,-4.729431
15.34,0,0,0,-16.06,35.87949,-4.737213
15.36,0,0,0,-16.72678,35.93719,-4.75351
15.38,0,0,0,-16.80563,35.94404,-4.755493
15.4,0,0,0,-16.80563,35.94404,-4.755493
15.42,0,0,0,-16.80563,35.94404,-4.755493
15.44,0,0,0,-17.47937,36.0028,-4.772797
15.46,0,0,0,-17.47937,36.0028,-4.772797
15.48,0,0,0,-17.47937,36.0028,-4.772797
15.5,0,0,0,-17.47937,36.0028,-4.772797
15.52,0,0,0,-17.47937,36.0028,-4.772797
15.54,0,0,0,-17.47937,36.0028,-4.772797
15.56,0,0,0,-17.47937,36.0028,-4.772797
15.58,0,0,0,-17.47937,36.0028,-4.772797
15.6,0,0,0,-17.47937,36.0028,-4.772797
15.62,0,0,0,-17.47937,36.0028,-4.772797
15.64,0,0,0,-17.47937,36.0028,-4.772797
15.66,0,0,0,-17.47937,36.0028,-4.772797
15.68,0,0,0,-17.47937,36.0028,-4.772797
15.7,0,0,0,-17.47937,36.0028,-4.772797
15.72,0,0,0,-17.47937,36.0028,-4.772797
15.74,0,0,0,-17.47937,36.0028,-4.772797
15.76,0,0,0,-17.47937,36.0028,-4.772797
15.78,0,0,0,-17.47937,36.0028,-4.772797
15.8,0,0,0,-17.47937,36.0028,-4.772797
15.82,0,0,0,-17.47937,36.0028,-4.772797
15.84,0,0,0,-17.47937,36.0028,-4.772797
15.86,0,0,0,-17.47937,36.0028,-4.772797
15.88,0,0,0,-17.47937,36.0028,-4.772797
15.9,0,0,0,-17.47937,36.0028,-4.772797
15.92,0,0,0,-17.47937,36.0028,-4.772797
15.94,0,0,0,-17.47937,36.0028,-4.772797
15.96,0,0,0,-17.47937,36.0028,-4.772797
15.98,0,0,0,-17.47937,36.0028,-4.772797
16,0,0,0,-17.47937,36.0028,-4.772797
16.02,0,0,0,-17.47937,36.0028,-4.772797
16.04,0,0,0,-17.47937,36.0028,-4.772797
16.06,0,0,0,-17.47937,36.0028,-4.772797
16.08,0,0,0,-17.47937,36.0028,-4.772797
16.1,0,0,0,-17.47937,36.0028,-4.772797
16.12,0,0,0,-17.47937,36.0028,-4.772797
16.14,0,0,0,-17.47937,36.0028,-4.772797
16.16,0,0,0,-17.47937,36.0028,-4.772797
16.18,0,0,0,-17.47937,36.0028,-4.772797
16.2,0,0,0,-17.47937,36.0028,-4.772797
16.22,0,0,0,-17.47937,36.0028,-4.772797
16.24,0,0,0,-17.47937,36.0028,-4.772797
16.26,0,0,0,-17.47937,36.0028,-4.772797
16.28,0,0,0,-17.47937,36.0028,-4.772797
16.3,0,0,0,-17.47937,36.0028,-4.772797
16.32,0,0,0,-17.47937,36.0028,-4.772797
16.34,0,0,0,-17.47937,36.0028,-4.772797
16.36,0,0,0,-17.47937,36.0028,-4.772797
16.38,0,0,0,-17.47937,36.0028,-4.772797
16.4,0,0,0,-17.47937,36.0028,-4.772797
16.42,0,0,0,-17.53036,35.34904,-4.576172
16.44,0,0,0,-17.53036,35.34904,-4.576172
16.46,0,0,0,-17.60327,34.3612,-4.278015
16.48,0,0,0,-17.60327,34.3612,-4.278015
16.5,0,0,0,-17.64905,33.70396,-4.078979
16.52,0,0,0,-17.65186,33.66254,-4.066437
16.54,0,0,0,-17.69614,32.99205,-3.862854
16.56,0,0,0,-17.71683,32.66575,-3.763641
16.58,0,0,0,-17.72049,32.60714,-3.745789
16.6,0,0,0,-17.74042,32.28339,-3.647186
16.62,0,0,0,-17.76028,31.95171,-3.546082
16.64,0,0,0,-17.7793,31.62518,-3.446411
16.66,0,0,0,-17.7793,31.62518,-3.446411
16.68,0,0,0,-17.79788,31.29595,-3.345825
16.7,0,0,0,-17.79788,31.29595,-3.345825
16.72,0,0,0,-17.81607,30.96406,-3.244324
16.74,0,0,0,-17.81607,30.96406,-3.244324
16.76,0,0,0,-17.81607,30.96406,-3.244324
16.78,0,0,0,-17.81607,30.96406,-3.244324
16.8,0,0,0,-17.81607,30.96406,-3.244324
16.82,0,0,0,-17.81607,30.96406,-3.244324
16.84,0,0,0,-17.81607,30.96406,-3.244324
16.86,0,0,0,-17.81607,30.96406,-3.244324
16.88,0,0,0,-17.81607,30.96406,-3.244324
16.9,0,0,0,-17.81607,30.96406,-3.244324
16.92,0,0,0,-17.81607,30.96406,-3.244324
16.94,0,0,0,-17.81607,30.96406,-3.244324
16.96,0,0,0,-17.81607,30.96406,-3.244324
16.98,0,0,0,-17.81607,30.96406,-3.244324
17,0,0,0,-17.81607,30.96406,-3.244324
17.02,0,0,0,-17.81607,30.96406,-3.244324
17.04,0,0,0,-17.81607,30.96406,-3.244324
17.06,0,0,0,-17.81607,30.96406,-3.244324
17.08,0,0,0,-17.81607,30.96406,-3.244324
17.1,0,0,0,-17.81607,30.96406,-3.244324
17.12,0,0,0,-17.81607,30.96406,-3.244324
17.14,0,0,0,-17.81607,30.96406,-3.244324
17.16,0,0,0,-17.81607,30.96406,-3.244324
17.18,0,0,0,-17.81607,30.96406,-3.244324
17.2,0,0,0,-17.81607,30.96406,-3.244324
17.22,0,0,0,-17.81607,30.96406,-3.244324
17.24,0,0,0,-17.81607,30.96406,-3.244324
17.26,0,0,0,-17.81607,30.96406,-3.244324
17.28,0,0,0,-17.81607,30.96406,-3.244324
17.3,0,0,0,-17.81607,30.96406,-3.244324
17.32,0,0,0,-17.81607,30.96406,-3.244324
17.34,0,0,0,-17.81607,30.96406,-3.244324
17.36,0,0,0,-17.81607,30.96406,-3.244324
17.38,0,0,0,-17.81607,30.96406,-3.244324
17.4,0,0,0,-17.81607,30.96406,-3.244324
17.42,0,0,0,-17.81607,30.96406,-3.244324
17.44,0,0,0,-17.81607,30.96406,-3.244324
17.46,0,0,0,-17.81607,30.96406,-3.244324
17.48,0,0,0,-17.81607,30.96406,-3.244324
17.5,0,0,0,-17.81607,30.96406,-3.244324
17.52,0,0,0,-17.81607,30.96406,-3.244324
17.54,0,0,0,-17.81607,30.96406,-3.244324
17.56,0,0,0,-17.81607,30.96406,-3.244324
17.58,0,0,0,-17.81607,30.96406,-3.244324
17.6,0,0,0,-17.81607,30.96406,-3.244324
17.62,0,0,0,-17.81607,30.96406,-3.244324
17.64,0,0,0,-17.81607,30.96406,-3.244324
17.66,0,0,0,-17.81607,30.96406,-3.244324
17.68,0,0,0,-17.81607,30.96406,-3.244324
17.7,0,0,0,-17.81607,30.96406,-3.244324
17.72,0,0,0,-17.81607,30.96406,-3.244324
17.74,0,0,0,-17.81607,30.96406,-3.244324
17.76,0,0,0,-17.81607,30.96406,-3.244324
17.78,0,0,0,-17.81607,30.96406,-3.244324
17.8,0,0,0,-17.81607,30.96406,-3.244324
17.82,0,0,0,-17.81607,30.96406,-3.244324
17.84,0,0,0,-17.81607,30.96406,-3.244324
17.86,0,0,0,-17.81607,30.96406,-3.244324
17.88,0,0,0,-17.81607,30.96406,-3.244324
17.9,0,0,0,-17.81607,30.96406,-3.244324
17.92,0,0,0,-17.81607,30.96406,-3.244324
17.94,0,0,0,-17.81607,30.96406,-3.244324
17.96,0,0,0,-17.81607,30.96406,-3.244324
17.98,0,0,0,-17.81607,30.96406,-3.244324
18,0,0,0,-17.81607,30.96406,-3.244324
18.02,0,0,0,-17.81607,30.96406,-3.244324
18.04,0,0,0,-17.81607,30.96406,-3.244324
18.06,0,0,0,-17.81607,30.96406,-3.244324
18.08,0,0,0,-17.81607,30.96406,-3.244324
18.1,0,0,0,-17.81607,30.96406,-3.244324
18.12,0,0,0,-17.81607,30.96406,-3.244324
18.14,0,0,0,-17.81607,30.96406,-3.244324
18.16,0,0,0,-17.81607,30.96406,-3.244324
18.18,0,0,0,-17.81607,30.96406,-3.244324
18.2,0,0,0,-17.81607,30.96406,-3.244324
18.22,0,0,0,-17.81607,30.96406,-3.244324
18.24,0,0,0,-17.81607,30.96406,-3.244324
18.26,0,0,0,-17.81607,30.96406,-3.244324
18.28,0,0,0,-17.81607,30.96406,-3.244324
18.3,0,0,0,-17.81607,30.96406,-3.244324
18.32,0,0,0,-17.81607,30.96406,-3.244324
18.34,0,0,0,-17.81607,30.96406,-3.244324
18.36,0,0,0,-17.81607,30.96406,-3.244324
18.38,0,0,0,-17.81607,30.96406,-3.244324
18.4,0,0,0,-17.81607,30.96406,-3.244324
18.42,0,0,0,-17.81607,30.96406,-3.244324
18.44,0,0,0,-17.81607,30.96406,-3.244324
18.46,0,0,0,-17.81607,30.96406,-3.244324
18.48,0,0,0,-17.81607,30.96406,-3.244324
18.5,0,0,0,-17.81607,30.96406,-3.244324
18.52,0,0,0,-17.81607,30.96406,-3.244324
18.54,0,0,0,-17.81607,30.96406,-3.244324
18.56,0,0,0,-17.81607,30.96406,-3.244324
18.58,0,0,0,-17.81607,30.96406,-3.244324
18.6,0,0,0,-17.81607,30.96406,-3.244324
18.62,0,0,0,-17.81607,30.96406,-3.244324
18.64,0,0,0,-17.81607,30.96406,-3.244324
18.66,0,0,0,-17.81607,30.96406,-3.244324
18.68,0,0,0,-17.81607,30.96406,-3.244324
18.7,0,0,0,-17.81607,30.96406,-3.244324
18.72,0,0,0,-17.81607,30.96406,-3.244324
18.74,0,0,0,-17.81607,30.96406,-3.244324
18.76,0,0,0,-17.81607,30.96406,-3.244324
18.78,0,0,0,-17.81607,30.96406,-3.244324
18.8,0,0,0,-17.81607,30.96406,-3.244324
18.82,0,0,0,-17.81607,30.96406,-3.244324
18.84,0,0,0,-17.81607,30.96406,-3.244324
18.86,0,0,0,-17.81607,30.96406,-3.244324
18.88,0,0,0,-17.81607,30.96406,-3.244324
18.9,0,0,0,-17.81607,30.96406,-3.244324
18.92,0,0,0,-17.81607,30.96406,-3.244324
18.94,0,0,0,-17.81607,30.96406,-3.244324
18.96,0,0,0,-17.81607,30.96406,-3.244324
18.98,0,0,0,-17.81607,30.96406,-3.244324
19,0,0,0,-17.81607,30.96406,-3.244324
19.02,0,0,0,-17.81607,30.96406,-3.244324
19.04,0,0,0,-17.81607,30.96406,-3.244324
19.06,0,0,0,-17.81607,30.96406,-3.244324
19.08,0,0,0,-17.81607,30.96406,-3.244324
19.1,0,0,0,-17.81607,30.96406,-3.244324
19.12,0,0,0,-17.81607,30.96406,-3.244324
19.14,0,0,0,-17.81607,30.96406,-3.244324
19.16,0,0,0,-17.81607,30.96406,-3.244324
19.18,0,0,0,-17.81607,30.96406,-3.244324
19.2,0,0,0,-17.81607,30.96406,-3.244324
19.22,0,0,0,-17.81607,30.96406,-3.244324
19.24,0,0,0,-17.81607,30.96406,-3.244324
19.26,0,0,0,-17.81607,30.96406,-3.244324
19.28,0,0,0,-17.81607,30.96406,-3.244324
19.3,0,0,0,-17.81607,30.96406,-3.244324
19.32,0,0,0,-17.81607,30.96406,-3.244324
19.34,0,0,0,-17.81607,30.96406,-3.244324
19.36,0,0,0,-17.81607,30.96406,-3.244324
