time,realtime,posX,posY,posZ,rotX,rotY,rotZ,headPosX,headPosY,headPosZ,LhandPosX,LhandPosY,LhandPosZ,LhandRotX,LhandRotY,LhandRotZ,RhandPosX,RhandPosY,RhandPosZ,RhandRotX,RhandRotY,RhandRotZ
0,6.383422E+13,0,0,0,0,0,0,0,0,0,0,0,0,0,0,0,0,0,0,0,0,0
0.02,6.383422E+13,0,0,0,0,0,0,0,0,0,0,0,0,0,0,0,0,0,0,0,0,0
0.04,6.383422E+13,-0.006930124,0.1759353,0.2275541,313.433,13.78918,350.3752,-0.006930124,0.1759353,0.2275541,0,0,0,0,0,0,0,0,0,0,0,0
0.06,6.383422E+13,-0.006930124,0.1759353,0.2275541,313.433,13.78918,350.3752,-0.006930124,0.1759353,0.2275541,0,0,0,0,0,0,0,0,0,0,0,0
0.08,6.383422E+13,-0.006930124,0.1759353,0.2275541,313.433,13.78918,350.3752,-0.006930124,0.1759353,0.2275541,0,0,0,0,0,0,0,0,0,0,0,0
0.09999999,6.383422E+13,-0.006930124,0.1759353,0.2275541,313.433,13.78918,350.3752,-0.006930124,0.1759353,0.2275541,0,0,0,0,0,0,0,0,0,0,0,0
0.12,6.383422E+13,-0.006930124,0.1759353,0.2275541,313.433,13.78918,350.3752,-0.006930124,0.1759353,0.2275541,0,0,0,0,0,0,0,0,0,0,0,0
0.14,6.383422E+13,-0.006930124,0.1759353,0.2275541,313.433,13.78918,350.3752,-0.006930124,0.1759353,0.2275541,0,0,0,0,0,0,0,0,0,0,0,0
0.16,6.383422E+13,-0.006930124,0.1759353,0.2275541,313.433,13.78918,350.3752,-0.006930124,0.1759353,0.2275541,0,0,0,0,0,0,0,0,0,0,0,0
0.18,6.383422E+13,-0.006930124,0.1759353,0.2275541,313.433,13.78918,350.3752,-0.006930124,0.1759353,0.2275541,0,0,0,0,0,0,0,0,0,0,0,0
0.2,6.383422E+13,-0.006930124,0.1759353,0.2275541,313.433,13.78918,350.3752,-0.006930124,0.1759353,0.2275541,0,0,0,0,0,0,0,0,0,0,0,0
0.22,6.383422E+13,-0.006930124,0.1759353,0.2275541,313.433,13.78918,350.3752,-0.006930124,0.1759353,0.2275541,0,0,0,0,0,0,0,0,0,0,0,0
0.24,6.383422E+13,-0.006930124,0.1759353,0.2275541,313.433,13.78918,350.3752,-0.006930124,0.1759353,0.2275541,0,0,0,0,0,0,0,0,0,0,0,0
0.26,6.383422E+13,-0.006930124,0.1759353,0.2275541,313.433,13.78918,350.3752,-0.006930124,0.1759353,0.2275541,0,0,0,0,0,0,0,0,0,0,0,0
0.28,6.383422E+13,-0.006930124,0.1759353,0.2275541,313.433,13.78918,350.3752,-0.006930124,0.1759353,0.2275541,0,0,0,0,0,0,0,0,0,0,0,0
0.3,6.383422E+13,-0.006930124,0.1759353,0.2275541,313.433,13.78918,350.3752,-0.006930124,0.1759353,0.2275541,0,0,0,0,0,0,0,0,0,0,0,0
0.32,6.383422E+13,-0.006930124,0.1759353,0.2275541,313.433,13.78918,350.3752,-0.006930124,0.1759353,0.2275541,0,0,0,0,0,0,0,0,0,0,0,0
0.34,6.383422E+13,-0.006930124,0.1759353,0.2275541,313.433,13.78918,350.3752,-0.006930124,0.1759353,0.2275541,0,0,0,0,0,0,0,0,0,0,0,0
0.36,6.383422E+13,-0.01505323,0.1772005,0.2317957,313.7711,6.364052,355.4722,-0.01505323,0.1772005,0.2317957,0,0,0,0,0,0,0,0,0,0,0,0
0.38,6.383422E+13,-0.01505323,0.1772005,0.2317957,313.7711,6.364052,355.4722,-0.01505323,0.1772005,0.2317957,0,0,0,0,0,0,0,0,0,0,0,0
0.4,6.383422E+13,-0.01505323,0.1772005,0.2317957,313.7711,6.364052,355.4722,-0.01505323,0.1772005,0.2317957,0,0,0,0,0,0,0,0,0,0,0,0
0.42,6.383422E+13,-0.01505323,0.1772005,0.2317957,313.7711,6.364052,355.4722,-0.01505323,0.1772005,0.2317957,0,0,0,0,0,0,0,0,0,0,0,0
0.44,6.383422E+13,-0.03119344,0.1736436,0.2446852,317.9297,358.46,0.1751479,-0.03119344,0.1736436,0.2446852,0,0,0,0,0,0,0,0,0,0,0,0
0.46,6.383422E+13,-0.0361044,0.1723261,0.248369,319.2729,356.047,1.477573,-0.0361044,0.1723261,0.248369,0,0,0,0,0,0,0,0,0,0,0,0
0.48,6.383422E+13,-0.03869746,0.1714572,0.2503331,320.0866,354.7548,2.142263,-0.03869746,0.1714572,0.2503331,0,0,0,0,0,0,0,0,0,0,0,0
0.5,6.383422E+13,-0.04392648,0.1693929,0.2540902,321.9456,352.2491,3.23364,-0.04392648,0.1693929,0.2540902,0,0,0,0,0,0,0,0,0,0,0,0
0.52,6.383422E+13,-0.04894473,0.1670222,0.2578285,323.9538,349.9684,4.050136,-0.04894473,0.1670222,0.2578285,0,0,0,0,0,0,0,0,0,0,0,0
0.54,6.383422E+13,-0.0513728,0.1658588,0.2595595,324.966,348.9315,4.362638,-0.0513728,0.1658588,0.2595595,0,0,0,0,0,0,0,0,0,0,0,0
0.56,6.383422E+13,-0.05599746,0.1632467,0.2627897,326.9201,347.0188,4.966628,-0.05599746,0.1632467,0.2627897,0,0,0,0,0,0,0,0,0,0,0,0
0.58,6.383422E+13,-0.05813184,0.1619272,0.2643595,327.8417,346.1197,5.312173,-0.05813184,0.1619272,0.2643595,0,0,0,0,0,0,0,0,0,0,0,0
0.6,6.383422E+13,-0.06199183,0.1591205,0.2670108,329.5824,344.5216,5.915344,-0.06199183,0.1591205,0.2670108,0,0,0,0,0,0,0,0,0,0,0,0
0.62,6.383422E+13,-0.0649209,0.15659,0.2692411,331.13,343.2387,6.417519,-0.0649209,0.15659,0.2692411,0,0,0,0,0,0,0,0,0,0,0,0
0.64,6.383422E+13,-0.06600635,0.1554823,0.2701266,331.8437,342.7443,6.636051,-0.06600635,0.1554823,0.2701266,0,0,0,0,0,0,0,0,0,0,0,0
0.66,6.383422E+13,-0.06732536,0.1535678,0.2703612,332.6298,342.167,6.849757,-0.06732536,0.1535678,0.2703612,0,0,0,0,0,0,0,0,0,0,0,0
0.68,6.383422E+13,-0.06844169,0.1535831,0.2714207,332.6835,341.8588,6.727989,-0.06844169,0.1535831,0.2714207,0,0,0,0,0,0,0,0,0,0,0,0
0.7,6.383422E+13,-0.06786142,0.1536333,0.2697936,332.3545,341.0815,6.407283,-0.06786142,0.1536333,0.2697936,0,0,0,0,0,0,0,0,0,0,0,0
0.72,6.383422E+13,-0.06818087,0.1543744,0.2689599,331.6413,341.1642,6.331162,-0.06818087,0.1543744,0.2689599,0,0,0,0,0,0,0,0,0,0,0,0
0.74,6.383422E+13,-0.06832622,0.1538405,0.2692613,331.4366,341.1748,6.161235,-0.06832622,0.1538405,0.2692613,0,0,0,0,0,0,0,0,0,0,0,0
0.76,6.383422E+13,-0.06787055,0.1542987,0.268576,331.2753,341.1779,6.104452,-0.06787055,0.1542987,0.268576,-0.05561175,-0.254255,0.5327982,46.40376,84.16384,192.7976,0.395153,-0.2483319,0.5074596,45.53973,56.50499,160.4067
0.78,6.383422E+13,-0.06780078,0.1546375,0.2679439,331.0937,341.1079,6.027751,-0.06780078,0.1546375,0.2679439,-0.05561175,-0.254255,0.5327982,46.40376,84.16384,192.7976,0.395153,-0.2483319,0.5074596,45.53973,56.50499,160.4067
0.8,6.383422E+13,-0.06698798,0.1554027,0.2675938,330.2543,341.253,5.863717,-0.06698798,0.1554027,0.2675938,-0.05565556,-0.2541414,0.5330086,46.40116,84.18681,192.8294,0.395153,-0.2483319,0.5074596,45.53977,56.50509,160.4068
0.82,6.383422E+13,-0.06598096,0.1556354,0.2670757,329.8491,341.1558,5.679907,-0.06598096,0.1556354,0.2670757,-0.05566708,-0.2540782,0.5330885,46.40305,84.17119,192.8072,0.395153,-0.2483318,0.5074596,45.54004,56.50484,160.4065
0.84,6.383422E+13,-0.06579866,0.1559867,0.2672798,329.6338,341.1353,5.545578,-0.06579866,0.1559867,0.2672798,-0.05567031,-0.2540812,0.5331102,46.40338,84.16566,192.8006,0.3951529,-0.2483318,0.5074596,45.5399,56.5047,160.4064
0.86,6.383422E+13,-0.06579445,0.1561342,0.2675322,329.1287,341.0247,5.241468,-0.06579445,0.1561342,0.2675322,-0.05568069,-0.2541369,0.5331729,46.40305,84.16689,192.8046,0.3951529,-0.2483319,0.5074596,45.53975,56.50498,160.4068
0.88,6.383422E+13,-0.06552271,0.1561345,0.2675394,329.0211,340.8503,5.164183,-0.06552271,0.1561345,0.2675394,-0.05568461,-0.2541767,0.533203,46.40229,84.17439,192.8138,0.3951529,-0.2483319,0.5074596,45.53975,56.50498,160.4068
0.9,6.383422E+13,-0.06560868,0.1557649,0.2681622,328.9855,340.6385,4.941898,-0.06560868,0.1557649,0.2681622,-0.05568387,-0.2541991,0.5332131,46.40143,84.17645,192.8177,0.395153,-0.2483319,0.5074596,45.53984,56.50516,160.4068
0.92,6.383422E+13,-0.06544091,0.1557041,0.2684504,328.7377,340.4604,4.726445,-0.06544091,0.1557041,0.2684504,-0.05568387,-0.2541991,0.5332131,46.40143,84.17645,192.8177,0.395153,-0.2483319,0.5074596,45.53984,56.50516,160.4068
0.94,6.383422E+13,-0.06535701,0.1556737,0.2685945,328.6135,340.3716,4.618834,-0.06535701,0.1556737,0.2685945,-0.05568387,-0.2541991,0.5332131,46.40143,84.17645,192.8177,0.395153,-0.2483319,0.5074596,45.53984,56.50516,160.4068
0.96,6.383422E+13,-0.06518922,0.1556129,0.2688828,328.3648,340.1945,4.403858,-0.06518922,0.1556129,0.2688828,-0.05568387,-0.2541991,0.5332131,46.40143,84.17645,192.8177,0.395153,-0.2483319,0.5074596,45.53984,56.50516,160.4068
0.98,6.383422E+13,-0.06510533,0.1555825,0.2690268,328.2402,340.1062,4.296494,-0.06510533,0.1555825,0.2690268,-0.05568387,-0.2541991,0.5332131,46.40143,84.17645,192.8177,0.395153,-0.2483319,0.5074596,45.53984,56.50516,160.4068
1,6.383422E+13,-0.06660727,0.1527336,0.2742831,332.947,339.8645,4.208423,-0.06660727,0.1527336,0.2742831,-0.05559509,-0.2541957,0.533123,46.40202,84.16808,192.8098,0.3951529,-0.2483318,0.5074596,45.53972,56.50441,160.4062
1.02,6.383422E+13,-0.06660727,0.1527336,0.2742831,332.947,339.8645,4.208423,-0.06660727,0.1527336,0.2742831,-0.05559509,-0.2541957,0.533123,46.40202,84.16808,192.8098,0.3951529,-0.2483318,0.5074596,45.53972,56.50441,160.4062
1.04,6.383422E+13,-0.06660727,0.1527336,0.2742831,332.947,339.8645,4.208423,-0.06660727,0.1527336,0.2742831,-0.05559509,-0.2541957,0.533123,46.40202,84.16808,192.8098,0.3951529,-0.2483318,0.5074596,45.53972,56.50441,160.4062
1.06,6.383422E+13,-0.06660727,0.1527336,0.2742831,332.947,339.8645,4.208423,-0.06660727,0.1527336,0.2742831,-0.05559509,-0.2541957,0.533123,46.40202,84.16808,192.8098,0.3951529,-0.2483318,0.5074596,45.53972,56.50441,160.4062
1.08,6.383422E+13,-0.06660727,0.1527336,0.2742831,332.947,339.8645,4.208423,-0.06660727,0.1527336,0.2742831,-0.05559509,-0.2541957,0.533123,46.40202,84.16808,192.8098,0.3951529,-0.2483318,0.5074596,45.53972,56.50441,160.4062
1.1,6.383422E+13,-0.06660727,0.1527336,0.2742831,332.947,339.8645,4.208423,-0.06660727,0.1527336,0.2742831,-0.05559509,-0.2541957,0.533123,46.40202,84.16808,192.8098,0.3951529,-0.2483318,0.5074596,45.53972,56.50441,160.4062
1.12,6.383422E+13,-0.06660727,0.1527336,0.2742831,332.947,339.8645,4.208423,-0.06660727,0.1527336,0.2742831,-0.05559509,-0.2541957,0.533123,46.40202,84.16808,192.8098,0.3951529,-0.2483318,0.5074596,45.53972,56.50441,160.4062
1.14,6.383422E+13,-0.06660727,0.1527336,0.2742831,332.947,339.8645,4.208423,-0.06660727,0.1527336,0.2742831,-0.05559509,-0.2541957,0.533123,46.40202,84.16808,192.8098,0.3951529,-0.2483318,0.5074596,45.53972,56.50441,160.4062
1.16,6.383422E+13,-0.06660727,0.1527336,0.2742831,332.947,339.8645,4.208423,-0.06660727,0.1527336,0.2742831,-0.05559509,-0.2541957,0.533123,46.40202,84.16808,192.8098,0.3951529,-0.2483318,0.5074596,45.53972,56.50441,160.4062
1.18,6.383422E+13,-0.06660727,0.1527336,0.2742831,332.947,339.8645,4.208423,-0.06660727,0.1527336,0.2742831,-0.05559509,-0.2541957,0.533123,46.40202,84.16808,192.8098,0.3951529,-0.2483318,0.5074596,45.53972,56.50441,160.4062
1.2,6.383422E+13,-0.06660727,0.1527336,0.2742831,332.947,339.8645,4.208423,-0.06660727,0.1527336,0.2742831,-0.05559509,-0.2541957,0.533123,46.40202,84.16808,192.8098,0.3951529,-0.2483318,0.5074596,45.53972,56.50441,160.4062
1.22,6.383422E+13,-0.06660727,0.1527336,0.2742831,332.947,339.8645,4.208423,-0.06660727,0.1527336,0.2742831,-0.05559509,-0.2541957,0.533123,46.40202,84.16808,192.8098,0.3951529,-0.2483318,0.5074596,45.53972,56.50441,160.4062
1.24,6.383422E+13,-0.06660727,0.1527336,0.2742831,332.947,339.8645,4.208423,-0.06660727,0.1527336,0.2742831,-0.05559509,-0.2541957,0.533123,46.40202,84.16808,192.8098,0.3951529,-0.2483318,0.5074596,45.53972,56.50441,160.4062
1.26,6.383422E+13,-0.06660727,0.1527336,0.2742831,332.947,339.8645,4.208423,-0.06660727,0.1527336,0.2742831,-0.05559509,-0.2541957,0.533123,46.40202,84.16808,192.8098,0.3951529,-0.2483318,0.5074596,45.53972,56.50441,160.4062
1.28,6.383422E+13,-0.06660727,0.1527336,0.2742831,332.947,339.8645,4.208423,-0.06660727,0.1527336,0.2742831,-0.05559509,-0.2541957,0.533123,46.40202,84.16808,192.8098,0.3951529,-0.2483318,0.5074596,45.53972,56.50441,160.4062
1.3,6.383422E+13,-0.06660727,0.1527336,0.2742831,332.947,339.8645,4.208423,-0.06660727,0.1527336,0.2742831,-0.05559509,-0.2541957,0.533123,46.40202,84.16808,192.8098,0.3951529,-0.2483318,0.5074596,45.53972,56.50441,160.4062
1.32,6.383422E+13,-0.06660727,0.1527336,0.2742831,332.947,339.8645,4.208423,-0.06660727,0.1527336,0.2742831,-0.05559509,-0.2541957,0.533123,46.40202,84.16808,192.8098,0.3951529,-0.2483318,0.5074596,45.53972,56.50441,160.4062
1.34,6.383422E+13,-0.06660727,0.1527336,0.2742831,332.947,339.8645,4.208423,-0.06660727,0.1527336,0.2742831,-0.05559509,-0.2541957,0.533123,46.40202,84.16808,192.8098,0.3951529,-0.2483318,0.5074596,45.53972,56.50441,160.4062
1.36,6.383422E+13,0,0,0,0,0,0,0,0,0,0,0,0,0,0,0,0,0,0,0,0,0
1.38,6.383422E+13,0,0,0,0,0,0,0,0,0,0,0,0,0,0,0,0,0,0,0,0,0
1.4,6.383422E+13,0,0,0,0,0,0,0,0,0,0,0,0,0,0,0,0,0,0,0,0,0
1.42,6.383422E+13,0,0,0,0,0,0,0,0,0,0,0,0,0,0,0,0,0,0,0,0,0
1.44,6.383422E+13,0,0,0,0,0,0,0,0,0,0,0,0,0,0,0,0,0,0,0,0,0
1.46,6.383422E+13,-0.04485678,0.1412618,0.2706821,330.0764,344.7087,4.303013,-0.04485678,0.1412618,0.2706821,0,0,0,0,0,0,0,0,0,0,0,0
1.48,6.383422E+13,-0.04369083,0.1422136,0.2696194,329.1492,345.0855,4.128925,-0.04369083,0.1422136,0.2696194,0,0,0,0,0,0,0,0,0,0,0,0
1.5,6.383422E+13,-0.04310797,0.1426895,0.2690881,328.6859,345.2766,4.038569,-0.04310797,0.1426895,0.2690881,0,0,0,0,0,0,0,0,0,0,0,0
1.52,6.383422E+13,-0.04194225,0.1436412,0.2680254,327.7603,345.6641,3.851013,-0.04194225,0.1436412,0.2680254,0,0,0,0,0,0,0,0,0,0,0,0
1.54,6.383422E+13,-0.04127366,0.1438453,0.2675202,327.3904,345.5767,3.718854,-0.04127366,0.1438453,0.2675202,0,0,0,0,0,0,0,0,0,0,0,0
1.56,6.383422E+13,-0.03868955,0.1441445,0.2661009,327.6727,346.1674,3.176385,-0.03868955,0.1441445,0.2661009,0,0,0,0,0,0,0,0,0,0,0,0
1.58,6.383422E+13,-0.03693397,0.1450523,0.2645843,326.7306,346.5692,2.847699,-0.03693397,0.1450523,0.2645843,-0.05559431,-0.2542204,0.5331011,46.40237,84.1521,192.7906,0.395153,-0.2483319,0.5074596,45.53982,56.50499,160.4067
1.6,6.383422E+13,-0.03529156,0.1456928,0.2629746,325.8817,346.989,2.576761,-0.03529156,0.1456928,0.2629746,-0.0555943,-0.2542203,0.5331011,46.40241,84.15218,192.7908,0.3951529,-0.2483319,0.5074596,45.5399,56.50493,160.4067
1.62,6.383422E+13,-0.03390708,0.145785,0.2612305,325.2766,347.1365,2.366438,-0.03390708,0.145785,0.2612305,-0.05559432,-0.2542203,0.5331011,46.40242,84.15231,192.7909,0.395153,-0.2483319,0.5074596,45.53984,56.50516,160.4068
1.64,6.383422E+13,-0.03321269,0.1459012,0.2604742,324.9905,347.2288,2.245297,-0.03321269,0.1459012,0.2604742,-0.0555943,-0.2542203,0.5331012,46.40241,84.15232,192.791,0.395153,-0.2483319,0.5074596,45.53994,56.50515,160.4069
1.66,6.383422E+13,-0.03196254,0.1463501,0.2590582,324.3738,347.5258,1.921828,-0.03196254,0.1463501,0.2590582,-0.0555943,-0.2542203,0.5331011,46.40241,84.15218,192.7908,0.395153,-0.2483319,0.5074596,45.53984,56.50507,160.4068
1.68,6.383422E+13,-0.03138539,0.1466868,0.2584258,324.053,347.6161,1.831645,-0.03138539,0.1466868,0.2584258,-0.05559429,-0.2542204,0.5331011,46.40237,84.15211,192.7907,0.395153,-0.2483319,0.5074596,45.53983,56.50498,160.4068
1.7,6.383422E+13,-0.03030653,0.1467897,0.2572612,323.5034,347.7538,1.875645,-0.03030653,0.1467897,0.2572612,-0.05559431,-0.2542204,0.5331011,46.40244,84.15211,192.7907,0.395153,-0.2483318,0.5074596,45.53961,56.50475,160.4063
1.72,6.383422E+13,-0.02918316,0.1469432,0.2564199,323.1754,347.9801,1.780884,-0.02918316,0.1469432,0.2564199,-0.05559435,-0.2542203,0.5331011,46.40242,84.15234,192.7908,0.3951529,-0.2483319,0.5074596,45.5399,56.50493,160.4067
1.74,6.383422E+13,-0.02862328,0.1471705,0.2560456,322.9832,348.1308,1.683387,-0.02862328,0.1471705,0.2560456,-0.05559434,-0.2542202,0.5331012,46.40254,84.15266,192.7913,0.395153,-0.2483319,0.5074596,45.53984,56.50507,160.4068
1.76,6.383422E+13,-0.02776509,0.1475232,0.25534,322.6562,348.4046,1.534262,-0.02776509,0.1475232,0.25534,-0.0555943,-0.2542203,0.5331011,46.40231,84.15233,192.791,0.3951529,-0.2483318,0.5074596,45.53991,56.5047,160.4065
1.78,6.383422E+13,-0.02748623,0.1475711,0.2551566,322.5874,348.4921,1.512116,-0.02748623,0.1475711,0.2551566,-0.05559432,-0.2542204,0.5331011,46.40242,84.15221,192.7907,0.395153,-0.2483319,0.5074596,45.53977,56.50509,160.4068
1.8,6.383422E+13,-0.02708652,0.1475913,0.2549587,322.5845,348.4854,1.573583,-0.02708652,0.1475913,0.2549587,-0.05559437,-0.2542204,0.5331012,46.40235,84.15224,192.7906,0.395153,-0.2483319,0.5074596,45.53983,56.50498,160.4068
1.82,6.383422E+13,-0.02698528,0.1477014,0.255132,322.6276,348.301,1.887705,-0.02698528,0.1477014,0.255132,-0.05559429,-0.2542203,0.5331011,46.40242,84.15218,192.7908,0.395153,-0.2483319,0.5074596,45.53984,56.50507,160.4068
1.84,6.383422E+13,-0.02661213,0.1477633,0.2549087,322.7429,348.1509,2.096466,-0.02661213,0.1477633,0.2549087,-0.0555943,-0.2542203,0.5331011,46.40231,84.15233,192.791,0.3951529,-0.2483319,0.5074596,45.53993,56.50487,160.4068
1.86,6.383422E+13,-0.02679681,0.1476238,0.2553189,323.1383,347.9017,2.368576,-0.02679681,0.1476238,0.2553189,-0.05559431,-0.2542204,0.5331011,46.40244,84.15211,192.7907,0.395153,-0.2483319,0.5074596,45.53968,56.50497,160.4065
1.88,6.383422E+13,-0.02690125,0.1475663,0.2554908,323.3884,347.7923,2.476591,-0.02690125,0.1475663,0.2554908,-0.05559433,-0.2542203,0.5331011,46.40251,84.15237,192.7909,0.3951529,-0.2483319,0.5074596,45.5399,56.50493,160.4067
1.9,6.383422E+13,-0.0270853,0.1472107,0.2559474,324.0118,347.6005,2.597606,-0.0270853,0.1472107,0.2559474,-0.05559429,-0.2542203,0.5331011,46.40242,84.15218,192.7908,0.395153,-0.2483319,0.5074596,45.53983,56.50498,160.4068
1.92,6.383422E+13,-0.02699389,0.1468885,0.2563961,324.4811,347.6009,2.592145,-0.02699389,0.1468885,0.2563961,-0.05559436,-0.2542202,0.5331011,46.40242,84.15257,192.7911,0.395153,-0.2483319,0.5074596,45.5399,56.50494,160.4066
1.94,6.383422E+13,-0.02690327,0.1468034,0.2565746,324.6508,347.6232,2.613904,-0.02690327,0.1468034,0.2565746,-0.0555943,-0.2542203,0.5331011,46.40231,84.15233,192.791,0.395153,-0.2483319,0.5074596,45.5401,56.50515,160.4069
1.96,6.383422E+13,-0.02657075,0.1467602,0.2567166,324.825,347.7279,2.601243,-0.02657075,0.1467602,0.2567166,-0.0555943,-0.2542203,0.5331011,46.40241,84.15218,192.7908,0.3951529,-0.2483319,0.5074596,45.53984,56.50505,160.4069
1.98,6.383422E+13,-0.02637843,0.146738,0.2567444,324.8971,347.7721,2.618572,-0.02637843,0.146738,0.2567444,-0.05559431,-0.2542204,0.5331011,46.40237,84.1521,192.7906,0.395153,-0.2483319,0.5074596,45.53982,56.50499,160.4067
2,6.383422E+13,-0.02614061,0.1466167,0.2569682,325.1582,347.8152,2.649286,-0.02614061,0.1466167,0.2569682,-0.05559431,-0.2542204,0.5331011,46.40237,84.1521,192.7906,0.395153,-0.2483319,0.5074596,45.53982,56.50499,160.4067
2.02,6.383422E+13,-0.02602168,0.1465561,0.2570802,325.2888,347.8367,2.6647,-0.02602168,0.1465561,0.2570802,-0.05559431,-0.2542204,0.5331011,46.40237,84.1521,192.7906,0.395153,-0.2483319,0.5074596,45.53982,56.50499,160.4067
2.04,6.383422E+13,-0.02578381,0.1464348,0.257304,325.5499,347.8799,2.695633,-0.02578381,0.1464348,0.257304,-0.05559431,-0.2542204,0.5331011,46.40237,84.1521,192.7906,0.395153,-0.2483319,0.5074596,45.53982,56.50499,160.4067
2.06,6.383422E+13,-0.02554595,0.1463135,0.2575279,325.811,347.923,2.726708,-0.02554595,0.1463135,0.2575279,-0.05559431,-0.2542204,0.5331011,46.40237,84.1521,192.7906,0.395153,-0.2483319,0.5074596,45.53982,56.50499,160.4067
2.08,6.383422E+13,-0.02299107,0.1480729,0.2536635,323.1603,348.5728,2.645149,-0.02299107,0.1480729,0.2536635,-0.05559429,-0.2542204,0.5331011,46.40237,84.15211,192.7907,0.3951529,-0.2483319,0.5074596,45.5399,56.50493,160.4067
2.1,6.383422E+13,-0.02251326,0.1482825,0.2531725,322.9082,348.7205,2.576475,-0.02251326,0.1482825,0.2531725,-0.05559432,-0.2542204,0.5331011,46.40242,84.15221,192.7907,0.395153,-0.2483319,0.5074596,45.53983,56.50498,160.4068
2.12,6.383422E+13,-0.02251326,0.1482825,0.2531725,322.9082,348.7205,2.576475,-0.02251326,0.1482825,0.2531725,-0.05559432,-0.2542204,0.5331011,46.40242,84.15221,192.7907,0.395153,-0.2483319,0.5074596,45.53983,56.50498,160.4068
2.14,6.383422E+13,-0.02251326,0.1482825,0.2531725,322.9082,348.7205,2.576475,-0.02251326,0.1482825,0.2531725,-0.05559432,-0.2542204,0.5331011,46.40242,84.15221,192.7907,0.395153,-0.2483319,0.5074596,45.53983,56.50498,160.4068
2.16,6.383422E+13,-0.02251326,0.1482825,0.2531725,322.9082,348.7205,2.576475,-0.02251326,0.1482825,0.2531725,-0.05559432,-0.2542204,0.5331011,46.40242,84.15221,192.7907,0.395153,-0.2483319,0.5074596,45.53983,56.50498,160.4068
2.18,6.383422E+13,-0.02251326,0.1482825,0.2531725,322.9082,348.7205,2.576475,-0.02251326,0.1482825,0.2531725,-0.05559432,-0.2542204,0.5331011,46.40242,84.15221,192.7907,0.395153,-0.2483319,0.5074596,45.53983,56.50498,160.4068
2.2,6.383422E+13,-0.02251326,0.1482825,0.2531725,322.9082,348.7205,2.576475,-0.02251326,0.1482825,0.2531725,-0.05559432,-0.2542204,0.5331011,46.40242,84.15221,192.7907,0.395153,-0.2483319,0.5074596,45.53983,56.50498,160.4068
2.22,6.383422E+13,-0.02251326,0.1482825,0.2531725,322.9082,348.7205,2.576475,-0.02251326,0.1482825,0.2531725,-0.05559432,-0.2542204,0.5331011,46.40242,84.15221,192.7907,0.395153,-0.2483319,0.5074596,45.53983,56.50498,160.4068
2.24,6.383422E+13,-0.02251326,0.1482825,0.2531725,322.9082,348.7205,2.576475,-0.02251326,0.1482825,0.2531725,-0.05559432,-0.2542204,0.5331011,46.40242,84.15221,192.7907,0.395153,-0.2483319,0.5074596,45.53983,56.50498,160.4068
2.26,6.383422E+13,-0.02251326,0.1482825,0.2531725,322.9082,348.7205,2.576475,-0.02251326,0.1482825,0.2531725,-0.05559432,-0.2542204,0.5331011,46.40242,84.15221,192.7907,0.395153,-0.2483319,0.5074596,45.53983,56.50498,160.4068
2.28,6.383422E+13,-0.02251326,0.1482825,0.2531725,322.9082,348.7205,2.576475,-0.02251326,0.1482825,0.2531725,-0.05559432,-0.2542204,0.5331011,46.40242,84.15221,192.7907,0.395153,-0.2483319,0.5074596,45.53983,56.50498,160.4068
2.3,6.383422E+13,-0.02251326,0.1482825,0.2531725,322.9082,348.7205,2.576475,-0.02251326,0.1482825,0.2531725,-0.05559432,-0.2542204,0.5331011,46.40242,84.15221,192.7907,0.395153,-0.2483319,0.5074596,45.53983,56.50498,160.4068
2.32,6.383422E+13,-0.02251326,0.1482825,0.2531725,322.9082,348.7205,2.576475,-0.02251326,0.1482825,0.2531725,-0.05559432,-0.2542204,0.5331011,46.40242,84.15221,192.7907,0.395153,-0.2483319,0.5074596,45.53983,56.50498,160.4068
2.34,6.383422E+13,-0.02251326,0.1482825,0.2531725,322.9082,348.7205,2.576475,-0.02251326,0.1482825,0.2531725,-0.05559432,-0.2542204,0.5331011,46.40242,84.15221,192.7907,0.395153,-0.2483319,0.5074596,45.53983,56.50498,160.4068
2.36,6.383422E+13,-0.02251326,0.1482825,0.2531725,322.9082,348.7205,2.576475,-0.02251326,0.1482825,0.2531725,-0.05559432,-0.2542204,0.5331011,46.40242,84.15221,192.7907,0.395153,-0.2483319,0.5074596,45.53983,56.50498,160.4068
2.38,6.383422E+13,-0.02251326,0.1482825,0.2531725,322.9082,348.7205,2.576475,-0.02251326,0.1482825,0.2531725,-0.05559432,-0.2542204,0.5331011,46.40242,84.15221,192.7907,0.395153,-0.2483319,0.5074596,45.53983,56.50498,160.4068
2.4,6.383422E+13,-0.02251326,0.1482825,0.2531725,322.9082,348.7205,2.576475,-0.02251326,0.1482825,0.2531725,-0.05559432,-0.2542204,0.5331011,46.40242,84.15221,192.7907,0.395153,-0.2483319,0.5074596,45.53983,56.50498,160.4068
2.42,6.383422E+13,-0.02251326,0.1482825,0.2531725,322.9082,348.7205,2.576475,-0.02251326,0.1482825,0.2531725,-0.05559432,-0.2542204,0.5331011,46.40242,84.15221,192.7907,0.395153,-0.2483319,0.5074596,45.53983,56.50498,160.4068
2.44,6.383422E+13,0,0,0,0,0,0,0,0,0,0,0,0,0,0,0,0,0,0,0,0,0
2.46,6.383422E+13,0,0,0,0,0,0,0,0,0,0,0,0,0,0,0,0,0,0,0,0,0
2.48,6.383422E+13,0,0,0,0,0,0,0,0,0,0,0,0,0,0,0,0,0,0,0,0,0
2.5,6.383422E+13,0,0,0,0,0,0,0,0,0,0,0,0,0,0,0,0,0,0,0,0,0
2.52,6.383422E+13,0,0,0,0,0,0,0,0,0,0,0,0,0,0,0,0,0,0,0,0,0
2.54,6.383422E+13,0,0,0,0,0,0,0,0,0,0,0,0,0,0,0,0,0,0,0,0,0
2.56,6.383422E+13,0,0,0,0,0,0,0,0,0,0,0,0,0,0,0,0,0,0,0,0,0
2.58,6.383422E+13,0,0,0,0,0,0,0,0,0,0,0,0,0,0,0,0,0,0,0,0,0
2.6,6.383422E+13,0,0,0,0,0,0,0,0,0,0,0,0,0,0,0,0,0,0,0,0,0
2.62,6.383422E+13,0,0,0,0,0,0,0,0,0,0,0,0,0,0,0,0,0,0,0,0,0
2.64,6.383422E+13,0,0,0,0,0,0,0,0,0,0,0,0,0,0,0,0,0,0,0,0,0
2.66,6.383422E+13,0,0,0,0,0,0,0,0,0,0,0,0,0,0,0,0,0,0,0,0,0
2.68,6.383422E+13,0,0,0,0,0,0,0,0,0,0,0,0,0,0,0,0,0,0,0,0,0
2.7,6.383422E+13,0,0,0,0,0,0,0,0,0,0,0,0,0,0,0,0,0,0,0,0,0
2.72,6.383422E+13,0,0,0,0,0,0,0,0,0,0,0,0,0,0,0,0,0,0,0,0,0
2.74,6.383422E+13,0,0,0,0,0,0,0,0,0,0,0,0,0,0,0,0,0,0,0,0,0
2.76,6.383422E+13,0,0,0,0,0,0,0,0,0,0,0,0,0,0,0,0,0,0,0,0,0
2.78,6.383422E+13,0,0,0,0,0,0,0,0,0,0,0,0,0,0,0,0,0,0,0,0,0
2.8,6.383422E+13,0,0,0,0,0,0,0,0,0,0,0,0,0,0,0,0,0,0,0,0,0
2.82,6.383422E+13,0,0,0,0,0,0,0,0,0,0,0,0,0,0,0,0,0,0,0,0,0
2.84,6.383422E+13,0,0,0,0,0,0,0,0,0,0,0,0,0,0,0,0,0,0,0,0,0
2.86,6.383422E+13,0,0,0,0,0,0,0,0,0,0,0,0,0,0,0,0,0,0,0,0,0
2.88,6.383422E+13,0,0,0,0,0,0,0,0,0,0,0,0,0,0,0,0,0,0,0,0,0
2.9,6.383422E+13,0,0,0,0,0,0,0,0,0,0,0,0,0,0,0,0,0,0,0,0,0
2.92,6.383422E+13,0,0,0,0,0,0,0,0,0,0,0,0,0,0,0,0,0,0,0,0,0
2.94,6.383422E+13,0,0,0,0,0,0,0,0,0,0,0,0,0,0,0,0,0,0,0,0,0
2.96,6.383422E+13,0,0,0,0,0,0,0,0,0,0,0,0,0,0,0,0,0,0,0,0,0
2.98,6.383422E+13,0,0,0,0,0,0,0,0,0,0,0,0,0,0,0,0,0,0,0,0,0
3,6.383422E+13,0,0,0,0,0,0,0,0,0,0,0,0,0,0,0,0,0,0,0,0,0
3.02,6.383422E+13,0,0,0,0,0,0,0,0,0,0,0,0,0,0,0,0,0,0,0,0,0
3.04,6.383422E+13,0,0,0,0,0,0,0,0,0,0,0,0,0,0,0,0,0,0,0,0,0
3.06,6.383422E+13,0,0,0,0,0,0,0,0,0,0,0,0,0,0,0,0,0,0,0,0,0
3.08,6.383422E+13,0,0,0,0,0,0,0,0,0,0,0,0,0,0,0,0,0,0,0,0,0
3.1,6.383422E+13,0,0,0,0,0,0,0,0,0,0,0,0,0,0,0,0,0,0,0,0,0
3.12,6.383422E+13,0,0,0,0,0,0,0,0,0,0,0,0,0,0,0,0,0,0,0,0,0
3.14,6.383422E+13,0,0,0,0,0,0,0,0,0,0,0,0,0,0,0,0,0,0,0,0,0
3.16,6.383422E+13,0,0,0,0,0,0,0,0,0,0,0,0,0,0,0,0,0,0,0,0,0
3.18,6.383422E+13,0,0,0,0,0,0,0,0,0,0,0,0,0,0,0,0,0,0,0,0,0
3.2,6.383422E+13,0,0,0,0,0,0,0,0,0,0,0,0,0,0,0,0,0,0,0,0,0
3.22,6.383422E+13,0,0,0,0,0,0,0,0,0,0,0,0,0,0,0,0,0,0,0,0,0
3.24,6.383422E+13,0,0,0,0,0,0,0,0,0,0,0,0,0,0,0,0,0,0,0,0,0
3.26,6.383422E+13,0,0,0,0,0,0,0,0,0,0,0,0,0,0,0,0,0,0,0,0,0
3.28,6.383422E+13,0,0,0,0,0,0,0,0,0,0,0,0,0,0,0,0,0,0,0,0,0
3.3,6.383422E+13,0,0,0,0,0,0,0,0,0,0,0,0,0,0,0,0,0,0,0,0,0
3.32,6.383422E+13,0,0,0,0,0,0,0,0,0,0,0,0,0,0,0,0,0,0,0,0,0
3.34,6.383422E+13,0,0,0,0,0,0,0,0,0,0,0,0,0,0,0,0,0,0,0,0,0
3.36,6.383422E+13,0,0,0,0,0,0,0,0,0,0,0,0,0,0,0,0,0,0,0,0,0
3.38,6.383422E+13,0,0,0,0,0,0,0,0,0,0,0,0,0,0,0,0,0,0,0,0,0
3.4,6.383422E+13,0,0,0,0,0,0,0,0,0,0,0,0,0,0,0,0,0,0,0,0,0
3.42,6.383422E+13,0,0,0,0,0,0,0,0,0,0,0,0,0,0,0,0,0,0,0,0,0
3.44,6.383422E+13,0,0,0,0,0,0,0,0,0,0,0,0,0,0,0,0,0,0,0,0,0
3.46,6.383422E+13,0,0,0,0,0,0,0,0,0,0,0,0,0,0,0,0,0,0,0,0,0
3.48,6.383422E+13,0,0,0,0,0,0,0,0,0,0,0,0,0,0,0,0,0,0,0,0,0
3.5,6.383422E+13,0,0,0,0,0,0,0,0,0,0,0,0,0,0,0,0,0,0,0,0,0
3.52,6.383422E+13,0,0,0,0,0,0,0,0,0,0,0,0,0,0,0,0,0,0,0,0,0
3.54,6.383422E+13,0,0,0,0,0,0,0,0,0,0,0,0,0,0,0,0,0,0,0,0,0
3.56,6.383422E+13,0,0,0,0,0,0,0,0,0,0,0,0,0,0,0,0,0,0,0,0,0
3.58,6.383422E+13,0,0,0,0,0,0,0,0,0,0,0,0,0,0,0,0,0,0,0,0,0
3.6,6.383422E+13,0,0,0,0,0,0,0,0,0,0,0,0,0,0,0,0,0,0,0,0,0
3.62,6.383422E+13,0,0,0,0,0,0,0,0,0,0,0,0,0,0,0,0,0,0,0,0,0
3.64,6.383422E+13,0,0,0,0,0,0,0,0,0,0,0,0,0,0,0,0,0,0,0,0,0
3.66,6.383422E+13,0,0,0,0,0,0,0,0,0,0,0,0,0,0,0,0,0,0,0,0,0
3.68,6.383422E+13,-0.06553773,0.07910542,0.2683275,0.4615037,330.5481,0.5959165,-0.06553773,0.07910542,0.2683275,0,0,0,0,0,0,0,0,0,0,0,0
3.7,6.383422E+13,-0.06528533,0.07856178,0.2683211,0.8053595,330.5922,0.4255622,-0.06528533,0.07856178,0.2683211,0,0,0,0,0,0,0,0,0,0,0,0
3.72,6.383422E+13,-0.06478047,0.07747491,0.2683091,1.493455,330.6774,0.08558402,-0.06478047,0.07747491,0.2683091,0,0,0,0,0,0,0,0,0,0,0,0
3.74,6.383422E+13,-0.06452803,0.0769315,0.2683031,1.837689,330.7184,359.9159,-0.06452803,0.0769315,0.2683031,0,0,0,0,0,0,0,0,0,0,0,0
3.76,6.383422E+13,-0.06402317,0.07584468,0.2682912,2.526515,330.7975,359.5773,-0.06402317,0.07584468,0.2682912,0,0,0,0,0,0,0,0,0,0,0,0
3.78,6.383422E+13,-0.0570983,0.07905296,0.2733236,359.6702,332.5931,357.3639,-0.0570983,0.07905296,0.2733236,-0.05667284,-0.2608002,0.5357519,46.39336,84.15887,192.8,0.4203077,-0.2743327,0.5201823,45.55742,56.31323,160.3203
3.8,6.383422E+13,-0.05588564,0.07895701,0.2741023,359.8193,332.997,357.0698,-0.05588564,0.07895701,0.2741023,-0.05667282,-0.2608001,0.5357519,46.39334,84.15921,192.8005,0.4203077,-0.2743326,0.5201823,45.55727,56.31316,160.3202
3.82,6.383422E+13,-0.05358699,0.07820722,0.2753959,0.1828938,333.8478,356.442,-0.05358699,0.07820722,0.2753959,-0.05667284,-0.2608003,0.5357519,46.39332,84.15873,192.7997,0.4203076,-0.2743326,0.5201823,45.55733,56.31295,160.3201
3.84,6.383422E+13,-0.05251398,0.07798364,0.2758253,0.5149137,334.2413,356.1589,-0.05251398,0.07798364,0.2758253,-0.05667283,-0.2608003,0.5357519,46.39337,84.15868,192.7997,0.4203077,-0.2743326,0.5201823,45.55727,56.31316,160.3202
3.86,6.383422E+13,-0.05053612,0.07743708,0.2766607,1.144928,334.9053,355.795,-0.05053612,0.07743708,0.2766607,-0.05667283,-0.2608003,0.5357519,46.39337,84.15868,192.7997,0.4203076,-0.2743326,0.5201823,45.5572,56.31295,160.3201
3.88,6.383422E+13,-0.04861559,0.07674106,0.2774872,1.609994,335.5867,355.6173,-0.04861559,0.07674106,0.2774872,-0.05667279,-0.2608002,0.5357519,46.39321,84.1589,192.8002,0.4203077,-0.2743327,0.5201823,45.55737,56.31325,160.3203
3.9,6.383422E+13,-0.04775572,0.07649883,0.2777189,1.79665,336.0015,355.5804,-0.04775572,0.07649883,0.2777189,-0.05667284,-0.2608002,0.5357519,46.39347,84.15893,192.8,0.4203076,-0.2743326,0.5201822,45.55719,56.31287,160.3202
3.92,6.383422E+13,-0.04647519,0.07576286,0.2778358,2.242303,336.7504,355.5961,-0.04647519,0.07576286,0.2778358,-0.05667285,-0.2608003,0.5357519,46.39338,84.15866,192.7996,0.4203077,-0.2743327,0.5201823,45.5574,56.31336,160.3205
3.94,6.383422E+13,-0.04595862,0.07560859,0.277886,2.432309,337.062,355.6952,-0.04595862,0.07560859,0.277886,-0.05667279,-0.2608004,0.5357519,46.39344,84.15814,192.7991,0.4203076,-0.2743326,0.5201823,45.55759,56.31301,160.3201
3.96,6.383422E+13,-0.04511197,0.07539848,0.2782151,2.590513,337.629,355.9898,-0.04511197,0.07539848,0.2782151,-0.05667289,-0.2608002,0.5357519,46.39329,84.1589,192.7998,0.4203076,-0.2743326,0.5201823,45.55746,56.31305,160.3203
3.98,6.383422E+13,-0.0448155,0.07517382,0.278265,2.676487,337.9446,356.0882,-0.0448155,0.07517382,0.278265,-0.05667284,-0.2608002,0.5357519,46.39336,84.15887,192.8,0.4203077,-0.2743327,0.5201823,45.5574,56.31332,160.3204
4,6.383422E+13,-0.044391,0.07464848,0.2781707,2.754253,338.7495,356.2028,-0.044391,0.07464848,0.2781707,-0.05667282,-0.2608002,0.5357519,46.39346,84.15876,192.7999,0.4203076,-0.2743326,0.5201823,45.55743,56.3129,160.3199
4.02,6.383422E+13,-0.04420119,0.07464455,0.2776249,3.224079,338.9736,356.3382,-0.04420119,0.07464455,0.2776249,-0.05667283,-0.2608003,0.5357519,46.39331,84.15865,192.7997,0.4203076,-0.2743327,0.5201823,45.55748,56.3132,160.3204
4.04,6.383422E+13,-0.04420898,0.07432658,0.2776417,3.266253,339.1457,356.3992,-0.04420898,0.07432658,0.2776417,-0.05667285,-0.2608003,0.5357519,46.39338,84.15866,192.7996,0.4203076,-0.2743326,0.5201823,45.55743,56.31288,160.3201
4.06,6.383422E+13,-0.04425427,0.07357229,0.2772123,3.620202,339.5627,356.2632,-0.04425427,0.07357229,0.2772123,-0.0566728,-0.2608003,0.5357519,46.39316,84.15871,192.7998,0.4203077,-0.2743327,0.5201823,45.55737,56.31326,160.3203
4.08,6.383422E+13,-0.04435609,0.07332243,0.2771026,3.796569,339.7245,356.1714,-0.04435609,0.07332243,0.2771026,-0.05667282,-0.2608003,0.5357519,46.3933,84.15873,192.7998,0.4203077,-0.2743326,0.5201823,45.55735,56.31317,160.3202
4.1,6.383422E+13,-0.0444617,0.07232299,0.2769625,4.155716,339.9686,356.1094,-0.0444617,0.07232299,0.2769625,-0.05667283,-0.2608002,0.5357519,46.39336,84.15874,192.7998,0.4203076,-0.2743326,0.5201821,45.5577,56.31285,160.3204
4.12,6.383422E+13,-0.04457231,0.07225533,0.276856,4.368859,340.2439,355.9499,-0.04457231,0.07225533,0.276856,-0.05667283,-0.2608003,0.5357519,46.39331,84.15865,192.7997,0.4203076,-0.2743326,0.5201823,45.55759,56.31301,160.3201
4.14,6.383422E+13,-0.04411343,0.07120442,0.2768822,4.388158,340.4854,355.6644,-0.04411343,0.07120442,0.2768822,-0.05667285,-0.2608003,0.5357519,46.39338,84.15866,192.7996,0.4203077,-0.2743327,0.5201823,45.55737,56.31326,160.3203
4.16,6.383422E+13,-0.04399334,0.07096021,0.2765929,4.60649,341.0234,355.6317,-0.04399334,0.07096021,0.2765929,-0.05667283,-0.2608003,0.5357519,46.39337,84.15868,192.7997,0.4203077,-0.2743326,0.5201823,45.55743,56.31323,160.3203
4.18,6.383422E+13,-0.0439029,0.07081362,0.2764571,4.685853,341.1958,355.6022,-0.0439029,0.07081362,0.2764571,-0.0566728,-0.2608001,0.5357518,46.39349,84.15897,192.8002,0.4203077,-0.2743326,0.5201823,45.55735,56.31317,160.3202
4.2,6.383422E+13,-0.04357726,0.07017786,0.2761326,4.839832,341.5607,355.4449,-0.04357726,0.07017786,0.2761326,-0.05667283,-0.2608002,0.5357519,46.39326,84.15887,192.7999,0.4203077,-0.2743326,0.5201823,45.55758,56.31318,160.3203
4.22,6.383422E+13,-0.04329862,0.06968461,0.275849,5.008604,341.9965,355.2561,-0.04329862,0.06968461,0.275849,-0.05667285,-0.2608003,0.5357519,46.39338,84.15866,192.7996,0.4203076,-0.2743326,0.5201823,45.55746,56.31305,160.3203
4.24,6.383422E+13,-0.04320308,0.06956672,0.2756125,5.108837,342.1616,355.226,-0.04320308,0.06956672,0.2756125,-0.05667287,-0.2608004,0.5357519,46.39344,84.15842,192.7992,0.4203076,-0.2743326,0.5201822,45.55746,56.3128,160.3201
4.26,6.383422E+13,-0.04301416,0.06937549,0.2749796,5.20816,342.4091,355.1457,-0.04301416,0.06937549,0.2749796,-0.05667284,-0.2608002,0.5357519,46.39347,84.15893,192.8,0.4203076,-0.2743326,0.5201823,45.55743,56.31312,160.3202
4.28,6.383422E+13,-0.04280519,0.06943604,0.2747371,5.247673,342.5886,355.0279,-0.04280519,0.06943604,0.2747371,-0.05667286,-0.2608002,0.5357519,46.39329,84.15886,192.7998,0.4203077,-0.2743327,0.5201823,45.55737,56.31326,160.3203
4.3,6.383422E+13,-0.04233817,0.0693061,0.2745335,5.231076,342.9968,354.9905,-0.04233817,0.0693061,0.2745335,-0.05667286,-0.2608002,0.5357519,46.39337,84.15884,192.7998,0.4203077,-0.2743327,0.5201823,45.5573,56.31327,160.3203
4.32,6.383422E+13,-0.04201765,0.0692468,0.2742216,5.233791,343.3488,354.8409,-0.04201765,0.0692468,0.2742216,-0.05667289,-0.2608004,0.5357519,46.3933,84.15862,192.7994,0.4203077,-0.2743326,0.5201823,45.55757,56.31303,160.32
4.34,6.383422E+13,-0.04140562,0.06941593,0.2743034,5.26669,343.5599,354.7885,-0.04140562,0.06941593,0.2743034,-0.05667286,-0.2608003,0.5357519,46.39338,84.15875,192.7997,0.4203077,-0.2743326,0.5201823,45.55727,56.31316,160.3202
4.36,6.383422E+13,-0.04059391,0.06887913,0.2741132,5.313181,343.9407,354.7148,-0.04059391,0.06887913,0.2741132,-0.0566728,-0.2608003,0.5357519,46.39316,84.15871,192.7998,0.4203076,-0.2743326,0.5201823,45.55743,56.31312,160.3202
4.38,6.383422E+13,-0.04049468,0.06931397,0.2740943,5.37986,344.0663,354.5977,-0.04049468,0.06931397,0.2740943,-0.05667283,-0.2608002,0.5357519,46.39336,84.15874,192.7998,0.4203076,-0.2743326,0.5201823,45.5572,56.31295,160.3201
4.4,6.383422E+13,-0.03956188,0.06869268,0.2741071,5.363578,344.2001,354.4751,-0.03956188,0.06869268,0.2741071,-0.05667282,-0.2608003,0.5357519,46.3933,84.15873,192.7998,0.4203076,-0.2743327,0.5201823,45.55728,56.31316,160.3203
4.42,6.383422E+13,-0.03784934,0.06814487,0.2743382,5.412621,344.5214,354.0522,-0.03784934,0.06814487,0.2743382,-0.05667285,-0.2608003,0.5357519,46.39338,84.15866,192.7996,0.4203076,-0.2743326,0.5201823,45.55743,56.31312,160.3202
4.44,6.383422E+13,-0.03764359,0.06839927,0.2744343,5.52859,344.7934,353.9021,-0.03764359,0.06839927,0.2744343,-0.05667284,-0.2608003,0.5357519,46.39332,84.15873,192.7997,0.4203077,-0.2743327,0.5201824,45.55725,56.3133,160.3202
4.46,6.383422E+13,-0.03640353,0.06811432,0.2745355,5.605948,345.025,353.7134,-0.03640353,0.06811432,0.2745355,-0.05667283,-0.2608002,0.5357519,46.39336,84.15874,192.7998,0.4203076,-0.2743327,0.5201823,45.55728,56.31316,160.3203
4.48,6.383422E+13,-0.03556321,0.06753656,0.2748411,5.666049,345.0859,353.5884,-0.03556321,0.06753656,0.2748411,-0.05667287,-0.2608002,0.5357519,46.39334,84.15913,192.8002,0.4203076,-0.2743326,0.5201823,45.55743,56.31312,160.3202
4.5,6.383422E+13,-0.03430811,0.0675161,0.2752356,5.781892,345.4831,353.1805,-0.03430811,0.0675161,0.2752356,-0.05667284,-0.2608003,0.5357519,46.39336,84.15873,192.7997,0.4203077,-0.2743327,0.5201823,45.55746,56.31332,160.3204
4.52,6.383422E+13,-0.03337506,0.06746019,0.2757621,5.828255,345.709,353.1726,-0.03337506,0.06746019,0.2757621,-0.05667283,-0.2608003,0.5357519,46.39331,84.15865,192.7997,0.4203077,-0.2743327,0.5201823,45.55737,56.31326,160.3203
4.54,6.383422E+13,-0.03316531,0.06744444,0.2759944,5.769063,345.6849,353.1933,-0.03316531,0.06744444,0.2759944,-0.05667289,-0.2608004,0.5357519,46.3933,84.15862,192.7994,0.4203077,-0.2743326,0.5201823,45.55736,56.31316,160.3203
4.56,6.383422E+13,-0.03246761,0.06762832,0.2764742,5.764209,345.7512,353.1464,-0.03246761,0.06762832,0.2764742,-0.05667285,-0.2608004,0.5357519,46.39318,84.15858,192.7995,0.4203076,-0.2743326,0.5201822,45.55709,56.31259,160.3199
4.58,6.383422E+13,-0.03207467,0.06753618,0.2766972,5.775309,345.8363,353.113,-0.03207467,0.06753618,0.2766972,-0.0566728,-0.2608002,0.5357519,46.39334,84.15891,192.8002,0.4203076,-0.2743325,0.5201823,45.55758,56.31276,160.3198
4.6,6.383422E+13,-0.03148337,0.06767099,0.2773131,5.688368,345.8646,353.2491,-0.03148337,0.06767099,0.2773131,-0.05667285,-0.2608003,0.5357519,46.39338,84.15866,192.7996,0.4203077,-0.2743326,0.5201823,45.55735,56.31317,160.3202
4.62,6.383422E+13,-0.03073899,0.06767508,0.2778654,5.586442,345.9283,353.3698,-0.03073899,0.06767508,0.2778654,-0.05667289,-0.2608003,0.5357519,46.39341,84.15865,192.7995,0.4203077,-0.2743326,0.5201823,45.55727,56.31316,160.3202
4.64,6.383422E+13,-0.03032886,0.06775635,0.2782006,5.559149,345.9999,353.382,-0.03032886,0.06775635,0.2782006,-0.05667285,-0.2608003,0.5357519,46.39338,84.15866,192.7996,0.4203076,-0.2743326,0.5201823,45.55735,56.3131,160.3203
4.66,6.383422E+13,-0.02973586,0.06799856,0.2788272,5.532815,346.1626,353.5711,-0.02973586,0.06799856,0.2788272,-0.05667283,-0.2608002,0.5357519,46.39336,84.15874,192.7998,0.4203077,-0.2743327,0.5201823,45.55742,56.31323,160.3203
4.68,6.383422E+13,-0.02937342,0.06806099,0.2791623,5.501348,346.1559,353.754,-0.02937342,0.06806099,0.2791623,-0.0566728,-0.2608002,0.5357519,46.39348,84.15862,192.7998,0.4203076,-0.2743326,0.5201823,45.55743,56.31288,160.3201
4.7,6.383422E+13,-0.0286751,0.06807925,0.2797839,5.446088,346.2158,353.9355,-0.0286751,0.06807925,0.2797839,-0.05667285,-0.2608003,0.5357519,46.39338,84.15866,192.7996,0.4203077,-0.2743326,0.5201823,45.55757,56.31303,160.32
4.72,6.383422E+13,-0.0280439,0.06820269,0.2805374,5.397779,346.4312,353.9998,-0.0280439,0.06820269,0.2805374,-0.0566728,-0.2608003,0.5357519,46.39331,84.15845,192.7995,0.4203077,-0.2743326,0.5201823,45.55736,56.31316,160.3203
4.74,6.383422E+13,-0.02781104,0.06835352,0.2808577,5.355677,346.5284,354.071,-0.02781104,0.06835352,0.2808577,-0.05667285,-0.2608003,0.5357519,46.39338,84.15866,192.7996,0.4203077,-0.2743327,0.5201823,45.55737,56.31325,160.3203
4.76,6.383422E+13,-0.02719988,0.06865449,0.2815396,5.199769,346.5322,354.3827,-0.02719988,0.06865449,0.2815396,-0.05667282,-0.2608003,0.5357519,46.3933,84.15873,192.7998,0.4203077,-0.2743327,0.5201823,45.55742,56.31323,160.3203
4.78,6.383422E+13,-0.02693295,0.06881039,0.2819167,5.115977,346.5379,354.4622,-0.02693295,0.06881039,0.2819167,-0.05667286,-0.2608003,0.5357519,46.39331,84.15874,192.7997,0.4203077,-0.2743326,0.5201823,45.55742,56.31313,160.3201
4.8,6.383422E+13,-0.02644027,0.06931149,0.2828835,4.8492,346.6003,354.6303,-0.02644027,0.06931149,0.2828835,-0.05667287,-0.2608004,0.5357519,46.39344,84.15842,192.7992,0.4203077,-0.2743326,0.5201823,45.55736,56.31316,160.3203
4.82,6.383422E+13,-0.02605414,0.06953785,0.2838274,4.556346,346.6532,354.877,-0.02605414,0.06953785,0.2838274,-0.0566728,-0.2608002,0.5357519,46.39348,84.15862,192.7998,0.4203076,-0.2743326,0.5201823,45.5572,56.31295,160.3201
4.84,6.383422E+13,-0.02585844,0.06959026,0.2842116,4.43771,346.6134,354.9765,-0.02585844,0.06959026,0.2842116,-0.05667285,-0.2608003,0.5357519,46.39338,84.15866,192.7996,0.4203076,-0.2743327,0.5201823,45.55725,56.3131,160.3203
4.86,6.383422E+13,-0.02547257,0.06985613,0.2849921,4.25199,346.551,355.0333,-0.02547257,0.06985613,0.2849921,-0.05667286,-0.2608003,0.5357519,46.39338,84.15875,192.7997,0.4203076,-0.2743326,0.5201823,45.55743,56.31312,160.3202
4.88,6.383422E+13,-0.0252225,0.07022168,0.2854527,4.157225,346.5742,355.068,-0.0252225,0.07022168,0.2854527,-0.05667283,-0.2608002,0.5357519,46.39336,84.15874,192.7998,0.4203077,-0.2743327,0.5201823,45.55737,56.31326,160.3203
4.9,6.383422E+13,-0.02459657,0.07059126,0.2862577,3.847182,346.6103,355.2549,-0.02459657,0.07059126,0.2862577,-0.05667283,-0.2608003,0.5357519,46.39337,84.15868,192.7997,0.4203076,-0.2743326,0.5201823,45.55743,56.31312,160.3202
4.92,6.383422E+13,-0.02410875,0.07058467,0.2869784,3.543689,346.5917,355.5515,-0.02410875,0.07058467,0.2869784,-0.05667286,-0.2608003,0.5357519,46.39348,84.15865,192.7996,0.4203076,-0.2743326,0.5201822,45.55746,56.3128,160.3201
4.94,6.383422E+13,-0.02387683,0.07090063,0.2873845,3.438993,346.5841,355.6808,-0.02387683,0.07090063,0.2873845,-0.05667284,-0.2608003,0.5357519,46.39336,84.15873,192.7997,0.4203076,-0.2743327,0.5201823,45.55728,56.31316,160.3203
4.96,6.383422E+13,-0.02354595,0.07143649,0.2882742,3.197453,346.5872,355.7891,-0.02354595,0.07143649,0.2882742,-0.05667284,-0.2608003,0.5357519,46.39336,84.15873,192.7997,0.4203077,-0.2743327,0.5201823,45.55746,56.31332,160.3204
4.98,6.383422E+13,-0.0234118,0.07182374,0.2886881,3.037624,346.5843,355.8629,-0.0234118,0.07182374,0.2886881,-0.05667283,-0.2608002,0.5357519,46.39336,84.15874,192.7998,0.4203076,-0.2743327,0.5201823,45.55769,56.31334,160.3205
5,6.383422E+13,-0.02293619,0.0722162,0.2895859,2.627764,346.4301,356.2541,-0.02293619,0.0722162,0.2895859,-0.05667285,-0.2608003,0.5357519,46.39338,84.15866,192.7996,0.4203077,-0.2743327,0.5201823,45.55737,56.31326,160.3203
5.02,6.383422E+13,-0.0225431,0.07265507,0.2904253,2.378022,346.3785,356.405,-0.0225431,0.07265507,0.2904253,-0.05667281,-0.2608002,0.5357519,46.39337,84.15863,192.7997,0.4203076,-0.2743326,0.5201822,45.55732,56.31286,160.3202
5.04,6.383422E+13,-0.02246539,0.07294803,0.2909097,2.220505,346.4301,356.4471,-0.02246539,0.07294803,0.2909097,-0.05667282,-0.2608002,0.5357519,46.39346,84.15876,192.7999,0.4203076,-0.2743325,0.5201822,45.55785,56.31255,160.3198
5.06,6.383422E+13,-0.02230845,0.07349831,0.2920845,1.788092,346.3804,356.7695,-0.02230845,0.07349831,0.2920845,-0.05667286,-0.2608002,0.5357519,46.39322,84.15913,192.8002,0.4203077,-0.2743326,0.5201823,45.55743,56.31323,160.3203
5.08,6.383422E+13,-0.02250313,0.07385673,0.2926071,1.533186,346.3326,356.9299,-0.02250313,0.07385673,0.2926071,-0.05667282,-0.2608002,0.5357519,46.39346,84.15876,192.7999,0.4203077,-0.2743326,0.5201823,45.55743,56.31323,160.3203
5.1,6.383422E+13,-0.02287553,0.07450865,0.293887,0.7740478,346.1382,357.0545,-0.02287553,0.07450865,0.293887,-0.05667289,-0.2608003,0.5357519,46.39341,84.15865,192.7995,0.4203077,-0.2743327,0.5201823,45.55732,56.31326,160.3203
5.12,6.383422E+13,-0.02304411,0.07493213,0.2948947,0.2725294,346.0923,357.3134,-0.02304411,0.07493213,0.2948947,-0.05667284,-0.2608003,0.5357519,46.39336,84.15873,192.7997,0.4203076,-0.2743328,0.5201823,45.55743,56.31339,160.3207
5.14,6.383422E+13,-0.0229964,0.07523357,0.2952637,0.03839978,346.0988,357.3399,-0.0229964,0.07523357,0.2952637,-0.05667283,-0.2608002,0.5357519,46.39336,84.15874,192.7998,0.4203076,-0.2743326,0.5201823,45.55763,56.31334,160.3204
5.16,6.383422E+13,-0.02272369,0.07570506,0.2967844,359.4673,346.4288,357.1746,-0.02272369,0.07570506,0.2967844,-0.05667283,-0.2608002,0.5357519,46.39326,84.15887,192.7999,0.4203076,-0.2743326,0.5201823,45.55733,56.31295,160.3201
5.18,6.383422E+13,-0.02274647,0.07549737,0.2973604,359.2461,346.7495,357.0195,-0.02274647,0.07549737,0.2973604,-0.0566729,-0.2608002,0.5357519,46.39349,84.15895,192.7998,0.4203077,-0.2743327,0.5201824,45.55703,56.31318,160.32
5.2,6.383422E+13,-0.02276584,0.0755845,0.2982755,358.8442,347.2423,357.0273,-0.02276584,0.0755845,0.2982755,-0.05667285,-0.2608003,0.5357519,46.39338,84.15866,192.7996,0.4203077,-0.2743326,0.5201823,45.55758,56.31318,160.3203
5.22,6.383422E+13,-0.02276295,0.07623128,0.2993197,358.3354,347.3903,357.2544,-0.02276295,0.07623128,0.2993197,-0.05667286,-0.2608002,0.5357519,46.39329,84.15886,192.7998,0.4203077,-0.2743327,0.5201823,45.55742,56.31323,160.3203
5.24,6.383422E+13,-0.02294136,0.07633195,0.2999122,358.0385,347.476,357.331,-0.02294136,0.07633195,0.2999122,-0.05667282,-0.2608003,0.5357519,46.3933,84.15873,192.7998,0.4203076,-0.2743326,0.5201823,45.55746,56.31305,160.3203
5.26,6.383422E+13,-0.02314652,0.07681197,0.3007235,357.6006,347.7736,357.4189,-0.02314652,0.07681197,0.3007235,-0.05667283,-0.2608003,0.5357519,46.39337,84.15868,192.7997,0.4203076,-0.2743326,0.5201823,45.55719,56.31297,160.32
5.28,6.383422E+13,-0.02332912,0.07729926,0.3011475,357.2911,347.9557,357.4982,-0.02332912,0.07729926,0.3011475,-0.05667286,-0.2608003,0.5357519,46.39331,84.15874,192.7997,0.4203077,-0.2743327,0.5201823,45.55746,56.31335,160.3203
5.3,6.383422E+13,-0.02389566,0.07807282,0.3020575,356.5585,348.1541,357.831,-0.02389566,0.07807282,0.3020575,-0.05667284,-0.2608003,0.5357519,46.39336,84.15873,192.7997,0.4203076,-0.2743326,0.5201823,45.55759,56.31301,160.3201
5.32,6.383422E+13,-0.02419059,0.07824182,0.3024355,356.2904,348.2139,357.9615,-0.02419059,0.07824182,0.3024355,-0.05667283,-0.2608002,0.5357519,46.39336,84.15874,192.7998,0.4203077,-0.2743327,0.5201823,45.55737,56.31325,160.3203
5.34,6.383422E+13,-0.02475377,0.07882389,0.3028326,355.9228,348.4397,358.0114,-0.02475377,0.07882389,0.3028326,-0.05667286,-0.2608002,0.5357519,46.39329,84.15886,192.7998,0.4203076,-0.2743327,0.5201823,45.55728,56.31316,160.3203
5.36,6.383422E+13,-0.02535953,0.07933856,0.3033317,355.61,348.7374,358.0789,-0.02535953,0.07933856,0.3033317,-0.05667283,-0.2608003,0.5357519,46.39337,84.15868,192.7997,0.4203077,-0.2743326,0.5201823,45.55727,56.31316,160.3202
5.38,6.383422E+13,-0.02564508,0.07941609,0.3036342,355.3942,348.8305,358.2014,-0.02564508,0.07941609,0.3036342,-0.05667286,-0.2608003,0.5357519,46.39331,84.15874,192.7997,0.4203076,-0.2743327,0.5201823,45.55728,56.31316,160.3203
5.4,6.383422E+13,-0.0261752,0.07979156,0.3045403,354.9889,348.9676,358.4085,-0.0261752,0.07979156,0.3045403,-0.05667289,-0.2608002,0.5357519,46.39329,84.1589,192.7998,0.4203076,-0.2743326,0.5201823,45.55763,56.31334,160.3204
5.42,6.383422E+13,-0.02684004,0.08010879,0.3052979,354.7281,349.2102,358.338,-0.02684004,0.08010879,0.3052979,-0.05667275,-0.2608002,0.5357518,46.39337,84.15857,192.7999,0.4203076,-0.2743326,0.5201823,45.55746,56.31305,160.3203
5.44,6.383422E+13,-0.02732822,0.08000704,0.3057548,354.6298,349.3366,358.2838,-0.02732822,0.08000704,0.3057548,-0.05667286,-0.2608002,0.5357519,46.39322,84.15913,192.8002,0.4203077,-0.2743326,0.5201823,45.55735,56.31317,160.3202
5.46,6.383422E+13,-0.02808407,0.07965674,0.3067797,354.511,349.3788,358.3966,-0.02808407,0.07965674,0.3067797,-0.0566728,-0.2608003,0.5357519,46.39329,84.15862,192.7997,0.4203077,-0.2743326,0.5201823,45.55735,56.31317,160.3202
5.48,6.383422E+13,-0.02847578,0.07956503,0.3073052,354.5502,349.3319,358.4748,-0.02847578,0.07956503,0.3073052,-0.05667284,-0.2608003,0.5357519,46.39336,84.15873,192.7997,0.4203077,-0.2743326,0.5201823,45.55722,56.31317,160.3201
5.5,6.383422E+13,-0.0293975,0.07917839,0.3082488,354.7084,349.2764,358.5042,-0.0293975,0.07917839,0.3082488,-0.05667284,-0.2608003,0.5357519,46.39336,84.15873,192.7997,0.4203076,-0.2743326,0.5201823,45.55743,56.31312,160.3202
5.52,6.383422E+13,-0.03045373,0.0789155,0.3095503,354.6583,349.1959,358.5086,-0.03045373,0.0789155,0.3095503,-0.05667286,-0.2608003,0.5357519,46.39331,84.15874,192.7997,0.4203077,-0.2743326,0.5201823,45.55727,56.31316,160.3202
5.54,6.383422E+13,-0.03076245,0.07887709,0.3102743,354.5788,349.1614,358.5905,-0.03076245,0.07887709,0.3102743,-0.05667283,-0.2608003,0.5357519,46.39331,84.15865,192.7997,0.4203077,-0.2743326,0.5201823,45.55742,56.31313,160.3201
5.56,6.383422E+13,-0.03113337,0.07856265,0.3117558,354.5003,349.1393,358.7515,-0.03113337,0.07856265,0.3117558,-0.05667285,-0.2608003,0.5357519,46.39331,84.15864,192.7996,0.4203076,-0.2743326,0.5201823,45.55743,56.31312,160.3202
5.58,6.383422E+13,-0.03141482,0.07830985,0.3124426,354.5443,349.2213,358.7484,-0.03141482,0.07830985,0.3124426,-0.05667286,-0.2608003,0.5357519,46.39331,84.15874,192.7997,0.4203076,-0.2743326,0.5201823,45.55719,56.31297,160.32
5.6,6.383422E+13,-0.03173138,0.07790378,0.3140422,354.5526,349.3702,358.7054,-0.03173138,0.07790378,0.3140422,-0.05667283,-0.2608003,0.5357519,46.39331,84.15865,192.7997,0.4203077,-0.2743326,0.5201823,45.55736,56.31316,160.3203
5.62,6.383422E+13,-0.03152001,0.07745457,0.315734,354.6451,349.5565,358.7322,-0.03152001,0.07745457,0.315734,-0.05667286,-0.2608003,0.5357519,46.39331,84.15874,192.7997,0.4203077,-0.2743327,0.5201823,45.55737,56.31325,160.3203
5.64,6.383422E+13,-0.03127716,0.07711031,0.3165087,354.778,349.7148,358.6801,-0.03127716,0.07711031,0.3165087,-0.05667282,-0.2608002,0.5357519,46.39363,84.15879,192.8,0.4203076,-0.2743326,0.5201823,45.55743,56.31312,160.3202
5.66,6.383422E+13,-0.03066203,0.07642957,0.3182255,355.1095,350.188,358.5207,-0.03066203,0.07642957,0.3182255,-0.05667289,-0.2608003,0.5357519,46.39341,84.15865,192.7995,0.4203076,-0.2743326,0.5201822,45.55746,56.3128,160.3201
5.68,6.383422E+13,-0.03017675,0.07609075,0.3191219,355.2516,350.4813,358.4563,-0.03017675,0.07609075,0.3191219,-0.05667289,-0.2608004,0.5357519,46.3933,84.15862,192.7994,0.4203076,-0.2743326,0.5201823,45.55743,56.31288,160.3201
5.7,6.383422E+13,-0.02868752,0.0752452,0.320703,355.605,351.2842,358.2628,-0.02868752,0.0752452,0.320703,-0.05667283,-0.2608003,0.5357519,46.39354,84.15845,192.7994,0.4203076,-0.2743326,0.5201823,45.55735,56.3131,160.3203
5.72,6.383422E+13,-0.02782826,0.07484694,0.321537,355.7723,351.907,357.9976,-0.02782826,0.07484694,0.321537,-0.05667286,-0.2608003,0.5357519,46.39331,84.15874,192.7997,0.4203077,-0.2743327,0.5201823,45.55737,56.31325,160.3203
5.74,6.383422E+13,-0.02566509,0.07461359,0.3232184,356.0195,353.4895,357.4931,-0.02566509,0.07461359,0.3232184,-0.05667284,-0.2608003,0.5357519,46.39332,84.15873,192.7997,0.4203077,-0.2743326,0.5201823,45.55758,56.31318,160.3203
5.76,6.383422E+13,-0.02340139,0.07452666,0.3248021,355.927,354.9862,357.4841,-0.02340139,0.07452666,0.3248021,-0.05667286,-0.2608003,0.5357519,46.39338,84.15875,192.7997,0.4203077,-0.2743327,0.5201823,45.55737,56.31326,160.3203
5.78,6.383422E+13,-0.02222948,0.07452577,0.3254604,355.8496,355.6482,357.4925,-0.02222948,0.07452577,0.3254604,-0.05667283,-0.2608003,0.5357519,46.39341,84.15848,192.7995,0.4203076,-0.2743327,0.5201823,45.55728,56.31316,160.3203
5.8,6.383422E+13,-0.02018,0.0750347,0.3266792,355.4939,356.9566,357.5917,-0.02018,0.0750347,0.3266792,-0.05667284,-0.2608003,0.5357519,46.39336,84.15873,192.7997,0.4203076,-0.2743326,0.5201823,45.55759,56.31301,160.3201
5.82,6.383422E+13,-0.01836984,0.07527602,0.3278254,355.0211,358.0292,357.7552,-0.01836984,0.07527602,0.3278254,-0.05667283,-0.2608003,0.5357519,46.39331,84.15865,192.7997,0.4203076,-0.2743326,0.5201823,45.5572,56.31295,160.3201
5.84,6.383422E+13,-0.01757515,0.07552738,0.3284042,354.7452,358.4865,357.8342,-0.01757515,0.07552738,0.3284042,-0.05667285,-0.2608003,0.5357519,46.39331,84.15864,192.7996,0.4203076,-0.2743326,0.5201823,45.55759,56.31301,160.3201
5.86,6.383422E+13,-0.01634219,0.07636547,0.3296246,354.0006,359.2922,357.8471,-0.01634219,0.07636547,0.3296246,-0.05667285,-0.2608003,0.5357519,46.39331,84.15864,192.7996,0.4203077,-0.2743327,0.5201823,45.55737,56.31326,160.3203
5.88,6.383422E+13,-0.01571872,0.07682288,0.3301345,353.5762,359.5938,357.83,-0.01571872,0.07682288,0.3301345,-0.05667284,-0.2608003,0.5357519,46.39336,84.15873,192.7997,0.4203076,-0.2743326,0.5201823,45.55763,56.31295,160.3202
5.9,6.383422E+13,-0.01475491,0.0775578,0.3313747,352.7581,0.1587021,357.8479,-0.01475491,0.0775578,0.3313747,-0.05667284,-0.2608003,0.5357519,46.39332,84.15873,192.7997,0.4203077,-0.2743326,0.5201823,45.55735,56.31317,160.3202
5.92,6.383422E+13,-0.01406408,0.07786904,0.3325805,352.2059,0.4445577,357.9223,-0.01406408,0.07786904,0.3325805,-0.05667284,-0.2608003,0.5357519,46.39336,84.15873,192.7997,0.4203076,-0.2743327,0.5201823,45.55728,56.31316,160.3203
5.94,6.383422E+13,-0.01375679,0.07795251,0.3331666,352.0346,0.5334741,357.9271,-0.01375679,0.07795251,0.3331666,-0.0566728,-0.2608003,0.5357519,46.39339,84.1585,192.7996,0.4203077,-0.2743326,0.5201823,45.55742,56.31313,160.3201
5.96,6.383422E+13,-0.0132635,0.07808499,0.3346491,351.7139,0.7070559,357.9497,-0.0132635,0.07808499,0.3346491,-0.05667285,-0.2608003,0.5357519,46.39338,84.15866,192.7996,0.4203077,-0.2743326,0.5201823,45.55736,56.31316,160.3203
5.98,6.383422E+13,-0.01318873,0.07801156,0.3355044,351.6181,0.721216,357.9241,-0.01318873,0.07801156,0.3355044,-0.05667285,-0.2608003,0.5357519,46.39338,84.15866,192.7996,0.4203076,-0.2743326,0.5201823,45.55732,56.31297,160.32
6,6.383422E+13,-0.01312458,0.07751084,0.3373933,351.5451,0.613659,357.9291,-0.01312458,0.07751084,0.3373933,-0.05667284,-0.2608003,0.5357519,46.39336,84.15873,192.7997,0.4203077,-0.2743327,0.5201823,45.55732,56.31326,160.3203
6.02,6.383422E+13,-0.01305541,0.07701596,0.3394299,351.5616,0.4162429,357.9283,-0.01305541,0.07701596,0.3394299,-0.05667282,-0.2608003,0.5357519,46.3933,84.15873,192.7998,0.4203077,-0.2743327,0.5201823,45.55737,56.31325,160.3203
6.04,6.383422E+13,-0.01306615,0.07681444,0.3404711,351.5738,0.2753345,357.9293,-0.01306615,0.07681444,0.3404711,-0.05667283,-0.2608002,0.5357519,46.39336,84.15874,192.7998,0.4203077,-0.2743326,0.5201823,45.55743,56.3131,160.32
6.06,6.383422E+13,-0.01334884,0.07636347,0.3427869,351.4851,359.9258,357.9122,-0.01334884,0.07636347,0.3427869,-0.05667285,-0.2608003,0.5357519,46.39331,84.15864,192.7996,0.4203076,-0.2743326,0.5201822,45.55727,56.31258,160.3198
6.08,6.383422E+13,-0.01349087,0.07614322,0.3440851,351.3771,359.7108,357.8847,-0.01349087,0.07614322,0.3440851,-0.05667283,-0.2608003,0.5357519,46.39346,84.15865,192.7997,0.4203076,-0.2743326,0.5201823,45.55763,56.31295,160.3202
6.1,6.383422E+13,-0.013878,0.07534391,0.34666,351.2833,359.2538,357.7977,-0.013878,0.07534391,0.34666,-0.05667283,-0.2608002,0.5357519,46.39336,84.15874,192.7998,0.4203077,-0.2743326,0.5201823,45.55736,56.31316,160.3203
6.12,6.383422E+13,-0.01422878,0.07435068,0.3492148,351.4513,358.7763,357.8001,-0.01422878,0.07435068,0.3492148,-0.05667286,-0.2608002,0.5357519,46.39329,84.15886,192.7998,0.4203077,-0.2743326,0.5201823,45.55736,56.31316,160.3203
6.14,6.383422E+13,-0.01438332,0.07401107,0.3506024,351.5009,358.5608,357.7903,-0.01438332,0.07401107,0.3506024,-0.05667285,-0.2608003,0.5357519,46.39338,84.15866,192.7996,0.4203077,-0.2743327,0.5201823,45.5573,56.31327,160.3203
6.16,6.383422E+13,-0.01465337,0.07344664,0.35358,351.531,358.1528,357.7423,-0.01465337,0.07344664,0.35358,-0.05667279,-0.2608004,0.5357519,46.39344,84.15814,192.7991,0.4203077,-0.2743326,0.5201823,45.55727,56.31316,160.3202
6.18,6.383422E+13,-0.01477114,0.07316827,0.3551874,351.5552,358.0249,357.7283,-0.01477114,0.07316827,0.3551874,-0.05667285,-0.2608003,0.5357519,46.39331,84.15864,192.7996,0.4203076,-0.2743326,0.5201823,45.55732,56.31297,160.32
6.2,6.383422E+13,-0.01499343,0.07333023,0.358253,351.5687,357.7717,357.687,-0.01499343,0.07333023,0.358253,-0.05677589,-0.2610408,0.5358043,46.38755,84.13538,192.7701,0.4209488,-0.2746374,0.5200262,45.47282,56.16251,160.2607
6.22,6.383422E+13,-0.0150874,0.07488421,0.3609879,351.332,357.8467,357.6692,-0.0150874,0.07488421,0.3609879,-0.05727892,-0.2609518,0.5355511,46.39372,84.09753,192.7179,0.4208643,-0.2750447,0.5190074,45.4723,56.14302,160.2396
6.24,6.383422E+13,-0.01521807,0.07491681,0.3623648,351.0692,357.9861,357.5779,-0.01521807,0.07491681,0.3623648,-0.05756864,-0.260873,0.5354802,46.39069,84.18381,192.8396,0.4208246,-0.2749199,0.5187809,45.51255,56.18087,160.2939
6.26,6.383422E+13,-0.0162606,0.07496734,0.3645376,350.8155,358.0333,357.6495,-0.0162606,0.07496734,0.3645376,-0.05767956,-0.2609151,0.5354129,46.37809,84.21962,192.8841,0.4203787,-0.2740783,0.5188086,45.4958,56.19654,160.3165
6.28,6.383422E+13,-0.01666656,0.07546946,0.3652702,350.7238,357.913,357.9879,-0.01666656,0.07546946,0.3652702,-0.05772031,-0.2609354,0.5353671,46.38686,84.1744,192.8214,0.4205759,-0.2741032,0.5185798,45.4838,56.13564,160.2323
6.3,6.383422E+13,-0.01831279,0.07633589,0.3671678,350.2106,357.5382,358.6587,-0.01831279,0.07633589,0.3671678,-0.05781179,-0.2609727,0.53527,46.39856,84.05791,192.6709,0.4206553,-0.2742704,0.5182972,45.4765,56.12802,160.2228
6.32,6.383422E+13,-0.01915263,0.07608372,0.3681231,349.81,357.1906,359.0519,-0.01915263,0.07608372,0.3681231,-0.05747147,-0.2589624,0.5349002,46.37682,84.18712,192.8367,0.421192,-0.2744818,0.5184265,45.49544,56.19138,160.3029
6.34,6.383422E+13,-0.0212737,0.07706297,0.3696229,348.8919,356.8894,359.7667,-0.0212737,0.07706297,0.3696229,-0.05704501,-0.2566135,0.5344118,46.37835,84.19299,192.8425,0.4215902,-0.2747136,0.5185244,45.48617,56.16809,160.2797
6.36,6.383422E+13,-0.02364264,0.07819194,0.370358,347.9122,356.4917,0.8896726,-0.02364264,0.07819194,0.370358,-0.05706125,-0.2564481,0.5342984,46.38767,84.10384,192.7256,0.4220355,-0.2749566,0.5181066,45.47295,56.09515,160.1862
6.38,6.383422E+13,-0.02474369,0.07870411,0.3703339,347.4789,356.2226,1.53907,-0.02474369,0.07870411,0.3703339,-0.05701497,-0.256267,0.5342541,46.39352,84.09386,192.7132,0.4218779,-0.2748405,0.5180234,45.4747,56.15249,160.2618
6.4,6.383422E+13,-0.02779944,0.07995979,0.3708512,346.5943,355.826,2.643837,-0.02779944,0.07995979,0.3708512,-0.05693212,-0.2556162,0.5341999,46.38435,84.15336,192.7881,0.4212733,-0.2743487,0.5179451,45.4751,56.15312,160.2614
6.42,6.383422E+13,-0.03100206,0.08083424,0.3701947,346.0881,355.2611,3.348154,-0.03100206,0.08083424,0.3701947,-0.0569082,-0.2554804,0.534049,46.38319,84.14297,192.7757,0.4209794,-0.2740258,0.5177907,45.46188,56.11126,160.2057
6.44,6.383422E+13,-0.03302857,0.08104863,0.3703396,345.8092,355.086,3.681335,-0.03302857,0.08104863,0.3703396,-0.05688729,-0.2553989,0.5339578,46.38466,84.11182,192.7309,0.420833,-0.2739967,0.5177002,45.46334,56.10963,160.2086
6.46,6.383422E+13,-0.03675133,0.08140265,0.3706633,345.1114,354.4471,4.30883,-0.03675133,0.08140265,0.3706633,-0.0568352,-0.2552688,0.5338235,46.38054,84.13152,192.7598,0.4207655,-0.2743198,0.5172718,45.47021,56.13327,160.2427
6.48,6.383422E+13,-0.03856532,0.08159617,0.3702407,344.9264,354.0614,4.566362,-0.03856532,0.08159617,0.3702407,-0.05684531,-0.2553492,0.5338547,46.38342,84.15015,192.7844,0.4203439,-0.2741359,0.5171201,45.46813,56.1329,160.2435
6.5,6.383422E+13,-0.04254301,0.0821737,0.3698293,344.6552,353.2796,4.842802,-0.04254301,0.0821737,0.3698293,-0.05688787,-0.2555144,0.5339534,46.38289,84.13698,192.7671,0.419483,-0.2733986,0.5169013,45.4589,56.10469,160.2068
6.52,6.383422E+13,-0.04607623,0.08255473,0.3692383,344.2782,352.6554,5.350514,-0.04607623,0.08255473,0.3692383,-0.05681374,-0.2552304,0.53394,46.38832,84.0983,192.7121,0.4189354,-0.2729079,0.5167851,45.45969,56.11587,160.2233
6.54,6.383422E+13,-0.04778029,0.08282091,0.3688575,344.1784,352.3113,5.530001,-0.04778029,0.08282091,0.3688575,-0.05680544,-0.2551581,0.533963,46.38094,84.12878,192.7528,0.4187742,-0.2727706,0.5166914,45.45997,56.12083,160.2314
6.56,6.383422E+13,-0.05126357,0.08309118,0.368506,343.8821,351.7538,5.962878,-0.05126357,0.08309118,0.368506,-0.05683931,-0.2554588,0.5340394,46.37865,84.15057,192.782,0.418687,-0.2727821,0.5162807,45.45383,56.10662,160.2123
6.58,6.383422E+13,-0.05284603,0.08304219,0.3685453,343.7093,351.4656,6.21583,-0.05284603,0.08304219,0.3685453,-0.05680805,-0.2554989,0.5339935,46.38068,84.14016,192.7686,0.4186908,-0.272744,0.5161264,45.4516,56.09612,160.199
6.6,6.383422E+13,-0.05587232,0.08274661,0.3680817,343.577,351.0132,6.621377,-0.05587232,0.08274661,0.3680817,-0.05673225,-0.2554415,0.5338809,46.38615,84.09798,192.7119,0.4187517,-0.2726212,0.5158747,45.45437,56.10027,160.2072
6.62,6.383422E+13,-0.05863123,0.08279119,0.3680579,343.4632,350.5596,6.750371,-0.05863123,0.08279119,0.3680579,-0.05664698,-0.2553027,0.5339363,46.38091,84.13972,192.767,0.4188039,-0.2725121,0.515679,45.45568,56.10534,160.215
6.64,6.383422E+13,-0.05994632,0.08298332,0.3676572,343.3666,350.3495,6.66873,-0.05994632,0.08298332,0.3676572,-0.05660541,-0.2552643,0.5339218,46.38017,84.14174,192.7695,0.4188378,-0.2724459,0.5155727,45.4557,56.10042,160.209
6.66,6.383422E+13,-0.06216767,0.08366363,0.3671778,343.3603,350.1058,6.947253,-0.06216767,0.08366363,0.3671778,-0.05652468,-0.2551915,0.533771,46.38313,84.10046,192.7129,0.4188918,-0.2723174,0.5154185,45.45208,56.08631,160.1913
6.68,6.383422E+13,-0.06372987,0.08472036,0.3667527,343.4052,350.0654,7.034182,-0.06372987,0.08472036,0.3667527,-0.05648474,-0.2551792,0.5337134,46.38605,84.09522,192.7076,0.4132377,-0.2680016,0.5140425,45.47114,56.16835,160.2379
6.7,6.383422E+13,-0.06517196,0.08387311,0.3670585,343.0443,349.9099,7.65686,-0.06517196,0.08387311,0.3670585,-0.05640858,-0.2551157,0.5336151,46.38073,84.12997,192.7565,0.4044355,-0.2613357,0.5119217,45.49694,56.2819,160.2924
6.72,6.383422E+13,-0.06680465,0.08441713,0.3667553,342.9447,349.9014,8.18097,-0.06680465,0.08441713,0.3667553,-0.05634727,-0.2550636,0.5335453,46.38223,84.12132,192.7457,0.4032771,-0.2602405,0.511677,45.48944,56.26132,160.2631
6.74,6.383422E+13,-0.06759479,0.08462045,0.3666908,342.8631,349.9778,8.435642,-0.06759479,0.08462045,0.3666908,-0.0564134,-0.2556939,0.5336423,46.38432,84.09741,192.7135,0.4027169,-0.2596812,0.51169,45.492,56.26237,160.267
6.76,6.383422E+13,-0.06865856,0.08457696,0.3667174,342.764,350.1573,8.820563,-0.06865856,0.08457696,0.3667174,-0.05672137,-0.2578089,0.5340866,46.3778,84.12411,192.7476,0.4013726,-0.2585307,0.5116102,45.49597,56.27748,160.2878
6.78,6.383422E+13,-0.06915572,0.08449501,0.3666654,342.7843,350.2835,8.871308,-0.06915572,0.08449501,0.3666654,-0.05672612,-0.2579536,0.5340871,46.37973,84.13641,192.7639,0.4007486,-0.2579937,0.5115966,45.4986,56.27604,160.2879
6.8,6.383422E+13,-0.07036385,0.08452645,0.3664541,342.829,350.4512,8.84586,-0.07036385,0.08452645,0.3664541,-0.05671388,-0.2581232,0.5340468,46.37889,84.12457,192.7496,0.3993775,-0.2568478,0.5114982,45.48714,56.25658,160.2583
6.82,6.383422E+13,-0.07130664,0.08431426,0.3665522,342.8493,350.5275,8.948713,-0.07130664,0.08431426,0.3665522,-0.0567027,-0.2582926,0.5340132,46.3833,84.09405,192.7085,0.398183,-0.2558875,0.5113606,45.49746,56.27064,160.2791
6.84,6.383422E+13,-0.07191714,0.08432541,0.3666171,342.8395,350.552,8.935468,-0.07191714,0.08432541,0.3666171,-0.05670226,-0.2584129,0.5340216,46.3791,84.11655,192.7389,0.3973956,-0.2552774,0.5113009,45.49676,56.28167,160.2903
6.86,6.383422E+13,-0.07307056,0.08448148,0.3665372,342.8108,350.3969,8.845856,-0.07307056,0.08448148,0.3665372,-0.05670018,-0.2585506,0.5340296,46.37672,84.13023,192.7577,0.3960086,-0.2542477,0.5112748,45.49787,56.26252,160.2692
6.88,6.383422E+13,-0.0734675,0.08452499,0.3665694,342.817,350.222,8.814698,-0.0734675,0.08452499,0.3665694,-0.05672014,-0.2588874,0.5341347,46.37943,84.11658,192.7396,0.3953238,-0.2536881,0.511321,45.49521,56.25612,160.2563
6.9,6.383422E+13,-0.07435168,0.08454986,0.3665545,342.8713,350.0457,8.671694,-0.07435168,0.08454986,0.3665545,-0.05676018,-0.2594764,0.5343523,46.38164,84.09835,192.7134,0.3939649,-0.2525764,0.5113254,45.49628,56.2701,160.2778
6.92,6.383422E+13,-0.0751518,0.08469803,0.3666689,342.8733,349.8812,8.425065,-0.0751518,0.08469803,0.3666689,-0.05676561,-0.2597959,0.534523,46.37761,84.12527,192.7489,0.3927474,-0.2515461,0.5112493,45.49894,56.2681,160.2762
6.94,6.383422E+13,-0.07550029,0.08447703,0.3665148,342.969,349.8522,8.358854,-0.07550029,0.08447703,0.3665148,-0.05676858,-0.2599121,0.5345536,46.37577,84.12511,192.7492,0.3920371,-0.2509519,0.5112114,45.4986,56.25696,160.2598
6.96,6.383422E+13,-0.07603829,0.08469976,0.3662593,343.074,349.5691,8.147074,-0.07603829,0.08469976,0.3662593,-0.05678208,-0.2601995,0.534524,46.37798,84.10098,192.717,0.3907987,-0.2499251,0.5111886,45.49977,56.25779,160.2641
6.98,6.383422E+13,-0.0762647,0.08436847,0.366259,343.1645,349.5181,8.034071,-0.0762647,0.08436847,0.366259,-0.05675798,-0.260121,0.5345463,46.37963,84.1002,192.7157,0.3925035,-0.2507731,0.5118555,45.49781,56.26008,160.2639
7,6.383422E+13,-0.07671829,0.0844816,0.366172,343.2309,349.3543,7.710752,-0.07671829,0.0844816,0.366172,-0.05672319,-0.2600661,0.5346259,46.37716,84.12042,192.7433,0.3925035,-0.2507731,0.5118555,45.49778,56.25995,160.2636
7.02,6.383422E+13,-0.07718673,0.08427913,0.3660231,343.3908,349.212,7.54844,-0.07718673,0.08427913,0.3660231,-0.0567455,-0.2602538,0.5345879,46.37825,84.11446,192.7357,0.3925035,-0.2507731,0.5118555,45.49756,56.26003,160.2638
7.04,6.383422E+13,-0.07731093,0.08417102,0.3660742,343.4208,349.2142,7.436185,-0.07731093,0.08417102,0.3660742,-0.0567475,-0.2603397,0.5345948,46.37823,84.10167,192.7195,0.3925036,-0.250773,0.5118555,45.49799,56.25992,160.2635
7.06,6.383422E+13,-0.07751226,0.08406179,0.3662313,343.5337,349.272,7.194511,-0.07751226,0.08406179,0.3662313,-0.05672998,-0.2604205,0.5346746,46.37755,84.10692,192.7243,0.3925035,-0.2507731,0.5118555,45.49771,56.26011,160.2638
7.08,6.383422E+13,-0.07763308,0.08402358,0.3662737,343.6294,349.3187,7.163037,-0.07763308,0.08402358,0.3662737,-0.0567278,-0.2604768,0.5347176,46.3747,84.11607,192.7371,0.3925035,-0.2507731,0.5118555,45.49776,56.25992,160.2636
7.1,6.383422E+13,-0.07794001,0.08407601,0.3664063,343.6387,349.5601,7.331628,-0.07794001,0.08407601,0.3664063,-0.05672886,-0.2605807,0.5347816,46.37511,84.11327,192.7319,0.3925035,-0.250773,0.5118555,45.49797,56.25976,160.2634
7.12,6.383422E+13,-0.07817162,0.08425743,0.3665341,343.6107,350.0475,7.603843,-0.07817162,0.08425743,0.3665341,-0.05671402,-0.2606462,0.5348264,46.37618,84.10335,192.7177,0.3925035,-0.2507732,0.5118555,45.49784,56.26012,160.2641
7.14,6.383422E+13,-0.07825681,0.08434352,0.3664994,343.7007,350.3415,7.724993,-0.07825681,0.08434352,0.3664994,-0.05671863,-0.2607357,0.5348411,46.37455,84.11236,192.729,0.3925035,-0.2507731,0.5118555,45.49771,56.25988,160.2636
7.16,6.383422E+13,-0.07855798,0.08448581,0.3662661,343.9071,350.726,8.022404,-0.07855798,0.08448581,0.3662661,-0.05673935,-0.2608793,0.5348072,46.37318,84.12032,192.7418,0.3925035,-0.2507731,0.5118555,45.49776,56.25992,160.2636
7.18,6.383422E+13,-0.07877235,0.08467964,0.3661335,343.9189,350.9056,8.182795,-0.07877235,0.08467964,0.3661335,-0.05675264,-0.2609724,0.5347599,46.37407,84.11739,192.7388,0.3925036,-0.250773,0.5118555,45.49782,56.25984,160.2636
7.2,6.383422E+13,-0.07966058,0.0853996,0.3657912,343.9235,351.1382,8.297338,-0.07966058,0.0853996,0.3657912,-0.0567788,-0.2611374,0.5346981,46.37492,84.1058,192.7242,0.3925035,-0.2507731,0.5118555,45.49793,56.25989,160.2639
7.22,6.383422E+13,-0.08037341,0.08566577,0.3652033,344.0831,351.2263,8.332828,-0.08037341,0.08566577,0.3652033,-0.05680418,-0.2613004,0.5346457,46.37274,84.1246,192.7509,0.3925035,-0.2507731,0.5118555,45.49779,56.26005,160.2638
7.24,6.383422E+13,-0.08079909,0.08575603,0.3648956,344.1613,351.2802,8.313231,-0.08079909,0.08575603,0.3648956,-0.0566999,-0.2606637,0.5345638,46.37365,84.12952,192.7577,0.3925035,-0.2507731,0.5118555,45.49776,56.25988,160.2636
7.26,6.383422E+13,-0.08191683,0.08586973,0.3643025,344.2171,351.3188,8.204069,-0.08191683,0.08586973,0.3643025,-0.0564675,-0.2592438,0.5344142,46.37954,84.12489,192.7527,0.3925035,-0.250773,0.5118555,45.49775,56.2597,160.2635
7.28,6.383422E+13,-0.08246317,0.08588605,0.3639568,344.2228,351.2283,8.186745,-0.08246317,0.08588605,0.3639568,-0.05644184,-0.2590394,0.5343522,46.38135,84.11796,192.7439,0.3925035,-0.250773,0.5118555,45.49772,56.2597,160.2634
7.3,6.383422E+13,-0.08384808,0.08599899,0.3634203,344.2027,350.9855,8.051147,-0.08384808,0.08599899,0.3634203,-0.0564562,-0.2589907,0.5342676,46.37941,84.1301,192.7601,0.3925035,-0.2507731,0.5118555,45.49772,56.25996,160.2637
7.32,6.383422E+13,-0.08545355,0.08608349,0.3628259,344.2677,350.644,7.837808,-0.08545355,0.08608349,0.3628259,-0.05646133,-0.2589436,0.5342003,46.37982,84.1306,192.7616,0.3925035,-0.250773,0.5118555,45.49775,56.2597,160.2635
7.34,6.383422E+13,-0.08625418,0.0861167,0.3624607,344.3162,350.4436,7.766873,-0.08625418,0.0861167,0.3624607,-0.05646236,-0.2589147,0.534166,46.38022,84.12578,192.754,0.3925035,-0.2507731,0.5118555,45.49776,56.25988,160.2636
7.36,6.383422E+13,-0.08808341,0.08618953,0.3618734,344.4425,350.0302,7.621354,-0.08808341,0.08618953,0.3618734,-0.05646659,-0.2588679,0.5341132,46.38157,84.11739,192.7447,0.3925036,-0.250773,0.5118555,45.49783,56.25984,160.2635
7.38,6.383422E+13,-0.08906837,0.08622387,0.3616132,344.5138,349.8142,7.546874,-0.08906837,0.08622387,0.3616132,-0.05638471,-0.2582692,0.5340641,46.38131,84.12399,192.7521,0.3925036,-0.2507731,0.5118555,45.49776,56.25989,160.2636
7.4,6.383422E+13,-0.09105979,0.08620333,0.3608285,344.7537,349.2749,7.418449,-0.09105979,0.08620333,0.3608285,-0.05618053,-0.2567938,0.5339506,46.38235,84.13205,192.7647,0.3925035,-0.250773,0.5118555,45.49799,56.2599,160.2636
7.42,6.383422E+13,-0.09290101,0.08602414,0.3599107,344.9635,348.7083,7.283271,-0.09290101,0.08602414,0.3599107,-0.05622868,-0.2569288,0.533886,46.38247,84.12708,192.7584,0.3925035,-0.2507731,0.5118555,45.49768,56.25988,160.2636
7.44,6.383422E+13,-0.0938884,0.08604307,0.3594864,345.0407,348.4607,7.16554,-0.0938884,0.08604307,0.3594864,-0.05622865,-0.2569288,0.533886,46.38245,84.12709,192.7586,0.3925035,-0.2507731,0.5118555,45.49783,56.25993,160.2637
7.46,6.383422E+13,-0.09571075,0.08612835,0.3586729,345.1185,347.9733,7.115033,-0.09571075,0.08612835,0.3586729,-0.0562286,-0.2569285,0.533886,46.38236,84.1279,192.7598,0.3925036,-0.2507731,0.5118555,45.49776,56.25989,160.2636
7.48,6.383422E+13,-0.09659655,0.08622111,0.3582239,345.1395,347.7186,7.164287,-0.09659655,0.08622111,0.3582239,-0.05622871,-0.2569287,0.533886,46.38242,84.12746,192.7588,0.3925035,-0.2507731,0.5118555,45.49776,56.25988,160.2636
7.5,6.383422E+13,-0.09811129,0.08622788,0.3572247,345.1633,347.2881,7.233212,-0.09811129,0.08622788,0.3572247,-0.05622869,-0.2569288,0.533886,46.38238,84.12725,192.7586,0.3925036,-0.250773,0.5118557,45.49755,56.25989,160.2632
7.52,6.383422E+13,-0.09962693,0.08633581,0.3562501,345.1976,347.033,7.33219,-0.09962693,0.08633581,0.3562501,-0.05622871,-0.2569288,0.533886,46.38238,84.12735,192.7587,0.3925035,-0.2507731,0.5118555,45.49768,56.25984,160.2637
7.54,6.383422E+13,-0.1002338,0.08641584,0.355749,345.1912,346.9143,7.476764,-0.1002338,0.08641584,0.355749,-0.05622867,-0.2569287,0.533886,46.38252,84.12736,192.7589,0.3925035,-0.2507731,0.5118555,45.49787,56.25992,160.2637
7.56,6.383422E+13,-0.1013222,0.08651598,0.3546272,345.1884,346.7831,7.766898,-0.1013222,0.08651598,0.3546272,-0.05622866,-0.2569286,0.533886,46.38222,84.12779,192.7594,0.3925035,-0.2507731,0.5118555,45.49776,56.25988,160.2636
7.58,6.383422E+13,-0.1019182,0.08657777,0.3541213,345.1328,346.7836,7.83589,-0.1019182,0.08657777,0.3541213,-0.05622872,-0.2569288,0.533886,46.38254,84.12738,192.7587,0.3925035,-0.2507731,0.5118555,45.49768,56.25988,160.2636
7.6,6.383422E+13,-0.1028111,0.08670501,0.3530412,345.0811,346.8095,8.089702,-0.1028111,0.08670501,0.3530412,-0.0562287,-0.256929,0.5338861,46.38219,84.12691,192.7581,0.3925035,-0.250773,0.5118555,45.49797,56.25975,160.2635
7.62,6.383422E+13,-0.1037385,0.0870247,0.3519613,344.948,346.8874,8.413856,-0.1037385,0.0870247,0.3519613,-0.0562287,-0.2569288,0.533886,46.38245,84.12727,192.7586,0.3925035,-0.2507731,0.5118555,45.49772,56.25996,160.2637
7.64,6.383422E+13,-0.104158,0.08707631,0.351404,344.8781,346.9128,8.587798,-0.104158,0.08707631,0.351404,-0.05622864,-0.2569284,0.533886,46.38234,84.12834,192.7603,0.3925035,-0.2507731,0.5118555,45.49778,56.25995,160.2636
7.66,6.383422E+13,-0.1049675,0.08734077,0.3504045,344.6852,346.9282,8.914036,-0.1049675,0.08734077,0.3504045,-0.05622872,-0.2569286,0.533886,46.38256,84.12781,192.7593,0.3925035,-0.250773,0.5118555,45.49799,56.2599,160.2636
7.68,6.383422E+13,-0.1054754,0.08750498,0.3499031,344.5851,346.938,9.062036,-0.1054754,0.08750498,0.3499031,-0.05622871,-0.2569288,0.533886,46.38238,84.12735,192.7587,0.3925035,-0.250773,0.5118555,45.49772,56.2597,160.2634
7.7,6.383422E+13,-0.106277,0.08772089,0.3490082,344.4618,346.9442,9.444562,-0.106277,0.08772089,0.3490082,-0.05622872,-0.2569289,0.533886,46.38251,84.12701,192.7582,0.3925035,-0.2507731,0.5118555,45.49783,56.25993,160.2637
7.72,6.383422E+13,-0.1070805,0.08796652,0.3482113,344.3572,346.9035,9.767302,-0.1070805,0.08796652,0.3482113,-0.05622865,-0.2569287,0.533886,46.38242,84.12753,192.7592,0.3925035,-0.2507731,0.5118555,45.49778,56.25995,160.2636
7.74,6.383422E+13,-0.1074275,0.08810002,0.347872,344.3072,346.8672,9.928533,-0.1074275,0.08810002,0.347872,-0.05622867,-0.2569285,0.533886,46.38257,84.12788,192.7596,0.3925036,-0.2507731,0.5118555,45.49776,56.25989,160.2636
7.76,6.383422E+13,-0.108083,0.08825739,0.3472575,344.2459,346.8549,10.16398,-0.108083,0.08825739,0.3472575,-0.05622872,-0.2569288,0.533886,46.38254,84.12738,192.7587,0.3925036,-0.250773,0.5118556,45.49784,56.25982,160.2634
7.78,6.383422E+13,-0.1084255,0.08829105,0.3470654,344.2066,346.8713,10.23524,-0.1084255,0.08829105,0.3470654,-0.0562287,-0.2569288,0.533886,46.38245,84.12727,192.7586,0.3925035,-0.250773,0.5118555,45.49783,56.25994,160.2636
7.8,6.383422E+13,-0.1090609,0.08832579,0.3468218,344.1335,346.9301,10.37027,-0.1090609,0.08832579,0.3468218,-0.0562287,-0.2569288,0.533886,46.38245,84.12727,192.7586,0.3925022,-0.2507598,0.5118529,45.47879,56.20962,160.2017
7.82,6.383422E+13,-0.109831,0.08839916,0.3467344,344.0886,346.929,10.43392,-0.109831,0.08839916,0.3467344,-0.05622865,-0.2569287,0.533886,46.38242,84.12753,192.7592,0.3961664,-0.2533198,0.5120575,45.55785,56.12967,160.1759
7.84,6.383422E+13,-0.1101805,0.08837832,0.3467687,344.075,346.8961,10.48655,-0.1101805,0.08837832,0.3467687,-0.0562286,-0.2569285,0.533886,46.38236,84.1279,192.7598,0.3961056,-0.2533132,0.5119347,45.56345,56.18695,160.1675
7.86,6.383422E+13,-0.1109359,0.08837995,0.3467979,344.0534,346.8218,10.60751,-0.1109359,0.08837995,0.3467979,-0.05622867,-0.2569289,0.533886,46.38237,84.12704,192.7584,0.3961228,-0.2533873,0.510974,45.57996,56.60555,160.1767
7.88,6.383422E+13,-0.1112643,0.08837345,0.3468288,344.0432,346.7737,10.64574,-0.1112643,0.08837345,0.3468288,-0.05622873,-0.2569289,0.5338861,46.38221,84.12717,192.7583,0.3962122,-0.2533526,0.5103672,45.58307,56.9779,160.1786
7.9,6.383422E+13,-0.111875,0.08830496,0.3470289,344.0171,346.6679,10.71553,-0.111875,0.08830496,0.3470289,-0.05622867,-0.2569289,0.533886,46.38237,84.12704,192.7584,0.3962435,-0.2532681,0.5102058,45.59238,56.94258,160.1063
7.92,6.383422E+13,-0.1124863,0.0884319,0.3472118,343.9553,346.5393,10.78643,-0.1124863,0.0884319,0.3472118,-0.05622867,-0.2569286,0.533886,46.38239,84.12781,192.7595,0.3961445,-0.2532647,0.5104955,45.58064,56.75523,160.1658
7.94,6.383422E+13,-0.1126722,0.08846603,0.3473112,343.9488,346.4761,10.82373,-0.1126722,0.08846603,0.3473112,-0.05622864,-0.2569287,0.533886,46.38229,84.12752,192.7592,0.3961096,-0.253243,0.5105566,45.58985,56.77366,160.178
7.96,6.383422E+13,-0.1131944,0.08847581,0.3475811,343.9446,346.4405,10.84392,-0.1131944,0.08847581,0.3475811,-0.05622868,-0.2569288,0.533886,46.38247,84.12708,192.7584,0.3960173,-0.2531924,0.5105637,45.59297,56.77251,160.18
7.98,6.383422E+13,-0.1133819,0.08852164,0.3477007,343.9747,346.428,10.8496,-0.1133819,0.08852164,0.3477007,-0.05622863,-0.256929,0.533886,46.38236,84.12669,192.7581,0.39596,-0.2531587,0.5105596,45.59507,56.77217,160.1797
8,6.383422E+13,-0.113822,0.08861741,0.3479589,344.0427,346.4139,10.90542,-0.113822,0.08861741,0.3479589,-0.0562287,-0.2569288,0.533886,46.38245,84.12727,192.7586,0.3958597,-0.2531037,0.5105466,45.593,56.77018,160.1769
8.02,6.383422E+13,-0.114275,0.08873295,0.3481528,344.0867,346.3764,10.95923,-0.114275,0.08873295,0.3481528,-0.05622873,-0.2569287,0.533886,46.38271,84.12761,192.759,0.3957503,-0.2530345,0.5105562,45.59632,56.77193,160.1793
8.04,6.383422E+13,-0.1144306,0.08879434,0.3482393,344.0493,346.3538,10.98552,-0.1144306,0.08879434,0.3482393,-0.05622867,-0.2569287,0.533886,46.38243,84.12734,192.7588,0.3957262,-0.253,0.5105662,45.59641,56.76756,160.1751
8.059999,6.383422E+13,-0.1147177,0.08894288,0.3483902,343.9905,346.317,11.0159,-0.1147177,0.08894288,0.3483902,-0.05622872,-0.2569289,0.533886,46.38251,84.12701,192.7582,0.395631,-0.2529258,0.5105674,45.59789,56.76594,160.1736
8.08,6.383422E+13,-0.114839,0.08899587,0.3484786,343.9733,346.3296,11.01328,-0.114839,0.08899587,0.3484786,-0.05622863,-0.256929,0.533886,46.38236,84.12669,192.7581,0.3955676,-0.252893,0.5105529,45.59959,56.76553,160.1744
8.099999,6.383422E+13,-0.1151184,0.0891107,0.3486351,343.9213,346.3281,11.06199,-0.1151184,0.0891107,0.3486351,-0.05622862,-0.2569287,0.533886,46.38231,84.12732,192.759,0.3957802,-0.2529261,0.5106103,45.59619,56.76723,160.1748
8.12,6.383422E+13,-0.1154762,0.08920284,0.3488078,343.8502,346.293,11.18077,-0.1154762,0.08920284,0.3488078,-0.05622873,-0.2569287,0.533886,46.38271,84.12761,192.759,0.3957803,-0.2529261,0.5106104,45.59597,56.7674,160.1747
8.139999,6.383422E+13,-0.1156758,0.08923183,0.3488937,343.834,346.2853,11.22429,-0.1156758,0.08923183,0.3488937,-0.05622872,-0.2569288,0.533886,46.38254,84.12738,192.7587,0.3957802,-0.2529255,0.5106103,45.59624,56.76542,160.1722
8.16,6.383422E+13,-0.1160073,0.08922459,0.3490589,343.8486,346.3268,11.28544,-0.1160073,0.08922459,0.3490589,-0.05622869,-0.2569289,0.533886,46.38274,84.12666,192.7579,0.3957802,-0.2529259,0.5106102,45.59607,56.76636,160.1737
8.179999,6.383422E+13,-0.116168,0.08921126,0.3491347,343.8379,346.3429,11.30716,-0.116168,0.08921126,0.3491347,-0.05622868,-0.2569288,0.533886,46.38247,84.12708,192.7584,0.3957802,-0.2529262,0.5106104,45.59581,56.76741,160.1747
8.2,6.383422E+13,-0.1164878,0.08920021,0.3492848,343.7284,346.3298,11.4079,-0.1164878,0.08920021,0.3492848,-0.05622867,-0.2569285,0.533886,46.38257,84.12788,192.7596,0.3957802,-0.2529263,0.5106103,45.59552,56.7674,160.1749
8.22,6.383422E+13,-0.1167523,0.08915695,0.3493986,343.6416,346.2925,11.5386,-0.1167523,0.08915695,0.3493986,-0.05622865,-0.2569288,0.533886,46.38236,84.12721,192.7587,0.3957803,-0.2529261,0.5106104,45.59609,56.76736,160.1747
8.24,6.383422E+13,-0.116856,0.08916818,0.3494059,343.6076,346.2928,11.5924,-0.116856,0.08916818,0.3494059,-0.05622871,-0.2569288,0.533886,46.38238,84.12735,192.7587,0.3957803,-0.2529262,0.5106104,45.59628,56.76785,160.1752
8.26,6.383422E+13,-0.1170138,0.0892976,0.3493784,343.5162,346.2749,11.6697,-0.1170138,0.0892976,0.3493784,-0.05622875,-0.2569288,0.533886,46.38247,84.1274,192.7586,0.3957803,-0.2529262,0.5106104,45.59606,56.76758,160.1748
8.28,6.383422E+13,-0.1170662,0.08941848,0.3493307,343.4565,346.2473,11.73447,-0.1170662,0.08941848,0.3493307,-0.0562287,-0.2569288,0.533886,46.38243,84.12734,192.7587,0.3957802,-0.252926,0.5106103,45.59594,56.76691,160.1742
8.3,6.383422E+13,-0.1171572,0.08966239,0.3492397,343.3347,346.2271,11.82655,-0.1171572,0.08966239,0.3492397,-0.05622867,-0.2569287,0.533886,46.38243,84.12734,192.7588,0.3957797,-0.2529225,0.5106094,45.59733,56.75531,160.1615
8.32,6.383422E+13,-0.1171253,0.08981353,0.3491766,343.2617,346.1851,11.8352,-0.1171253,0.08981353,0.3491766,-0.05622865,-0.2569288,0.533886,46.38244,84.12724,192.7587,0.3966626,-0.253273,0.509922,45.60585,56.40063,160.1089
8.34,6.383422E+13,-0.1170317,0.0898441,0.3491447,343.2383,346.1908,11.84022,-0.1170317,0.0898441,0.3491447,-0.05622869,-0.2569288,0.533886,46.38238,84.12725,192.7586,0.3974993,-0.2533234,0.5092193,45.61077,56.43128,160.0866
8.36,6.383422E+13,-0.1167712,0.08995587,0.3490677,343.2155,346.184,11.88,-0.1167712,0.08995587,0.3490677,-0.05622865,-0.2569288,0.533886,46.38258,84.12706,192.7585,0.3986748,-0.2533804,0.5077167,45.58557,56.49257,160.1235
8.38,6.383422E+13,-0.1166234,0.0900208,0.3490521,343.1946,346.1741,11.88468,-0.1166234,0.0900208,0.3490521,-0.05622869,-0.2569287,0.533886,46.38251,84.12736,192.7588,0.3989183,-0.2533387,0.5066144,45.60658,56.6913,160.1695
8.4,6.383422E+13,-0.1162084,0.09017003,0.3489909,343.1604,346.2569,11.84377,-0.1162084,0.09017003,0.3489909,-0.05622887,-0.2569287,0.5338861,46.38203,84.12824,192.7592,0.3988102,-0.2531669,0.5044295,45.59732,58.08053,159.9685
8.42,6.383422E+13,-0.1156616,0.09024836,0.3489019,343.123,346.3502,11.76573,-0.1156616,0.09024836,0.3489019,-0.05622866,-0.2569288,0.533886,46.38226,84.1272,192.7586,0.397673,-0.2517132,0.5029318,44.55062,59.23814,159.0366
8.44,6.383422E+13,-0.1154053,0.09027386,0.3488558,343.1307,346.3659,11.73243,-0.1154053,0.09027386,0.3488558,-0.05622869,-0.2569288,0.533886,46.38238,84.12725,192.7586,0.3968768,-0.2508858,0.5021362,43.84667,59.18427,158.3709
8.46,6.383422E+13,-0.11493,0.09035618,0.3488158,343.0913,346.3653,11.64911,-0.11493,0.09035618,0.3488158,-0.05622869,-0.2569288,0.533886,46.38238,84.12725,192.7586,0.394401,-0.248945,0.5005047,43.98336,59.43476,157.145
8.48,6.383422E+13,-0.1146496,0.09039474,0.3488212,343.0815,346.3853,11.64548,-0.1146496,0.09039474,0.3488212,-0.05622869,-0.2569287,0.533886,46.38253,84.12753,192.759,0.392646,-0.2473259,0.5000732,44.68686,59.14566,156.5549
8.5,6.383422E+13,-0.1139685,0.09037556,0.3489131,343.104,346.4352,11.55248,-0.1139685,0.09037556,0.3489131,-0.05622862,-0.2569287,0.533886,46.38231,84.12732,192.759,0.388059,-0.2430469,0.5009297,45.78133,55.71465,153.801
8.52,6.383422E+13,-0.1133142,0.09037729,0.3490369,343.1615,346.4944,11.44207,-0.1133142,0.09037729,0.3490369,-0.05622867,-0.2569288,0.533886,46.38239,84.12726,192.7587,0.3830774,-0.2383111,0.5030391,45.36356,51.60394,149.4922
8.54,6.383422E+13,-0.1129783,0.09037909,0.3491066,343.1922,346.5322,11.3843,-0.1129783,0.09037909,0.3491066,-0.05622865,-0.2569288,0.533886,46.38244,84.12724,192.7587,0.3798431,-0.2354479,0.5047736,44.86169,49.17921,146.6778
8.559999,6.383422E+13,-0.1122855,0.09028413,0.3493089,343.2102,346.5931,11.24039,-0.1122855,0.09028413,0.3493089,-0.05622867,-0.2569288,0.533886,46.38239,84.12726,192.7587,0.3719387,-0.2291062,0.5087873,43.79352,43.12879,140.4007
8.58,6.383422E+13,-0.1119201,0.09027782,0.3494146,343.2188,346.6296,11.17452,-0.1119201,0.09027782,0.3494146,-0.05622868,-0.2569288,0.533886,46.38243,84.12727,192.7587,0.367726,-0.2258098,0.5108672,43.12954,40.26767,137.0534
8.599999,6.383422E+13,-0.1115591,0.09028752,0.3495411,343.2054,346.6589,11.10727,-0.1115591,0.09028752,0.3495411,-0.05622869,-0.2569288,0.5338861,46.38239,84.12733,192.7587,0.362464,-0.2221565,0.5134423,42.28183,37.02705,132.8621
8.62,6.383422E+13,-0.1109098,0.09018914,0.3497958,343.2203,346.745,10.9435,-0.1109098,0.09018914,0.3497958,-0.05622865,-0.2569288,0.533886,46.38236,84.12721,192.7587,0.3522032,-0.2153349,0.5179889,40.48033,30.75838,125.1931
8.639999,6.383422E+13,-0.110319,0.09017195,0.3500067,343.2574,346.8548,10.78347,-0.110319,0.09017195,0.3500067,-0.05622869,-0.2569288,0.5338861,46.38239,84.12733,192.7587,0.3399974,-0.2080852,0.5229077,38.5986,23.61885,115.8833
8.66,6.383422E+13,-0.1098128,0.09013361,0.3501149,343.2974,346.9972,10.62712,-0.1098128,0.09013361,0.3501149,-0.05622854,-0.2569288,0.533886,46.38248,84.12669,192.7584,0.3282276,-0.2016472,0.5270541,35.69864,17.6036,106.9268
8.679999,6.383422E+13,-0.1096705,0.09010448,0.3501434,343.3147,347.0785,10.59524,-0.1096705,0.09010448,0.3501434,-0.05622867,-0.2569288,0.533886,46.38239,84.12726,192.7587,0.3222256,-0.1987353,0.5289113,34.07747,14.48169,102.3997
8.7,6.383422E+13,-0.1092001,0.09006351,0.3502346,343.3413,347.1602,10.57085,-0.1092001,0.09006351,0.3502346,-0.05622869,-0.2569287,0.533886,46.38253,84.12753,192.759,0.3102988,-0.1930826,0.5325291,30.27189,8.35647,92.67768
8.72,6.383422E+13,-0.1089583,0.09000992,0.3500648,343.3372,347.273,10.53238,-0.1089583,0.09000992,0.3500648,-0.05622869,-0.2569287,0.533886,46.38253,84.12753,192.759,0.2997523,-0.1881731,0.536127,25.35663,5.074055,83.3764
8.74,6.383422E+13,-0.1088588,0.08994047,0.3499262,343.2767,347.3158,10.52072,-0.1088588,0.08994047,0.3499262,-0.0562287,-0.2569288,0.533886,46.38245,84.12727,192.7586,0.2943178,-0.186088,0.537402,23.04746,3.587696,79.17525
8.76,6.383422E+13,-0.108822,0.08990963,0.3497096,343.1643,347.2954,10.63892,-0.108822,0.08990963,0.3497096,-0.05622869,-0.2569288,0.533886,46.38238,84.12725,192.7586,0.2825726,-0.1814009,0.5384555,18.65736,359.3025,68.60999
8.78,6.383422E+13,-0.1088884,0.08993411,0.3495806,343.1168,347.1988,10.79506,-0.1088884,0.08993411,0.3495806,-0.05622867,-0.2569287,0.533886,46.38243,84.12734,192.7588,0.2773914,-0.1794291,0.5383418,17.30634,357.8304,60.76424
8.8,6.383422E+13,-0.1088658,0.08984107,0.3492363,343.0126,347.1494,10.9017,-0.1088658,0.08984107,0.3492363,-0.05622865,-0.2569287,0.533886,46.38242,84.12753,192.7592,0.2681561,-0.1770301,0.5371118,14.88238,356.6651,47.41854
8.82,6.383422E+13,-0.1088132,0.08968134,0.348977,342.7563,347.1881,10.88526,-0.1088132,0.08968134,0.348977,-0.05622868,-0.2569288,0.533886,46.38252,84.12726,192.7587,0.2596065,-0.175054,0.5336201,12.22695,353.2741,36.1786
8.84,6.383422E+13,-0.108853,0.08966913,0.3489323,342.6544,347.1618,10.95904,-0.108853,0.08966913,0.3489323,-0.05622865,-0.2569288,0.533886,46.38236,84.12706,192.7585,0.2564199,-0.1740973,0.5310467,11.18837,351.2394,31.10706
8.86,6.383422E+13,-0.1089035,0.08975288,0.3488775,342.5143,347.0358,11.31517,-0.1089035,0.08975288,0.3488775,-0.05622872,-0.2569288,0.533886,46.38254,84.12738,192.7587,0.2512946,-0.1733452,0.5264801,10.07776,347.677,21.93645
8.88,6.383422E+13,-0.1088268,0.08973345,0.3488215,342.4439,347.0163,11.43043,-0.1088268,0.08973345,0.3488215,-0.05622869,-0.2569288,0.533886,46.38242,84.12733,192.7587,0.249022,-0.1725034,0.5248978,8.66451,347.2678,17.60239
8.9,6.383422E+13,-0.1085216,0.08960564,0.3487852,342.1992,347.0851,11.49806,-0.1085216,0.08960564,0.3487852,-0.05622872,-0.2569286,0.533886,46.38256,84.12781,192.7593,0.2447493,-0.1700243,0.5220206,4.435139,347.7358,8.972516
8.92,6.383422E+13,-0.1081278,0.08955219,0.3489335,341.988,347.0759,11.64782,-0.1081278,0.08955219,0.3489335,-0.0562287,-0.2569288,0.533886,46.38245,84.12727,192.7586,0.2421121,-0.1690809,0.5180912,1.555438,347.5148,0.8863519
8.94,6.383422E+13,-0.1078997,0.0895588,0.3490287,341.9256,347.0418,11.74629,-0.1078997,0.0895588,0.3490287,-0.05622865,-0.2569288,0.533886,46.38236,84.12706,192.7585,0.2403976,-0.1677745,0.5158561,359.3112,347.1411,356.5163
8.96,6.383422E+13,-0.1068317,0.0894833,0.3491676,341.8058,347.1465,11.72579,-0.1068317,0.0894833,0.3491676,-0.05622865,-0.2569287,0.533886,46.38255,84.12721,192.7588,0.2368325,-0.1629822,0.5101344,353.7289,347.9176,346.231
8.98,6.383422E+13,-0.1064728,0.08948135,0.349283,341.6892,347.2924,11.60699,-0.1064728,0.08948135,0.349283,-0.05622867,-0.2569287,0.533886,46.38243,84.12734,192.7588,0.2356372,-0.1611829,0.5069103,351.8148,347.9494,340.7261
9,6.383422E+13,-0.1055462,0.08961983,0.3494374,341.4266,347.3997,11.59132,-0.1055462,0.08961983,0.3494374,-0.0562287,-0.2569288,0.533886,46.38243,84.12734,192.7587,0.2336915,-0.1608772,0.5010397,348.9674,345.4598,332.0213
9.02,6.383422E+13,-0.1040764,0.08935609,0.3500156,341.1662,347.778,11.77862,-0.1040764,0.08935609,0.3500156,-0.05622863,-0.2569287,0.533886,46.38274,84.1272,192.7588,0.2324585,-0.1619154,0.4977536,345.8693,346.7467,327.1996
9.04,6.383422E+13,-0.1032881,0.0892584,0.3501112,341.1785,348.0232,11.69311,-0.1032881,0.0892584,0.3501112,-0.05622873,-0.2569289,0.533886,46.38237,84.12721,192.7584,0.2319995,-0.1626429,0.4968457,345.4313,349.7779,324.4466
9.059999,6.383422E+13,-0.1017287,0.08915475,0.3506279,341.1564,348.6351,11.33132,-0.1017287,0.08915475,0.3506279,-0.05622867,-0.2569287,0.533886,46.38243,84.12734,192.7588,0.2299947,-0.1656112,0.4953576,345.6238,351.9977,317.7417
9.08,6.383422E+13,-0.1009682,0.08908933,0.3509636,341.1514,348.9704,11.12255,-0.1009682,0.08908933,0.3509636,-0.05622869,-0.2569288,0.533886,46.38242,84.12733,192.7587,0.2281097,-0.1678182,0.4949862,345.9674,350.8556,315.6412
9.099999,6.383422E+13,-0.09928004,0.08889713,0.3516662,341.1466,349.5621,10.74202,-0.09928004,0.08889713,0.3516662,-0.05622865,-0.2569288,0.533886,46.38244,84.12724,192.7587,0.225561,-0.1699847,0.4935286,345.265,352.287,314.007
9.12,6.383422E+13,-0.09836398,0.08873109,0.3520109,341.245,349.9056,10.52102,-0.09836398,0.08873109,0.3520109,-0.05622869,-0.2569288,0.5338861,46.38239,84.12733,192.7587,0.2248633,-0.170555,0.4923807,344.8448,354.8206,313.045
9.139999,6.383422E+13,-0.0967488,0.088555,0.3527739,341.274,350.5751,9.917696,-0.0967488,0.088555,0.3527739,-0.0562287,-0.2569288,0.533886,46.38245,84.12727,192.7586,0.2228483,-0.1732331,0.4906993,344.4612,356.8554,309.5344
9.16,6.383422E+13,-0.09517882,0.08832049,0.3536271,341.3027,351.1204,9.487366,-0.09517882,0.08832049,0.3536271,-0.05622872,-0.2569288,0.533886,46.38254,84.12738,192.7587,0.2206992,-0.1764529,0.4901324,344.3914,357.6339,306.1248
9.179999,6.383422E+13,-0.09441841,0.08820125,0.3540173,341.3433,351.3478,9.279735,-0.09441841,0.08820125,0.3540173,-0.05622868,-0.2569288,0.533886,46.38243,84.12727,192.7587,0.2199264,-0.1773142,0.4899158,344.2271,358.0567,304.9559
9.2,6.383422E+13,-0.09284265,0.087953,0.3547547,341.4447,351.8345,8.789948,-0.09284265,0.087953,0.3547547,-0.0562287,-0.2569288,0.533886,46.38243,84.12734,192.7587,0.2188049,-0.1774151,0.4894726,343.5748,359.0908,303.0912
9.22,6.383422E+13,-0.09159294,0.08778576,0.3555533,341.5341,352.2933,8.277268,-0.09159294,0.08778576,0.3555533,-0.05622875,-0.2569288,0.533886,46.38247,84.1274,192.7586,0.2168348,-0.1778756,0.4883551,343.1261,359.0871,302.7089
9.24,6.383422E+13,-0.09098363,0.08773958,0.3559273,341.549,352.4637,8.067495,-0.09098363,0.08773958,0.3559273,-0.05622867,-0.2569288,0.533886,46.38239,84.12726,192.7587,0.2147822,-0.1773697,0.4880748,342.6421,358.5219,303.6216
9.26,6.383422E+13,-0.08987961,0.08751199,0.3567897,341.5701,352.778,7.697207,-0.08987961,0.08751199,0.3567897,-0.05622871,-0.2569288,0.533886,46.38238,84.12735,192.7587,0.2110381,-0.1761765,0.4874927,342.1574,358.7928,305.7958
9.28,6.383422E+13,-0.08936267,0.08739269,0.357152,341.5797,352.9102,7.529447,-0.08936267,0.08739269,0.357152,-0.05622869,-0.2569287,0.533886,46.38242,84.12748,192.759,0.2093389,-0.175635,0.4868526,341.8892,359.6123,306.9524
9.3,6.383422E+13,-0.0885176,0.08723401,0.3578876,341.6571,353.1326,7.252056,-0.0885176,0.08723401,0.3578876,-0.05622869,-0.2569288,0.533886,46.38242,84.12733,192.7587,0.2062527,-0.1755844,0.4859164,341.0775,1.249692,308.6406
9.32,6.383422E+13,-0.08782699,0.0870693,0.3586018,341.7094,353.2828,7.015882,-0.08782699,0.0870693,0.3586018,-0.05622871,-0.2569288,0.533886,46.38238,84.12735,192.7587,0.2031721,-0.176653,0.4865938,340.8718,1.871468,309.7575
9.34,6.383422E+13,-0.08759706,0.0870294,0.3589408,341.7077,353.3267,6.916622,-0.08759706,0.0870294,0.3589408,-0.05622869,-0.2569288,0.533886,46.38242,84.12733,192.7587,0.2017211,-0.1774202,0.4872441,341.0595,1.902104,310.0266
9.36,6.383422E+13,-0.08716759,0.08685888,0.3595382,341.6737,353.3634,6.837901,-0.08716759,0.08685888,0.3595382,-0.05622872,-0.2569287,0.533886,46.38253,84.12751,192.7589,0.1993999,-0.179939,0.4891226,342.1087,1.68942,309.8082
9.38,6.383422E+13,-0.08713099,0.08689994,0.3598556,341.6103,353.3544,6.851629,-0.08713099,0.08689994,0.3598556,-0.05622869,-0.2569287,0.533886,46.38242,84.12748,192.759,0.1986537,-0.1817462,0.4900608,342.7111,1.833207,309.5763
9.4,6.383422E+13,-0.08710558,0.08700036,0.360363,341.3848,353.2032,7.053445,-0.08710558,0.08700036,0.360363,-0.05622865,-0.2569288,0.533886,46.38236,84.12721,192.7587,0.196832,-0.1853672,0.4920478,343.8848,1.781869,309.8933
9.42,6.383422E+13,-0.08724277,0.08688847,0.3609198,341.0999,352.9601,7.477739,-0.08724277,0.08688847,0.3609198,-0.05622866,-0.2569288,0.533886,46.38226,84.1272,192.7586,0.1954223,-0.1891719,0.49483,346.3666,1.498321,310.8449
9.44,6.383422E+13,-0.08731557,0.08693789,0.3611106,340.9824,352.8394,7.68892,-0.08731557,0.08693789,0.3611106,-0.0562287,-0.2569288,0.533886,46.38245,84.12727,192.7586,0.1954935,-0.1891998,0.4960235,348.0617,1.910529,311.5974
9.46,6.383422E+13,-0.0874944,0.08682573,0.3616615,340.827,352.6198,7.967993,-0.0874944,0.08682573,0.3616615,-0.05622864,-0.2569284,0.533886,46.38234,84.12834,192.7603,0.1967575,-0.1877474,0.495479,348.2827,4.603005,313.065
9.48,6.383422E+13,-0.08762854,0.08680122,0.3619123,340.8108,352.5403,8.046012,-0.08762854,0.08680122,0.3619123,-0.05622864,-0.2569284,0.533886,46.38234,84.12834,192.7603,0.1975507,-0.1874155,0.4943047,347.3382,4.39964,313.0744
9.5,6.383422E+13,-0.08778836,0.08686677,0.3623537,340.8157,352.3999,8.186291,-0.08778836,0.08686677,0.3623537,-0.05622868,-0.2569288,0.533886,46.38243,84.12727,192.7587,0.1979906,-0.1880219,0.4939536,347.2038,3.626469,312.9444
9.52,6.383422E+13,-0.08792388,0.08683514,0.3627998,340.8055,352.2413,8.254319,-0.08792388,0.08683514,0.3627998,-0.05622874,-0.256929,0.5338861,46.3826,84.12659,192.7575,0.1984489,-0.1897455,0.4949395,348.4634,3.092139,312.5066
9.54,6.383422E+13,-0.08800207,0.08682863,0.3629995,340.8242,352.1771,8.265651,-0.08800207,0.08682863,0.3629995,-0.05622869,-0.2569284,0.533886,46.38201,84.12889,192.7608,0.1988183,-0.1907466,0.4952371,349.1009,3.460683,312.3651
9.559999,6.383422E+13,-0.08798812,0.08680113,0.3633184,340.9321,352.1159,8.184438,-0.08798812,0.08680113,0.3633184,-0.05622871,-0.2569287,0.533886,46.38222,84.1275,192.7589,0.1998636,-0.1926248,0.4954964,350.2046,4.73549,311.9644
9.58,6.383422E+13,-0.08794671,0.08680759,0.3634541,340.9952,352.0977,8.126068,-0.08794671,0.08680759,0.3634541,-0.05622869,-0.2569292,0.5338861,46.3824,84.12604,192.757,0.2006205,-0.1933834,0.4954586,350.5423,5.151648,311.8047
9.599999,6.383422E+13,-0.0878371,0.08679321,0.3636516,341.1089,352.0758,8.035574,-0.0878371,0.08679321,0.3636516,-0.05622871,-0.2569288,0.533886,46.38238,84.12735,192.7587,0.2020602,-0.1942081,0.4954146,351.0905,5.433789,311.722
9.62,6.383422E+13,-0.08776703,0.08677189,0.3637101,341.2406,352.057,7.911954,-0.08776703,0.08677189,0.3637101,-0.05622871,-0.2569287,0.533886,46.38242,84.12746,192.7588,0.2036517,-0.1940697,0.4949768,351.0288,5.261608,310.9641
9.639999,6.383422E+13,-0.08771054,0.08675379,0.3636487,341.2975,352.0417,7.841385,-0.08771054,0.08675379,0.3636487,-0.05622868,-0.2569288,0.533886,46.38261,84.12705,192.7584,0.2043239,-0.194325,0.4947088,350.8495,5.243912,310.5941
9.66,6.383422E+13,-0.08757126,0.08667703,0.363463,341.3882,352.0369,7.771182,-0.08757126,0.08667703,0.363463,-0.05622868,-0.256929,0.533886,46.38255,84.12669,192.7579,0.2053699,-0.1950713,0.4946301,351.2762,5.629045,310.2568
9.679999,6.383422E+13,-0.08748239,0.08665801,0.3632908,341.4103,352.0284,7.752572,-0.08748239,0.08665801,0.3632908,-0.05622869,-0.2569286,0.533886,46.38272,84.12762,192.7592,0.2057641,-0.1954927,0.4947011,351.604,5.92648,310.288
9.7,6.383422E+13,-0.08731535,0.08658849,0.3628587,341.4437,351.9665,7.746218,-0.08731535,0.08658849,0.3628587,-0.05622872,-0.2569286,0.533886,46.38256,84.12781,192.7593,0.2061066,-0.1958024,0.494554,351.6522,6.31369,310.488
9.719999,6.383422E+13,-0.08716647,0.08649383,0.3623406,341.4675,351.9233,7.692663,-0.08716647,0.08649383,0.3623406,-0.05622869,-0.2569288,0.533886,46.38238,84.12725,192.7586,0.2059891,-0.1955553,0.4941004,351.4865,6.747883,310.9876
9.74,6.383422E+13,-0.0871055,0.08647186,0.3620743,341.4857,351.9146,7.67999,-0.0871055,0.08647186,0.3620743,-0.05622873,-0.2569288,0.533886,46.38247,84.12724,192.7585,0.2057051,-0.19542,0.4937792,351.3559,6.734136,311.412
9.76,6.383422E+13,-0.08701319,0.08644155,0.3615192,341.5334,351.8895,7.669063,-0.08701319,0.08644155,0.3615192,-0.05622869,-0.2569287,0.533886,46.38242,84.12748,192.759,0.2046983,-0.1951713,0.493129,350.9414,6.69145,312.3963
9.78,6.383422E+13,-0.08705144,0.08645468,0.3611744,341.5579,351.8857,7.669284,-0.08705144,0.08645468,0.3611744,-0.05622865,-0.2569287,0.533886,46.38242,84.12753,192.7592,0.2041277,-0.1951017,0.4928514,350.8052,6.775912,312.977
9.8,6.383422E+13,-0.08710348,0.08646514,0.3606308,341.5887,351.8628,7.654337,-0.08710348,0.08646514,0.3606308,-0.0562287,-0.2569288,0.533886,46.38245,84.12727,192.7586,0.2028415,-0.1948807,0.4922933,350.4398,7.090275,314.1702
9.82,6.383422E+13,-0.08722685,0.08650081,0.3601155,341.5975,351.8315,7.67396,-0.08722685,0.08650081,0.3601155,-0.05622873,-0.2569289,0.533886,46.38237,84.12721,192.7584,0.201663,-0.1944999,0.4916356,349.898,7.627792,315.3808
9.84,6.383422E+13,-0.08729165,0.08650644,0.3598461,341.6143,351.8214,7.685702,-0.08729165,0.08650644,0.3598461,-0.05622876,-0.2569286,0.533886,46.38239,84.12815,192.7596,0.2011379,-0.1942962,0.4912876,349.5702,7.857467,315.9182
9.86,6.383422E+13,-0.08749221,0.08652467,0.3594025,341.6308,351.82,7.730099,-0.08749221,0.08652467,0.3594025,-0.05622866,-0.2569286,0.533886,46.38222,84.12779,192.7594,0.2000843,-0.1941512,0.4907325,349.2938,8.090383,317.0117
9.88,6.383422E+13,-0.08757914,0.08654334,0.3591699,341.6329,351.8102,7.757402,-0.08757914,0.08654334,0.3591699,-0.0562287,-0.2569288,0.533886,46.38235,84.12746,192.7588,0.1997755,-0.1942785,0.490559,349.2152,8.071638,317.4301
9.9,6.383422E+13,-0.08770879,0.08653984,0.3587016,341.6456,351.8016,7.821059,-0.08770879,0.08653984,0.3587016,-0.05622869,-0.2569288,0.533886,46.38238,84.12725,192.7586,0.1997126,-0.194549,0.4901854,348.8618,8.083817,317.7123
9.92,6.383422E+13,-0.08790665,0.08657738,0.3582952,341.6193,351.8248,7.831625,-0.08790665,0.08657738,0.3582952,-0.05622876,-0.2569286,0.533886,46.38221,84.12814,192.7596,0.1999947,-0.1948069,0.4898911,348.5063,8.195539,317.7686
9.94,6.383422E+13,-0.08798997,0.08659589,0.3580988,341.597,351.8316,7.854658,-0.08798997,0.08659589,0.3580988,-0.05622867,-0.2569285,0.533886,46.38257,84.12788,192.7596,0.2003556,-0.1950299,0.4899189,348.6384,8.211565,317.8588
9.96,6.383422E+13,-0.08819809,0.08662114,0.3577409,341.5362,351.8214,7.875891,-0.08819809,0.08662114,0.3577409,-0.05622867,-0.2569289,0.533886,46.38237,84.12704,192.7584,0.2014179,-0.1955298,0.489929,348.7026,8.688201,317.7699
9.98,6.383422E+13,-0.088295,0.08663706,0.3575951,341.5085,351.8012,7.902024,-0.088295,0.08663706,0.3575951,-0.05622867,-0.256929,0.533886,46.38237,84.12663,192.7578,0.2021138,-0.1958601,0.489907,348.7758,8.982354,317.7535
10,6.383422E+13,-0.08841519,0.08663019,0.3573383,341.488,351.8061,7.904001,-0.08841519,0.08663019,0.3573383,-0.05622867,-0.2569287,0.533886,46.38243,84.12734,192.7588,0.2029786,-0.196265,0.4899143,349.002,9.51166,318.7832
