InteractionNumber,touched
0,1
1,1
2,0
3,1
4,0
5,0
6,1
7,1
8,1
9,1
10,1
11,0
12,1
13,0
14,0
15,0
16,0
17,1
18,0
19,1
20,0
21,0
22,1
23,0
24,0
25,1
26,1
27,1
28,1
29,0
30,1
31,1
32,1
33,0
34,0
35,0
36,0
37,1
38,0
39,0
40,0
41,0
42,0
43,0
44,0
45,0
46,0
47,0
48,0
49,0
50,0
51,0

time,posX,posY,posZ,rotX,rotY,rotZ,headPosX,headPosY,headPosZ,LhandPosX,LhandPosY,LhandPosZ,RhandPosX,RhandPosY,RhandPosZ
0.1020927,-0.02908376,0.007027905,-0.03352884,354.3507,358.4591,3.067499,0.02908376,1.507028,9.883529,0.1420736,1.118194,9.709708,-0.07716558,1.08691,9.712348
0.2133369,-0.0292503,0.00693675,-0.03298245,354.306,358.3497,3.275636,0.0292503,1.506937,9.882982,0.1435916,1.117802,9.708688,-0.07773338,1.086115,9.711972
0.3246994,-0.03116743,0.006444206,-0.03202252,354.5382,357.7113,3.343665,0.03116743,1.506444,9.882023,0.1450384,1.116662,9.708491,-0.07697568,1.085316,9.711802
0.4247437,-0.0344913,0.006027636,-0.03073237,354.8332,356.379,3.402617,0.0344913,1.506028,9.880733,0.1462795,1.114433,9.708944,-0.07603002,1.084134,9.711089
0.5378494,-0.04001135,0.005891894,-0.02911423,354.9804,354.2619,3.478741,0.04001135,1.505892,9.879114,0.1506138,1.111134,9.709238,-0.07355551,1.081116,9.70978
0.6504593,-0.04655939,0.005938321,-0.02751236,355.1716,351.9072,3.466503,0.04655939,1.505938,9.877512,0.1620196,1.108398,9.709681,-0.07395185,1.078947,9.705441
0.7575264,-0.05138572,0.005265781,-0.02568055,355.7382,350.3025,3.096717,0.05138572,1.505266,9.875681,0.1731611,1.105241,9.711888,-0.09982493,1.085676,9.690392
0.8632164,-0.05223192,0.00443051,-0.02260644,356.5609,350.8371,2.376321,0.05223192,1.504431,9.872606,0.1789814,1.102092,9.716698,-0.2024129,1.131444,9.651002
0.9753113,-0.05018045,0.002871907,-0.02013583,357.8605,352.2015,1.884426,0.05018045,1.502872,9.870136,0.1781073,1.097155,9.715707,-0.3175736,1.223797,9.608897
1.087471,-0.05099281,0.002927596,-0.01752645,357.8549,351.7113,2.282378,0.05099281,1.502928,9.867526,0.1756375,1.098555,9.714023,-0.3815378,1.307703,9.581865
1.20092,-0.0501729,0.002193152,-0.01519095,358.3086,351.3627,1.923907,0.0501729,1.502193,9.865191,0.1735055,1.09996,9.71576,-0.4204423,1.359734,9.561277
1.313396,-0.04897092,0.0009740883,-0.01292228,358.6902,350.8608,1.700617,0.04897092,1.500974,9.862923,0.1744493,1.095472,9.721598,-0.4355862,1.378812,9.550335
1.424961,-0.05024674,-0.0002659196,-0.01239427,359.2658,349.5919,1.443079,0.05024674,1.499734,9.862394,0.1815535,1.093345,9.726096,-0.4330626,1.381353,9.54633
1.537888,-0.05758984,-0.001103763,-0.0138919,359.5123,346.8183,1.405506,0.05758984,1.498896,9.863892,0.1892235,1.096888,9.732882,-0.4212444,1.388236,9.538473
1.650242,-0.06028583,-0.003473523,-0.01441473,0.4256947,344.9532,1.916443,0.06028583,1.496526,9.864415,0.1932208,1.093064,9.741332,-0.4011312,1.397058,9.526893
1.761982,-0.05208645,-0.0036007,-0.01150194,0.3666672,347.4723,2.019869,0.05208645,1.496399,9.861502,0.1963163,1.090702,9.746492,-0.4542052,1.405973,9.533326
1.875072,-0.03857631,-0.003079638,-0.006734575,0.1106956,352.5056,1.231353,0.03857631,1.49692,9.856734,0.1950887,1.090247,9.746745,-0.5323573,1.397705,9.565302
1.975422,-0.02143673,-0.002682678,-0.002643761,359.4675,359.8413,359.3556,0.02143673,1.497317,9.852644,0.1840943,1.086683,9.738848,-0.5819672,1.386801,9.60861
2.087086,0.003955588,-0.003132647,-0.001184759,359.1822,12.28517,358.8567,-0.003955588,1.496867,9.851185,0.1660127,1.086872,9.728906,-0.6288348,1.36533,9.652869
2.188618,0.01964599,-0.004104315,0.001261028,358.8975,18.7182,359.2443,-0.01964599,1.495896,9.848739,0.1468409,1.08671,9.7213,-0.6529912,1.351575,9.683661
2.299984,0.03033148,-0.007365912,0.003891584,359.8338,20.79154,0.7449852,-0.03033148,1.492634,9.846108,0.1268963,1.086649,9.715369,-0.654936,1.343933,9.69935
2.41275,0.03399836,-0.006762681,0.004719611,359.0979,19.93743,0.6059861,-0.03399836,1.493237,9.845281,0.1084933,1.089927,9.712034,-0.631714,1.340091,9.694571
2.524956,0.03087863,-0.005977076,0.004736704,358.2939,17.1362,1.513512,-0.03087863,1.494023,9.845263,0.09271342,1.09509,9.709643,-0.5580061,1.325915,9.679596
2.632088,0.02502082,-0.005537695,0.003784072,358.0263,14.22377,1.088142,-0.02502082,1.494462,9.846216,0.09573491,1.118235,9.708085,-0.510474,1.311923,9.671517
2.738075,0.01482314,-0.003879854,0.0005417448,357.3647,10.57338,0.7069748,-0.01482314,1.49612,9.849459,0.1311194,1.167456,9.695522,-0.4365583,1.337265,9.664788
2.850243,0.008363552,-0.001843372,-0.005508549,357.5615,11.07881,0.80682,-0.008363552,1.498157,9.855509,0.163513,1.173375,9.696816,-0.4556708,1.462873,9.717226
2.95063,0.01887079,-0.002298169,-0.009110281,357.6205,17.21827,359.1718,-0.01887079,1.497702,9.85911,0.1638259,1.153101,9.701164,-0.4867511,1.501104,9.772696
3.062641,0.05058118,-0.01112599,-0.01627286,359.0393,25.13778,358.6588,-0.05058118,1.488874,9.866273,0.1319815,1.128974,9.696878,-0.5390187,1.484639,9.810767
3.1754,0.09598763,-0.01838887,-0.02272898,359.1298,31.16547,358.2472,-0.09598763,1.481611,9.872729,0.08939077,1.128656,9.693073,-0.6393096,1.459103,9.841611
3.287277,0.1344295,-0.0209631,-0.02147048,358.7245,31.15101,359.2448,-0.1344295,1.479037,9.87147,0.03955786,1.121714,9.688066,-0.7006502,1.416833,9.839002
3.400063,0.1548291,-0.01896318,-0.02338437,358.4448,30.97067,1.227262,-0.1548291,1.481037,9.873384,-0.005235501,1.11845,9.686652,-0.6813902,1.357903,9.802254
3.512505,0.1565866,-0.01460559,-0.02979621,357.1463,30.27723,2.926901,-0.1565866,1.485394,9.879796,-0.0267979,1.126339,9.69263,-0.6470059,1.289339,9.78672
3.613823,0.1430667,-0.01488296,-0.03749114,356.2045,29.81722,2.473125,-0.1430667,1.485117,9.887491,-0.03073253,1.122482,9.694694,-0.5884264,1.222816,9.775771
3.724758,0.1202201,-0.01472018,-0.04291193,354.7558,29.81345,3.599868,-0.1202201,1.48528,9.892912,-0.02101274,1.118035,9.699492,-0.520918,1.156728,9.769637
3.837402,0.08864425,-0.0166223,-0.04469041,355.9739,25.8598,6.595757,-0.08864425,1.483378,9.894691,-0.004066305,1.113458,9.705779,-0.4429043,1.105434,9.768345
3.937656,0.05583771,-0.01954455,-0.04403853,357.3193,17.68825,6.822032,-0.05583771,1.480455,9.894038,0.01351665,1.111755,9.709874,-0.3733917,1.069817,9.769259
4.049717,0.02379162,-0.02184938,-0.04419858,358.4736,8.374465,6.615089,-0.02379162,1.478151,9.894198,0.05293186,1.126992,9.704188,-0.3205125,1.042364,9.769817
4.150314,0.003374036,-0.022835,-0.04517983,358.731,3.125752,6.128149,-0.003374036,1.477165,9.89518,0.1129437,1.148801,9.691811,-0.2899644,1.025955,9.767804
4.261883,-0.005230657,-0.02249336,-0.04542625,358.5041,3.618824,6.184478,0.005230657,1.477507,9.895426,0.1606439,1.161564,9.694801,-0.269905,1.017876,9.763385
4.361942,-0.006811067,-0.02141791,-0.04472007,358.1224,4.944997,5.729687,0.006811067,1.478582,9.89472,0.1706162,1.153584,9.696665,-0.2745163,1.042588,9.752734
4.461941,-0.0103968,-0.02180364,-0.04313875,358.2721,3.840905,4.744961,0.0103968,1.478196,9.893139,0.191465,1.156989,9.689198,-0.2846748,1.070631,9.745571
4.563408,-0.01669622,-0.02290048,-0.03970574,358.5728,0.4925471,4.780742,0.01669622,1.4771,9.889706,0.2123521,1.180121,9.681827,-0.2771896,1.079396,9.741619
4.675133,-0.02616888,-0.02396122,-0.03519542,359.0664,355.3144,4.70608,0.02616888,1.476039,9.885196,0.2368992,1.220786,9.682041,-0.22236,1.081659,9.745285
4.786938,-0.03274434,-0.02551352,-0.03072849,359.7189,352.2424,4.701973,0.03274434,1.474486,9.880729,0.3439637,1.244822,9.693965,-0.1851576,1.07305,9.737181
4.899719,-0.03755866,-0.02627252,-0.02355091,359.7444,351.7882,4.060315,0.03755866,1.473727,9.873551,0.3633415,1.237946,9.682598,-0.2026559,1.072052,9.706366
5.012241,-0.03860075,-0.03107613,-0.01466623,0.7483506,353.7155,1.978627,0.03860075,1.468924,9.864666,0.2728337,1.199793,9.653521,-0.4146068,1.141947,9.64784
5.112701,-0.03636804,-0.03559948,-0.00516746,1.599059,357.4023,0.2935455,0.03636804,1.464401,9.855167,0.196631,1.151354,9.669078,-0.5539527,1.173502,9.667752
5.224789,-0.03988134,-0.03679063,0.006142214,0.475951,357.039,1.359681,0.03988134,1.463209,9.843858,0.1651591,1.115617,9.680202,-0.4920903,1.211866,9.67194
5.325401,-0.04248866,-0.03626676,0.009516738,0.603302,355.5308,1.5387,0.04248866,1.463733,9.840484,0.1722975,1.101209,9.675499,-0.4133185,1.173754,9.66229
5.436794,-0.04506924,-0.03167263,0.007667595,359.0077,353.2279,1.41535,0.04506924,1.468327,9.842333,0.187425,1.102694,9.673119,-0.3538151,1.106922,9.661736
5.538399,-0.04745783,-0.02919266,0.005378041,357.9923,350.496,1.668911,0.04745783,1.470807,9.844622,0.2113133,1.108627,9.67308,-0.3029078,1.048188,9.661306
5.649784,-0.05182779,-0.02822642,0.001973601,357.6692,345.7585,1.273389,0.05182779,1.471774,9.848026,0.2232271,1.117246,9.685106,-0.2515668,1.009592,9.663714
5.761368,-0.05232818,-0.02812408,-0.002691003,358.1205,343.1269,0.2262777,0.05232818,1.471876,9.852691,0.2258859,1.114459,9.697687,-0.2147811,1.007091,9.648908
5.874317,-0.04676731,-0.02918743,-0.007183722,358.9355,344.4608,0.03175591,0.04676731,1.470813,9.857183,0.2292994,1.111148,9.708234,-0.195439,1.045052,9.624834
5.974335,-0.03801559,-0.03355616,-0.01028266,1.370077,347.8816,359.6797,0.03801559,1.466444,9.860283,0.2232361,1.109451,9.714323,-0.1640332,1.093609,9.602566
6.074711,-0.03183875,-0.03701047,-0.01448121,3.473082,349.5475,358.7654,0.03183875,1.46299,9.864481,0.212398,1.110186,9.721101,-0.1084701,1.163447,9.586706
6.186646,-0.02961012,-0.03686538,-0.02119558,3.942201,349.2758,358.0266,0.02961012,1.463135,9.871196,0.2055154,1.112155,9.73273,-0.04016264,1.238065,9.584329
6.299797,-0.03198969,-0.03463028,-0.02963222,3.300094,347.441,358.165,0.03198969,1.46537,9.879632,0.2067353,1.1138,9.751077,0.02268792,1.285629,9.601092
6.412315,-0.03688511,-0.03146723,-0.03909249,2.533045,344.4899,358.8823,0.03688511,1.468533,9.889092,0.2328555,1.128431,9.768641,0.06770021,1.287305,9.623119
6.512478,-0.03986654,-0.02944939,-0.04783081,1.953871,342.2172,359.6664,0.03986654,1.470551,9.897831,0.3018074,1.172852,9.782713,0.0853176,1.262336,9.64022
6.624268,-0.03965202,-0.02796681,-0.05568098,1.29456,341.5564,0.4102782,0.03965202,1.472033,9.905681,0.3598107,1.216062,9.814849,0.0753762,1.220911,9.647215
6.73737,-0.03034156,-0.02653718,-0.0597829,0.6901578,345.992,0.9294205,0.03034156,1.473463,9.909783,0.3490645,1.20553,9.812288,0.03835193,1.175907,9.650296
6.848835,-0.01423408,-0.02696212,-0.06269987,0.4495876,354.7188,1.073438,0.01423408,1.473038,9.9127,0.3010321,1.166758,9.784876,-0.01593179,1.137205,9.654591
6.950363,-0.0001849681,-0.02698006,-0.06682543,359.7345,2.591739,1.354339,0.0001849681,1.47302,9.916825,0.2443854,1.139215,9.763819,-0.06815995,1.11763,9.667317
7.062046,0.0137304,-0.02602903,-0.07408983,358.7428,9.933178,2.151653,-0.0137304,1.473971,9.924089,0.1866494,1.126925,9.747809,-0.1245701,1.11843,9.685183
7.17403,0.02645889,-0.02568178,-0.08285514,358.0529,15.58301,2.379328,-0.02645889,1.474318,9.932856,0.1403358,1.125409,9.739219,-0.171156,1.136229,9.703264
7.274708,0.03532308,-0.02638639,-0.09030015,357.6938,18.69137,2.143247,-0.03532308,1.473614,9.9403,0.1149955,1.124959,9.735859,-0.2089821,1.155684,9.717341
7.385654,0.04486491,-0.02619759,-0.09750514,357.0422,21.542,1.860598,-0.04486491,1.473802,9.947505,0.09535544,1.124315,9.734523,-0.2510169,1.170061,9.732247
7.485806,0.06047406,-0.02949159,-0.1025876,356.4203,24.74664,1.144298,-0.06047406,1.470508,9.952587,0.07934529,1.123093,9.730772,-0.3391804,1.202742,9.751863
7.585873,0.09486617,-0.03218533,-0.1040788,355.1148,26.6802,2.81368,-0.09486617,1.467815,9.954079,0.06476854,1.124382,9.728799,-0.5438983,1.247012,9.829276
7.686474,0.1482335,-0.03987584,-0.1030261,354.8387,26.20577,3.569426,-0.1482335,1.460124,9.953026,0.03518606,1.12165,9.732613,-0.7520285,1.196778,9.923637
7.797913,0.2199989,-0.05088222,-0.09535603,353.9264,21.4076,3.840779,-0.2199989,1.449118,9.945356,-0.01768371,1.11252,9.731515,-0.8771199,1.132973,9.942332
7.898792,0.2742673,-0.06485106,-0.08889833,355.414,16.85068,3.142818,-0.2742673,1.435149,9.938898,-0.05395249,1.107172,9.726319,-0.9040384,1.122936,9.901896
7.999023,0.3069695,-0.06021326,-0.08488026,356.5119,13.13168,2.396013,-0.3069695,1.439787,9.93488,-0.08521254,1.108701,9.72653,-0.8759543,1.120014,9.830513
8.111099,0.3199535,-0.05054636,-0.08284774,356.5987,8.785041,2.964202,-0.3199535,1.449454,9.932848,-0.09628315,1.120892,9.73895,-0.7766327,1.121452,9.759894
8.211674,0.3144094,-0.04812422,-0.08293724,356.4212,4.03666,3.033669,-0.3144094,1.451876,9.932938,-0.08729786,1.123858,9.750547,-0.6767561,1.118418,9.721259
8.31176,0.2980147,-0.04859511,-0.08485827,356.2841,0.4257752,2.877188,-0.2980147,1.451405,9.934858,-0.06061194,1.122396,9.761244,-0.5782617,1.1178,9.709888
8.412609,0.2741326,-0.0472412,-0.08718343,356.1818,357.4829,2.22922,-0.2741326,1.452759,9.937183,-0.03020024,1.119439,9.773146,-0.499059,1.118095,9.711907
8.523518,0.246682,-0.04574813,-0.09075616,357.0887,356.0521,2.014803,-0.246682,1.454252,9.940756,-0.004617307,1.123007,9.788373,-0.4239919,1.122551,9.718461
8.636215,0.2231012,-0.04331415,-0.09460583,357.5752,357.6587,1.842291,-0.2231012,1.456686,9.944606,0.01988655,1.123888,9.795139,-0.3657409,1.13145,9.724454
8.73637,0.2093983,-0.04344741,-0.09612952,358.2314,2.748935,2.076382,-0.2093983,1.456553,9.94613,0.03918876,1.124529,9.79395,-0.3324878,1.138884,9.726474
8.848293,0.2064508,-0.05041906,-0.09543616,0.001947084,14.38379,2.413661,-0.2064508,1.449581,9.945436,0.04574537,1.12081,9.785944,-0.3216443,1.132975,9.724957
8.948586,0.1974035,-0.06080555,-0.09161972,0.5887562,20.20143,2.739603,-0.1974035,1.439194,9.94162,0.04478466,1.105011,9.769111,-0.3001512,1.095621,9.738598
9.060516,0.1817084,-0.06939937,-0.08906545,2.717612,25.25478,3.677233,-0.1817084,1.430601,9.939065,0.0380782,1.085096,9.755994,-0.2598943,1.037338,9.783964
9.160637,0.1597349,-0.06627478,-0.08565545,2.82254,25.36204,5.242621,-0.1597349,1.433725,9.935656,0.03091887,1.076041,9.749196,-0.2422964,1.03851,9.814968
9.261467,0.1285906,-0.06092557,-0.07965632,2.912314,18.17295,5.199165,-0.1285906,1.439074,9.929656,0.04245765,1.083076,9.740868,-0.2254303,1.035842,9.82163
9.373501,0.0925106,-0.05667538,-0.07329069,2.690501,5.403781,5.372019,-0.0925106,1.443325,9.92329,0.06487973,1.093313,9.740757,-0.2030662,1.024111,9.8127
9.485363,0.06325023,-0.05337298,-0.07023931,2.262425,352.5938,5.108989,-0.06325023,1.446627,9.920239,0.09000506,1.091757,9.746497,-0.1714261,1.013361,9.805983
9.585934,0.04572032,-0.05149266,-0.06953289,1.589519,343.1729,4.602381,-0.04572032,1.448507,9.919533,0.1137663,1.088914,9.755705,-0.142232,1.011026,9.801549
9.686481,0.03619883,-0.05070054,-0.06853282,1.03785,336.8444,3.694739,-0.03619883,1.449299,9.918532,0.1350877,1.087387,9.765581,-0.1180776,1.015795,9.793391
9.798717,0.03174004,-0.04966241,-0.06575818,0.07959399,332.0903,2.932683,-0.03174004,1.450338,9.915758,0.1574576,1.086853,9.775965,-0.09571919,1.020481,9.78766
9.910969,0.03087908,-0.04836743,-0.06030516,359.7796,329.5883,1.885875,-0.03087908,1.451633,9.910305,0.1930008,1.082341,9.785903,-0.08188163,1.016959,9.789059
10.02299,0.02867599,-0.048349,-0.05314094,359.5781,328.2747,1.384282,-0.02867599,1.451651,9.903141,0.2158219,1.06983,9.793859,-0.07702308,1.007461,9.789677
10.12334,0.0220103,-0.05045071,-0.04625622,359.9034,327.164,1.474556,-0.0220103,1.449549,9.896256,0.2225602,1.05971,9.800704,-0.07471412,0.9974337,9.786109
10.23587,0.010747,-0.05368649,-0.03846997,0.6054672,326.0444,2.093046,-0.010747,1.446314,9.88847,0.2184714,1.053734,9.79081,-0.06856049,0.9912559,9.776381
10.33737,-0.005782248,-0.06217049,-0.03254181,0.3636158,324.1331,2.922494,0.005782248,1.437829,9.882542,0.2663388,1.00692,9.785421,-0.0575207,0.9790608,9.769438
10.44854,-0.04017378,-0.08541019,-0.02446892,359.4306,321.4241,3.000371,0.04017378,1.41459,9.874469,0.3460533,0.9263721,9.808115,-0.03399106,0.9444615,9.764075
10.54855,-0.08830872,-0.1183159,-0.01857736,359.8409,318.875,3.77386,0.08830872,1.381684,9.868577,0.4377971,0.8726079,9.858325,-0.002652861,0.9019868,9.761962
10.66009,-0.1483893,-0.136521,-0.0120042,0.9538399,317.4286,4.673218,0.1483893,1.363479,9.862004,0.5321132,0.8495544,9.905384,0.04728774,0.8584481,9.764113
10.76017,-0.1860546,-0.1337863,-0.006153913,3.756011,318.8706,3.863128,0.1860546,1.366214,9.856153,0.5765383,0.8722176,9.904889,0.09797241,0.8663719,9.768539
10.86033,-0.2044946,-0.1275938,-0.003589155,4.584211,320.909,3.08716,0.2044946,1.372406,9.853589,0.6156915,0.8833511,9.875621,0.12682,0.8788259,9.746974
10.96053,-0.2114608,-0.1230142,-0.003971107,5.406327,322.8,2.004305,0.2114608,1.376986,9.853971,0.6219697,0.8995258,9.817246,0.1374933,0.8967441,9.735703
11.07336,-0.2097108,-0.1111463,-0.008079125,6.015247,325.0298,0.7712494,0.2097108,1.388854,9.858079,0.5622073,0.946631,9.761312,0.1337775,0.9151252,9.737752
11.17356,-0.2004181,-0.09611064,-0.01613257,4.807742,325.916,0.8208792,0.2004181,1.403889,9.866133,0.4888047,0.9621456,9.737345,0.1234978,0.9313131,9.747213
11.28519,-0.1772968,-0.08049289,-0.02658477,2.752164,328.5056,359.6645,0.1772968,1.419507,9.876585,0.3991051,0.9637629,9.73324,0.1038855,0.9403573,9.749827
11.38651,-0.1480477,-0.07164697,-0.03550114,1.011352,332.4192,358.5062,0.1480477,1.428353,9.885501,0.336857,0.9660991,9.745101,0.08637197,0.9441287,9.74917
11.49776,-0.117688,-0.06719404,-0.04418629,359.9049,334.8497,357.449,0.117688,1.432806,9.894186,0.3037857,0.9686299,9.763801,0.06700327,0.9498257,9.749955
11.598,-0.0934692,-0.06550156,-0.05034458,0.1850469,336.0132,356.391,0.0934692,1.434498,9.900345,0.2908827,0.9734195,9.77918,0.0395521,0.9485416,9.746349
11.71059,-0.06751891,-0.06693705,-0.05611018,359.1749,335.7579,356.1764,0.06751891,1.433063,9.90611,0.2831648,0.9789504,9.795467,-0.008343993,0.9408228,9.732923
11.82294,-0.04358083,-0.07479125,-0.0598464,359.3517,334.2574,355.0531,0.04358083,1.425209,9.909846,0.2716038,0.9744713,9.811471,-0.06728875,0.8905241,9.717902
11.93563,-0.02495633,-0.07601212,-0.06324167,0.7005695,332.442,353.2484,0.02495633,1.423988,9.913241,0.2683008,0.966988,9.838673,-0.07368775,0.7594477,9.789507
12.04749,-0.01307506,-0.07645003,-0.06883517,1.045123,330.1451,353.2321,0.01307506,1.42355,9.918835,0.2821936,0.9789404,9.875303,0.0005511614,0.7365197,9.889045
12.14799,-0.003739274,-0.07357716,-0.07652158,1.595173,328.1005,352.9804,0.003739274,1.426423,9.926521,0.2960043,0.9956246,9.900189,0.0839905,0.8020331,9.915358
12.24807,0.006315959,-0.06762493,-0.08514073,1.989776,327.3369,353.9617,-0.006315959,1.432375,9.935141,0.2955767,1.006651,9.914334,0.1212884,0.8770883,9.911612
12.35986,0.01701783,-0.06494703,-0.0921156,1.830275,327.0915,355.6415,-0.01701783,1.435053,9.942116,0.2798348,1.010373,9.920626,0.1093311,0.8994091,9.884641
12.46093,0.02747367,-0.06755871,-0.09350248,2.156148,328.1793,356.2674,-0.02747367,1.432441,9.943502,0.2545324,1.004459,9.916423,0.06770166,0.8734847,9.851881
12.57288,0.04359379,-0.06551422,-0.08887894,2.72288,331.8044,357.5589,-0.04359379,1.434486,9.938879,0.2234255,1.00062,9.905212,-0.01891352,0.8611562,9.800277
12.68538,0.062892,-0.06077292,-0.08419706,2.662171,334.829,359.2951,-0.062892,1.439227,9.934197,0.199515,1.004304,9.883783,-0.1736189,0.8850601,9.732183
12.79811,0.07904347,-0.05772743,-0.08205359,1.854513,336.3115,359.4842,-0.07904347,1.442273,9.932054,0.1791871,1.012838,9.855561,-0.3064451,0.9111657,9.713579
12.90993,0.08960886,-0.05222029,-0.07901674,1.167319,336.8448,0.2520435,-0.08960886,1.44778,9.929017,0.1736316,1.03615,9.843606,-0.3778396,0.9234935,9.718019
13.0107,0.09266751,-0.04581328,-0.07539815,359.8094,336.2083,0.9774421,-0.09266751,1.454187,9.925398,0.1812694,1.075735,9.843418,-0.3882667,0.9195485,9.730228
13.12421,0.08781149,-0.04423712,-0.07136051,359.5257,334.2113,1.769151,-0.08781149,1.455763,9.921361,0.1981974,1.115087,9.832881,-0.3483666,0.8897569,9.739918
13.23454,0.07284634,-0.04776382,-0.06626448,0.2863064,331.0128,2.829474,-0.07284634,1.452236,9.916265,0.2331951,1.095426,9.820189,-0.2659327,0.860348,9.750093
13.33638,0.05332505,-0.05075969,-0.06063658,0.7375718,328.7602,3.848615,-0.05332505,1.44924,9.910637,0.2568483,1.050334,9.830822,-0.186876,0.8498617,9.765613
13.44698,0.02478698,-0.05090357,-0.05477157,1.554834,326.9273,4.51674,-0.02478698,1.449096,9.904772,0.2932498,1.010348,9.870158,-0.1167429,0.8530979,9.782736
13.55948,-0.0004934054,-0.0479831,-0.05011584,2.395614,327.9412,5.188147,0.0004934054,1.452017,9.900116,0.3144306,1.009934,9.886354,-0.06834748,0.8666211,9.788033
13.6724,-0.01594913,-0.04339333,-0.04476854,2.227038,331.2293,4.273054,0.01594913,1.456607,9.894769,0.319958,1.01154,9.870822,-0.04498835,0.874437,9.769918
13.77249,-0.02389351,-0.04097259,-0.03877704,1.624938,335.329,1.317483,0.02389351,1.459027,9.888777,0.3383775,1.003469,9.848951,-0.04899944,0.8758193,9.734716
13.88406,-0.02733206,-0.0394688,-0.03054455,1.681262,342.7746,358.8204,0.02733206,1.460531,9.880545,0.3365459,0.9986626,9.814914,-0.09808303,0.8296626,9.705443
13.98423,-0.03053785,-0.03768186,-0.02362073,0.5332257,349.3651,358.2683,0.03053785,1.462318,9.873621,0.3259352,1.001867,9.793821,-0.1475569,0.7522843,9.737717
14.09732,-0.03438463,-0.03985592,-0.01794164,359.4778,354.9393,358.0026,0.03438463,1.460144,9.867942,0.3205935,0.996349,9.772696,-0.1309261,0.6980561,9.784369
14.20367,-0.03761447,-0.04165865,-0.01754565,359.9887,357.6912,358.2823,0.03761447,1.458341,9.867546,0.3176723,0.9945614,9.757879,-0.09061826,0.6807938,9.80519
14.30983,-0.03353053,-0.03928604,-0.02115761,359.9121,3.293101,357.3455,0.03353053,1.460714,9.871158,0.308419,1.001992,9.751388,-0.04752554,0.6927229,9.80719
14.42102,-0.02591217,-0.03484399,-0.02927189,359.782,9.704363,356.9561,0.02591217,1.465156,9.879272,0.299513,1.005558,9.75104,-0.01837675,0.7067028,9.804783
14.5227,-0.01854277,-0.02880739,-0.03807081,359.536,15.01277,357.3477,0.01854277,1.471193,9.888071,0.292127,1.009369,9.752777,-0.008855635,0.7223125,9.806105
14.63391,-0.01674181,-0.02222505,-0.04520607,358.7963,15.50249,358.2881,0.01674181,1.477775,9.895206,0.2688242,1.021059,9.75096,-0.01622809,0.7460322,9.801501
14.73398,-0.01700044,-0.02008371,-0.04759069,358.6059,12.53723,358.8759,0.01700044,1.479916,9.897591,0.2424043,1.032344,9.747626,-0.05433158,0.7824782,9.774837
14.83487,-0.01587353,-0.02096702,-0.04974222,359.1975,9.526631,358.869,0.01587353,1.479033,9.899742,0.2279288,1.036973,9.747333,-0.06996428,0.815061,9.75463
14.94701,-0.01521752,-0.02114524,-0.05285424,359.2032,7.190863,359.3811,0.01521752,1.478855,9.902854,0.2593374,1.028286,9.753074,-0.0525421,0.8316933,9.760609
15.05936,-0.01585261,-0.02092111,-0.0558746,359.1718,5.958916,0.2706596,0.01585261,1.479079,9.905874,0.2805133,1.026677,9.766966,-0.04263859,0.8346487,9.775388
15.15964,-0.017219,-0.02016247,-0.05871153,359.124,4.936241,0.1633793,0.017219,1.479838,9.908711,0.2786693,1.025346,9.778487,-0.03810938,0.8227983,9.790453
15.27206,-0.0155986,-0.01793234,-0.06272478,358.6423,6.06138,359.565,0.0155986,1.482068,9.912724,0.2668559,1.016384,9.785542,-0.02099788,0.8110033,9.816322
15.38382,-0.01256631,-0.01647483,-0.06682132,358.375,8.590282,359.3639,0.01256631,1.483525,9.916821,0.2535928,1.012267,9.785986,-0.00630445,0.8122813,9.831378
15.49668,-0.01158138,-0.01490883,-0.07001386,358.005,10.21245,359.3996,0.01158138,1.485091,9.920013,0.2444527,1.016992,9.784121,-0.02866407,0.8198334,9.811508
15.59704,-0.0116444,-0.01430928,-0.07205767,357.6691,10.69834,358.9767,0.0116444,1.485691,9.922058,0.2464475,1.019579,9.782682,-0.07915615,0.8281809,9.780292
15.70893,-0.01147896,-0.0144072,-0.0732367,357.644,10.96609,358.6848,0.01147896,1.485593,9.923237,0.253282,1.021873,9.77941,-0.1676185,0.8556743,9.73964
15.80949,-0.009190626,-0.0150363,-0.07195006,357.5054,10.49304,358.7959,0.009190626,1.484964,9.92195,0.2558871,1.021972,9.774898,-0.2450124,0.8798798,9.721636
15.90966,-0.003530283,-0.01660867,-0.06917638,357.4154,9.823437,358.3416,0.003530283,1.483391,9.919176,0.2508168,1.023819,9.771854,-0.2998025,0.8859938,9.717441
16.01588,0.002166621,-0.01692712,-0.06497233,357.3108,7.13977,358.2529,-0.002166621,1.483073,9.914972,0.2455943,1.024176,9.77148,-0.3346232,0.8812773,9.722641
16.12151,0.007786131,-0.01741308,-0.05997359,357.2882,3.695986,358.0833,-0.007786131,1.482587,9.909973,0.2357439,1.022716,9.770099,-0.3281212,0.8690141,9.727048
16.22165,0.01441343,-0.01714321,-0.05643048,357.5893,3.166284,358.1198,-0.01441343,1.482857,9.90643,0.2275964,1.02306,9.767468,-0.307531,0.8500354,9.735069
16.32288,0.02016252,-0.01585782,-0.05293469,357.3827,3.294438,358.2957,-0.02016252,1.484142,9.902935,0.2279678,1.025849,9.766583,-0.2835454,0.8331054,9.743608
16.43377,0.02293712,-0.01520183,-0.04829428,357.5813,2.546419,358.4697,-0.02293712,1.484798,9.898294,0.2246594,1.024381,9.765488,-0.2490233,0.8212733,9.745626
16.53402,0.02213789,-0.0138763,-0.04394097,357.6779,1.29664,359.0638,-0.02213789,1.486124,9.893941,0.2200232,1.020971,9.764084,-0.2072029,0.8188035,9.743535
16.64627,0.01806822,-0.0114775,-0.03969115,357.5038,359.4644,359.567,-0.01806822,1.488523,9.889691,0.217907,1.020988,9.762839,-0.1717944,0.8222399,9.739943
16.7464,0.01433851,-0.01018422,-0.03638224,357.2913,358.6335,359.7401,-0.01433851,1.489816,9.886382,0.2211657,1.021029,9.761549,-0.1477342,0.8250604,9.735079
16.85947,0.009963673,-0.01000852,-0.03364309,357.4973,358.5041,0.2519393,-0.009963673,1.489991,9.883643,0.2302234,1.021309,9.76146,-0.130439,0.8300656,9.729095
16.95976,0.005002446,-0.009814218,-0.03254619,357.4792,357.8656,0.6533695,-0.005002446,1.490186,9.882546,0.2342927,1.019594,9.76117,-0.1221369,0.8332413,9.724619
17.07153,-0.001026347,-0.009096917,-0.03247376,357.2555,356.5127,0.876397,0.001026347,1.490903,9.882474,0.2357816,1.018626,9.760854,-0.1180173,0.83321,9.722987
17.17154,-0.005804918,-0.008070588,-0.03283096,356.8423,355.1581,1.015192,0.005804918,1.491929,9.882831,0.2381341,1.017468,9.759945,-0.1121944,0.8335639,9.724017
17.2836,-0.008281954,-0.007946973,-0.03252858,356.8446,355.1991,1.073318,0.008281954,1.492053,9.882528,0.2402569,1.017566,9.75851,-0.1096006,0.8321058,9.726052
17.39672,-0.007741626,-0.008678254,-0.03141289,357.2625,356.3563,0.9099053,0.007741626,1.491322,9.881413,0.2405586,1.017008,9.757289,-0.1090311,0.8313926,9.726966
17.50911,-0.007574593,-0.008595812,-0.03066334,357.2443,357.1046,0.8391899,0.007574593,1.491404,9.880663,0.2388762,1.015115,9.755028,-0.109491,0.8331297,9.726123
17.6098,-0.007035013,-0.007938886,-0.03026903,357.0483,357.9809,0.8187348,0.007035013,1.492061,9.880269,0.2369342,1.014631,9.751641,-0.1120899,0.8341792,9.723713
17.72089,-0.005441338,-0.007593246,-0.03023933,357.0313,359.1993,0.6698249,0.005441338,1.492407,9.880239,0.2353964,1.015734,9.748228,-0.1147609,0.8365775,9.720088
17.82178,-0.003974485,-0.006443201,-0.03081484,356.7445,0.1708239,0.411976,0.003974485,1.493557,9.880815,0.2341896,1.016498,9.745178,-0.1176894,0.841978,9.715695
17.93414,-0.001951273,-0.005498021,-0.03163929,356.3598,1.662673,0.2280908,0.001951273,1.494502,9.881639,0.2329049,1.017776,9.741706,-0.1247494,0.8487607,9.709526
18.04628,-0.000922855,-0.00473716,-0.03195404,356.1833,2.612756,0.1492648,0.000922855,1.495263,9.881954,0.2321478,1.019174,9.738398,-0.1267419,0.8548987,9.703954
18.15881,-0.001507111,-0.00409635,-0.03210789,355.9084,2.511076,0.09146632,0.001507111,1.495904,9.882108,0.2313002,1.019826,9.735093,-0.1241564,0.8540174,9.702073
18.272,-0.00280359,-0.002960694,-0.03192241,355.545,1.779972,359.9875,0.00280359,1.497039,9.881923,0.2309477,1.020824,9.733253,-0.1190812,0.8502916,9.702559
18.38375,-0.00475658,-0.002353386,-0.03171809,355.3565,0.4159002,359.9939,0.00475658,1.497647,9.881718,0.2321184,1.021422,9.73218,-0.1077096,0.8436891,9.705939
18.49646,-0.006795529,-0.001814787,-0.03118572,355.0231,358.8028,0.03432729,0.006795529,1.498185,9.881186,0.2382722,1.02095,9.732333,-0.09514387,0.8370768,9.710751
18.60898,-0.006594971,-0.00175809,-0.03033604,354.9536,358.1595,359.9242,0.006594971,1.498242,9.880336,0.2403953,1.021158,9.733741,-0.09076909,0.8244337,9.715433
18.70933,-0.005522714,-0.002628658,-0.02897141,355.1932,357.8997,359.779,0.005522714,1.497371,9.878971,0.2405424,1.021056,9.73502,-0.09024371,0.8030489,9.723369
18.81016,-0.003991724,-0.003579705,-0.0251755,355.2318,357.0443,359.7943,0.003991724,1.49642,9.875175,0.2406764,1.019621,9.737151,-0.1006745,0.7772586,9.730188
18.92122,2.276152E-05,-0.007200501,-0.01726455,355.1044,354.6698,359.6707,-2.276152E-05,1.4928,9.867265,0.2425585,1.017635,9.743707,-0.1426619,0.7427935,9.72984
19.02138,0.0057345,-0.01057997,-0.009925668,355.3518,352.1384,358.6644,-0.0057345,1.48942,9.859925,0.2453326,1.014393,9.750983,-0.1885626,0.7261007,9.721032
19.12748,0.01414601,-0.01412019,-0.0007157126,355.2776,349.5071,357.4983,-0.01414601,1.48588,9.850716,0.2475042,1.011138,9.756271,-0.2407089,0.7127941,9.7019
19.22926,0.0198306,-0.01617969,0.00339761,356.6828,350.1424,357.5668,-0.0198306,1.48382,9.846602,0.2424363,1.008229,9.759117,-0.2247789,0.7164086,9.678113
19.3304,0.02466559,-0.01618711,0.007443567,357.1692,350.7985,357.538,-0.02466559,1.483813,9.842556,0.2360404,1.007422,9.758294,-0.2004513,0.7295402,9.671509
19.43041,0.02869544,-0.01547341,0.009752788,357.5932,352.4429,357.8233,-0.02869544,1.484527,9.840247,0.228106,1.00663,9.752804,-0.1735282,0.7310785,9.687257
19.54261,0.03193891,-0.01447911,0.0102694,357.5357,354.646,357.9852,-0.03193891,1.485521,9.83973,0.2240318,1.008473,9.74646,-0.1504436,0.7258108,9.714555
19.65573,0.03536454,-0.01358511,0.01047277,357.5522,357.394,358.3431,-0.03536454,1.486415,9.839527,0.2193023,1.009173,9.738802,-0.1418352,0.7219533,9.736215
19.7569,0.040227,-0.01333637,0.01169421,357.1893,359.6301,358.5464,-0.040227,1.486664,9.838305,0.2019806,1.014074,9.722803,-0.1502097,0.7240396,9.73942
19.86904,0.0488724,-0.0137254,0.01195955,357.399,1.958329,358.4644,-0.0488724,1.486275,9.83804,0.1603318,1.026067,9.689559,-0.1726573,0.7407163,9.724784
19.98037,0.05888927,-0.01305645,0.01122531,356.83,4.269422,358.7874,-0.05888927,1.486944,9.838775,0.1136726,1.040432,9.661977,-0.2310672,0.7883087,9.693011
20.09337,0.07088268,-0.01175424,0.008885745,356.417,7.822525,358.8747,-0.07088268,1.488246,9.841114,0.07189709,1.05175,9.646569,-0.2829472,0.8466493,9.670819
20.19361,0.08099367,-0.01057922,0.006923699,355.8802,11.17023,358.8668,-0.08099367,1.489421,9.843077,0.04489344,1.054325,9.644449,-0.3080488,0.8972965,9.665771
20.30565,0.0886865,-0.01090718,0.004881313,356.3069,13.9393,359.5397,-0.0886865,1.489093,9.845119,0.02494543,1.050061,9.64794,-0.3201321,0.9244726,9.675649
20.40569,0.09130837,-0.01144007,0.003760123,356.5512,14.70785,0.3948557,-0.09130837,1.48856,9.84624,0.0179207,1.044738,9.652995,-0.3284808,0.9288493,9.689213
20.50624,0.0884148,-0.01225237,0.003236986,357.071,13.08193,0.7771278,-0.0884148,1.487748,9.846763,0.02187648,1.041551,9.657216,-0.3338396,0.9251717,9.70248
20.61891,0.08047739,-0.01326832,0.003051667,357.4557,9.661488,1.372613,-0.08047739,1.486732,9.846949,0.03924688,1.044323,9.661981,-0.3089088,0.9342246,9.702962
20.73089,0.07255939,-0.01402329,0.0007529316,358.1766,7.431538,1.596316,-0.07255939,1.485977,9.849247,0.08669434,1.075695,9.649526,-0.260013,0.949154,9.697139
20.83118,0.06615311,-0.01434034,-0.002846161,358.2828,7.231394,1.910431,-0.06615311,1.48566,9.852846,0.170306,1.145062,9.627051,-0.2203044,0.9533358,9.69533
20.93151,0.05619217,-0.01364643,-0.004941165,358.2942,6.409916,2.191225,-0.05619217,1.486354,9.854941,0.1841595,1.229435,9.641353,-0.1796039,0.9493237,9.70476
21.03167,0.04485578,-0.01391541,-0.008340867,358.8777,5.218136,2.70461,-0.04485578,1.486085,9.858341,0.1424751,1.244871,9.619802,-0.1451084,0.9317511,9.720781
21.14403,0.03676755,-0.01254066,-0.0122824,358.416,4.878037,2.939537,-0.03676755,1.487459,9.862283,0.1462128,1.225053,9.635163,-0.1133773,0.9208894,9.742249
21.25673,0.03651024,-0.0106651,-0.01605456,357.8406,8.436616,3.294684,-0.03651024,1.489335,9.866055,0.1408798,1.177826,9.647801,-0.09621844,0.9187113,9.759295
21.36885,0.04381549,-0.009638032,-0.02083031,357.5578,16.35447,3.545396,-0.04381549,1.490362,9.870831,0.1316495,1.137775,9.655414,-0.09061655,0.9169129,9.767307
21.46921,0.04695375,-0.01018252,-0.02291499,357.7076,21.18761,4.213142,-0.04695375,1.489818,9.872915,0.1134068,1.118491,9.660044,-0.09021777,0.9185024,9.769634
21.57036,0.04003585,-0.01086992,-0.02140413,358.4659,18.29438,3.832013,-0.04003585,1.48913,9.871404,0.1005156,1.104288,9.661581,-0.09518804,0.9218089,9.770301
21.68088,0.03127777,-0.01036381,-0.01696085,358.2295,14.23196,3.883635,-0.03127777,1.489636,9.866961,0.09549735,1.100714,9.662768,-0.1031232,0.9156315,9.772879
21.78097,0.02536457,-0.01124537,-0.01149614,358.3787,11.68257,4.128006,-0.02536457,1.488755,9.861496,0.1006231,1.099428,9.663499,-0.1076296,0.9081672,9.77223
21.88156,0.0207489,-0.01305061,-0.005569091,359.2296,9.201769,4.164903,-0.0207489,1.486949,9.855569,0.1174909,1.096004,9.664387,-0.1084303,0.9063258,9.766741
21.9817,0.0171487,-0.01479876,-1.119915E-05,359.9371,6.966394,3.87991,-0.0171487,1.485201,9.850011,0.1347659,1.093086,9.666468,-0.1060547,0.9061046,9.756088
22.09413,0.01780129,-0.01545952,0.004761962,0.41703,6.755315,3.867865,-0.01780129,1.48454,9.845238,0.1516874,1.089528,9.66859,-0.09761198,0.9065593,9.744665
22.19492,0.0247082,-0.01569021,0.007237755,0.5450748,10.94594,3.491389,-0.0247082,1.48431,9.842762,0.1592418,1.086265,9.669505,-0.08906575,0.9078373,9.737761
22.30686,0.0366134,-0.01590277,0.007951917,0.2956641,18.25995,3.890554,-0.0366134,1.484097,9.842048,0.1578685,1.084191,9.666639,-0.0839396,0.9088771,9.733066
22.4071,0.04643869,-0.01527846,0.008990662,359.5007,23.65098,4.344731,-0.04643869,1.484722,9.841009,0.1376276,1.083831,9.655334,-0.08871204,0.9098662,9.730034
22.50729,0.05592295,-0.01432669,0.01068783,358.7914,27.21069,3.84939,-0.05592295,1.485673,9.839313,0.0983223,1.078859,9.642249,-0.1134348,0.9082317,9.725883
22.61889,0.07206382,-0.01392891,0.01217637,357.6857,32.73959,2.904464,-0.07206382,1.486071,9.837824,0.0494789,1.069587,9.634623,-0.1706128,0.8916256,9.728142
22.71932,0.08956438,-0.01498513,0.01349481,357.7806,38.40343,2.389281,-0.08956438,1.485015,9.836505,0.01346935,1.064244,9.634175,-0.2487287,0.8643259,9.746872
22.81989,0.1053347,-0.01658527,0.01425151,358.1585,43.35654,2.245584,-0.1053347,1.483415,9.835749,-0.01652976,1.059347,9.635214,-0.2879923,0.8515037,9.779507
22.93182,0.1169374,-0.01892173,0.01562876,358.7687,46.19089,2.199012,-0.1169374,1.481078,9.834372,-0.03818744,1.057735,9.63306,-0.3033963,0.8698294,9.844646
23.04433,0.1219795,-0.02059122,0.01866225,359.0384,47.12257,3.214479,-0.1219795,1.479409,9.831338,-0.05006102,1.05655,9.632625,-0.377935,0.9310981,9.868382
23.15708,0.1239337,-0.0209633,0.0205106,358.7639,45.89452,4.901411,-0.1239337,1.479037,9.82949,-0.05748643,1.042342,9.62759,-0.3658451,0.9810268,9.837034
23.25733,0.1249276,-0.02179366,0.01720831,358.5526,45.3812,5.28708,-0.1249276,1.478206,9.832791,-0.04296067,1.038817,9.60092,-0.3154319,0.988221,9.790363
23.36973,0.1212333,-0.01918973,0.015401,357.5385,42.5092,5.414569,-0.1212333,1.48081,9.834599,-0.01535758,1.056955,9.591887,-0.2643957,0.9671301,9.785964
23.48171,0.1153029,-0.01511592,0.01235077,356.3595,39.31934,4.956116,-0.1153029,1.484884,9.837649,0.006717538,1.077245,9.604237,-0.2260468,0.9598267,9.793114
23.58187,0.1080227,-0.01480956,0.008193513,355.9315,37.13215,4.649468,-0.1080227,1.48519,9.841806,0.01972822,1.14129,9.602093,-0.1993571,0.9550051,9.800371
23.6944,0.09440512,-0.01550602,0.001336044,356.6088,35.08416,4.84973,-0.09440512,1.484494,9.848664,0.01085427,1.322248,9.618455,-0.1811123,0.9309109,9.820013
23.80688,0.07754385,-0.01168002,-0.007331023,356.3399,33.85072,3.35177,-0.07754385,1.48832,9.857331,-0.05605429,1.488624,9.683419,-0.1694755,0.9194217,9.830737
23.90693,0.06588326,-0.006010938,-0.0146062,355.829,32.2454,4.618909,-0.06588326,1.493989,9.864606,-0.1466651,1.569476,9.725927,-0.1570687,0.9200188,9.831764
24.0195,0.06189816,-0.006653757,-0.02284227,355.5765,28.2162,5.806451,-0.06189816,1.493346,9.872842,-0.1893283,1.590734,9.623097,-0.1533296,0.9288517,9.829828
24.1197,0.07403952,-0.01012197,-0.02753048,354.74,24.70362,7.484164,-0.07403952,1.489878,9.87753,-0.1363196,1.502484,9.619476,-0.1661738,0.9289092,9.832262
24.23214,0.09126631,-0.01195072,-0.02745117,354.3186,22.30674,5.431759,-0.09126631,1.488049,9.877451,-0.0632973,1.335595,9.618602,-0.1962417,0.9106932,9.832781
24.33219,0.1003817,-0.01210124,-0.0220457,354.3645,20.25002,5.023967,-0.1003817,1.487899,9.872046,-0.0543657,1.193432,9.623499,-0.2115892,0.9055977,9.835496
24.44407,0.1038629,-0.01338066,-0.01305839,353.5995,17.80931,5.803411,-0.1038629,1.486619,9.863058,-0.04186574,1.121174,9.680029,-0.2295897,0.9291334,9.813816
24.55636,0.09841801,-0.01624756,-0.0140054,355.1527,15.1791,7.164755,-0.09841801,1.483752,9.864005,-0.01517699,1.171886,9.682564,-0.228854,1.044897,9.745504
24.65718,0.0917226,-0.01653819,-0.02226493,354.1343,13.56401,6.070544,-0.0917226,1.483462,9.872265,0.003482557,1.224906,9.674348,-0.2063774,1.172925,9.682
24.76923,0.08694685,-0.01936235,-0.02538749,353.2103,11.42741,6.483537,-0.08694685,1.480638,9.875387,0.02461765,1.241198,9.689223,-0.2189816,1.366495,9.639499
24.8813,0.08928594,-0.02312058,-0.02302507,353.3935,10.04835,5.781261,-0.08928594,1.476879,9.873025,0.04660887,1.222218,9.69957,-0.2490445,1.481671,9.644614
24.98232,0.09531338,-0.02149422,-0.01869418,353.6897,8.561911,5.791884,-0.09531338,1.478506,9.868694,0.05926478,1.204096,9.694797,-0.2750438,1.534117,9.634299
25.09635,0.1044992,-0.01310036,-0.009479198,352.8764,6.952682,5.525776,-0.1044992,1.4869,9.859479,0.06534429,1.19664,9.697956,-0.3362319,1.607052,9.631365
25.20945,0.1148444,-0.006907318,0.00163554,353.2958,5.966294,5.334142,-0.1148444,1.493093,9.848365,0.07152048,1.194499,9.695938,-0.4405507,1.654806,9.584178
25.31837,0.1314908,-0.007363852,0.004540698,353.7476,15.18038,5.222069,-0.1314908,1.492636,9.845459,0.07104681,1.195658,9.686373,-0.4434577,1.598584,9.491925
25.41868,0.1320284,-0.006281195,0.0006276798,351.7234,26.35836,4.135644,-0.1320284,1.493719,9.849372,0.06683598,1.193634,9.669419,-0.4022362,1.497173,9.470113
25.51903,0.1189133,-0.007263327,-0.006277122,349.4311,35.25122,0.7502959,-0.1189133,1.492737,9.856277,0.06372252,1.185101,9.648696,-0.377437,1.363662,9.451698
25.63105,0.1033436,-0.006984802,-0.01726527,349.3994,53.96587,356.57,-0.1033436,1.493015,9.867266,0.07240438,1.17785,9.628581,-0.3468336,1.230984,9.45962
25.73233,0.06067842,-0.00645896,0.002643535,350.6953,42.64365,0.8203235,-0.06067842,1.493541,9.847357,0.08992928,1.18556,9.618471,-0.3052834,1.155451,9.490305
25.84275,0.007261417,-0.006031044,0.02230647,351.9113,18.78243,4.007978,-0.007261417,1.493969,9.827694,0.1186736,1.195515,9.620222,-0.2628569,1.086551,9.520355
25.94284,-0.02818896,-0.009433152,0.0272385,353.1516,2.29646,7.785051,0.02818896,1.490567,9.822762,0.1490601,1.185914,9.625712,-0.2202693,1.037229,9.542609
26.04304,-0.05279118,-0.01453282,0.02345026,355.4225,348.7731,8.614432,0.05279118,1.485467,9.82655,0.1852102,1.176936,9.638546,-0.173023,0.992615,9.563746
26.1436,-0.06328392,-0.01663054,0.01713796,356.2426,341.072,8.039062,0.06328392,1.483369,9.832862,0.2424484,1.19388,9.664019,-0.1308695,0.9602594,9.581627
26.25614,-0.05836785,-0.01922325,0.009116229,357.3622,339.5082,7.162339,0.05836785,1.480777,9.840884,0.3626393,1.257843,9.715639,-0.0979294,0.9493341,9.607069
26.35624,-0.04887898,-0.01871688,-0.001354415,358.1985,339.5793,6.122904,0.04887898,1.481283,9.851355,0.3906077,1.320496,9.735169,-0.07084564,0.9444927,9.640435
26.46292,-0.04145392,-0.01940743,-0.01117866,358.0042,338.2696,4.564141,0.04145392,1.480593,9.861178,0.3592357,1.342843,9.733079,-0.03655246,0.9450282,9.695101
26.56802,-0.03990239,-0.02853305,-0.01975006,358.5115,334.2868,6.131573,0.03990239,1.471467,9.86975,0.3547499,1.246623,9.759135,-0.01272175,0.925058,9.75447
26.66887,-0.03903715,-0.03764202,-0.02558205,0.3003261,333.2622,5.224058,0.03903715,1.462358,9.875582,0.4069513,1.145642,9.854582,-0.003401255,0.9014052,9.797915
26.76894,-0.02529799,-0.03856501,-0.02402449,0.08102965,341.2457,4.803016,0.02529799,1.461435,9.874024,0.4537211,1.145321,9.874767,0.0004144534,0.882027,9.813298
26.88057,0.01267163,-0.0377741,-0.02352467,358.4958,6.553819,2.997895,-0.01267163,1.462226,9.873525,0.5117988,1.195279,9.863067,0.005854681,0.8785658,9.806179
26.98076,0.02880986,-0.03825877,-0.0313248,357.5429,20.5967,3.248047,-0.02880986,1.461741,9.881325,0.5306346,1.234789,9.770023,0.01137384,0.8809378,9.796108
27.09378,0.0219109,-0.04107021,-0.03232221,356.8222,19.70684,3.35618,-0.0219109,1.45893,9.882322,0.4576289,1.233555,9.63352,0.01495844,0.8782949,9.790512
27.19382,0.01527202,-0.03842548,-0.02862045,356.9793,15.59224,2.854372,-0.01527202,1.461575,9.87862,0.3338463,1.22377,9.610223,0.01393329,0.8815937,9.784083
27.3059,0.01758333,-0.03171023,-0.02462657,356.11,13.59816,1.955801,-0.01758333,1.46829,9.874626,0.2597156,1.173609,9.621851,0.004385851,0.9022632,9.776743
27.41855,0.03681266,-0.03255573,-0.0237208,355.5178,20.80913,0.5834014,-0.03681266,1.467444,9.873721,0.2088527,1.124226,9.624044,-0.01386017,0.8971782,9.769414
27.51931,0.06198565,-0.03465602,-0.02797537,357.1031,32.83699,359.5836,-0.06198565,1.465344,9.877975,0.1603796,1.094291,9.632331,-0.03678919,0.8815606,9.759372
27.63067,0.08738746,-0.03843758,-0.0341085,358.7487,42.6088,359.1526,-0.08738746,1.461562,9.884109,0.06855135,1.055758,9.656774,-0.07754544,0.8899698,9.748678
27.73118,0.1071222,-0.04380076,-0.03930263,359.599,47.70959,1.095165,-0.1071222,1.456199,9.889302,-0.01983509,1.022434,9.688268,-0.1537312,0.8953305,9.740352
27.84282,0.1360625,-0.0485634,-0.04909391,358.4449,53.16701,1.912603,-0.1360625,1.451437,9.899094,-0.09767628,1.004808,9.727244,-0.2853708,0.9067246,9.759995
27.95504,0.1837762,-0.05595699,-0.06106978,357.4344,60.37947,0.7828021,-0.1837762,1.444043,9.91107,-0.1487637,0.9875007,9.751994,-0.4700055,0.9241133,9.835698
28.05569,0.2278912,-0.06353473,-0.07393488,358.3995,66.68591,358.4729,-0.2278912,1.436465,9.923935,-0.1872795,0.9796632,9.761568,-0.6169251,0.8913213,9.96338
28.15603,0.256715,-0.07546873,-0.07915922,358.9063,71.5351,355.8615,-0.256715,1.424531,9.929159,-0.2197521,0.9844668,9.778423,-0.6976653,0.8748847,10.1862
28.26819,0.270642,-0.08496142,-0.07529727,358.7261,69.36784,357.3462,-0.270642,1.415039,9.925298,-0.2317324,0.9802886,9.792518,-0.7114334,0.9335065,10.35579
28.36889,0.2670359,-0.09474277,-0.07078192,358.4688,63.88803,358.5643,-0.2670359,1.405257,9.920782,-0.2357179,0.9668602,9.804245,-0.7810419,1.000941,10.30249
28.48055,0.2430504,-0.09344887,-0.06693827,0.001781399,54.53375,359.8359,-0.2430504,1.406551,9.916938,-0.2239165,0.960522,9.802567,-0.7879891,0.990134,10.02276
28.58062,0.2032998,-0.07861552,-0.06081232,358.503,40.40394,0.03597803,-0.2032998,1.421384,9.910812,-0.1716792,0.9827165,9.778667,-0.6450713,0.9604608,9.83806
28.69349,0.1511654,-0.06408572,-0.0573309,357.6948,22.61138,0.5739294,-0.1511654,1.435914,9.907331,-0.07941145,1.01339,9.743982,-0.4448979,0.9021305,9.735767
28.80679,0.1107977,-0.05502087,-0.05940396,356.3906,10.74673,359.2641,-0.1107977,1.444979,9.909404,0.01385326,1.055924,9.731216,-0.2690175,0.8655211,9.717279
28.91859,0.08332506,-0.05220961,-0.06219939,356.3234,3.910783,358.8702,-0.08332506,1.44779,9.912199,0.09526246,1.088924,9.732667,-0.155452,0.8509303,9.738563
29.03071,0.06096069,-0.05071523,-0.06405503,356.2526,358.9539,359.6423,-0.06096069,1.449285,9.914055,0.1427987,1.18863,9.740064,-0.09186941,0.8387985,9.785778
29.13102,0.04003759,-0.04629511,-0.07351961,356.7753,353.8904,357.9261,-0.04003759,1.453705,9.923519,0.01467602,1.427916,9.750807,-0.0865906,0.8175178,9.813061
29.24359,0.03738973,-0.03878656,-0.0849869,356.2311,349.8373,0.6692991,-0.03738973,1.461213,9.934987,-0.04249159,1.564136,9.733725,-0.1072564,0.8069705,9.824429
29.35611,0.05144139,-0.04379694,-0.09383585,357.0134,346.2329,2.495737,-0.05144139,1.456203,9.943836,-0.04157639,1.558081,9.658031,-0.1400535,0.8115259,9.825534
29.45694,0.06987412,-0.04946373,-0.09419922,358.0381,342.7639,3.059955,-0.06987412,1.450536,9.9442,0.01527783,1.472355,9.698694,-0.1821114,0.8250045,9.810648
29.56754,0.08652584,-0.05081088,-0.08922646,359.1553,340.5574,3.052466,-0.08652584,1.449189,9.939226,0.08949378,1.319558,9.744541,-0.2342903,0.9183899,9.75876
29.6683,0.0925682,-0.05796294,-0.08450687,358.71,340.1736,3.126071,-0.0925682,1.442037,9.934506,0.08415975,1.162685,9.737153,-0.1987,0.9260002,9.755932
29.78035,0.1010474,-0.06621354,-0.0779902,0.8380708,340.1651,2.778534,-0.1010474,1.433787,9.92799,0.07308421,1.105834,9.766089,-0.3087029,0.8932908,9.672494
29.8929,0.1389769,-0.07897313,-0.06142648,357.4077,339.689,3.403366,-0.1389769,1.421027,9.911427,0.04561906,1.086763,9.774496,-0.6518319,0.8837366,9.644323
29.99334,0.2019516,-0.1136913,-0.04203638,355.1677,336.3185,3.592382,-0.2019516,1.386309,9.892036,-0.007363903,1.062269,9.74931,-0.7977099,0.8967794,9.673792
30.10565,0.2240315,-0.1434497,-0.04219507,350.9068,318.4175,7.814367,-0.2240315,1.35655,9.892195,-0.01803217,1.076187,9.741361,-0.8366012,0.9149054,9.646344
30.21814,0.2223605,-0.1512702,-0.06050408,358.7264,299.6337,9.090786,-0.2223605,1.34873,9.910504,0.1258819,1.086604,9.794856,-0.7851375,0.8537352,9.630686
30.33058,0.2273833,-0.134602,-0.05459489,359.0825,303.1676,7.91645,-0.2273833,1.365398,9.904594,0.196785,1.076092,9.826308,-0.8287978,0.7374724,9.605246
30.43132,0.2146913,-0.1126569,-0.04730739,356.7088,307.3629,5.220583,-0.2146913,1.387343,9.897307,0.1529911,1.078998,9.790708,-0.7530103,0.7070592,9.605705
30.53267,0.1904787,-0.10137,-0.04089744,358.5418,312.4711,2.5746,-0.1904787,1.39863,9.890898,0.1177841,1.055367,9.762926,-0.5514351,0.7123818,9.663128
30.6423,0.1522096,-0.09042249,-0.03691341,359.2804,314.8133,1.73234,-0.1522096,1.409577,9.886913,0.08491275,1.026321,9.740795,-0.3876314,0.6908898,9.722409
30.74243,0.1240928,-0.07821804,-0.03337403,358.1586,317.4395,1.091318,-0.1240928,1.421782,9.883374,0.0710343,1.033652,9.739557,-0.3332703,0.7375733,9.688143
30.8554,0.1014017,-0.06923841,-0.03473628,355.6971,314.0958,3.635666,-0.1014017,1.430762,9.884736,0.1067823,1.063385,9.734811,-0.4000273,0.9280601,9.534433
30.95598,0.08481182,-0.06691771,-0.04014971,355.8772,308.1182,3.356636,-0.08481182,1.433082,9.89015,0.1381373,1.105205,9.739267,-0.4200938,1.095443,9.487574
31.06726,0.0644502,-0.06524597,-0.04820744,355.9641,299.3405,4.776842,-0.0644502,1.434754,9.898208,0.2485877,1.227549,9.80744,-0.412594,1.289334,9.471801
31.16747,0.04692354,-0.05903069,-0.04995086,357.5495,295.1164,4.206619,-0.04692354,1.440969,9.899951,0.3404772,1.37433,9.971089,-0.3874346,1.440578,9.513049
31.26818,0.01958712,-0.05166136,-0.045918,357.3229,296.8914,6.249271,-0.01958712,1.448339,9.895918,0.3718254,1.513567,10.05453,-0.3067941,1.423158,9.553762
31.37967,-0.0244619,-0.04624321,-0.04988431,357.8982,295.2815,5.724101,0.0244619,1.453757,9.899884,0.3764344,1.596125,10.0269,-0.2293123,1.277161,9.569905
31.48001,-0.06343362,-0.04868454,-0.04714422,358.8701,298.3912,3.861669,0.06343362,1.451315,9.897144,0.3697342,1.541113,9.97792,-0.1686184,1.097366,9.553093
31.59317,-0.09788626,-0.04513883,-0.03941651,359.7513,304.0455,2.301235,0.09788626,1.454861,9.889417,0.3644691,1.413097,9.889631,-0.05872581,0.9593179,9.627024
31.70424,-0.10795,-0.04044498,-0.02712385,1.196856,314.7325,1.17515,0.10795,1.459555,9.877124,0.3462542,1.260332,9.757254,0.02924511,0.9344414,9.71214
31.80456,-0.08900496,-0.03695658,-0.01281462,1.191908,333.2865,2.266333,0.08900496,1.463043,9.862815,0.2511049,1.18251,9.693319,0.04545582,0.9261981,9.738807
31.91751,-0.06098322,-0.03453916,-0.008934252,0.7353598,348.6658,4.757963,0.06098322,1.465461,9.858934,0.1662792,1.174354,9.675042,0.02394776,0.9396365,9.738548
32.01796,-0.03944655,-0.03160196,-0.009169127,359.7066,356.1062,6.098204,0.03944655,1.468398,9.859169,0.1203672,1.177389,9.662074,-0.01715523,0.9435793,9.730114
32.12989,-0.02058986,-0.03037217,-0.01075082,359.6875,0.423103,5.524498,0.02058986,1.469628,9.860751,0.08731282,1.195969,9.660046,-0.07225235,0.9490979,9.729028
32.24223,-0.01262075,-0.03138766,-0.01322721,359.5192,359.6677,5.665917,0.01262075,1.468612,9.863227,0.08810286,1.196114,9.652973,-0.1204928,0.9353157,9.73967
32.34496,-0.009297684,-0.03152091,-0.01805694,358.9417,358.2417,4.769406,0.009297684,1.468479,9.868057,0.09217541,1.173613,9.65336,-0.1461457,0.919758,9.757352
32.45395,-0.0113291,-0.03171502,-0.02429517,358.5589,357.0885,3.336506,0.0113291,1.468285,9.874295,0.1059968,1.164079,9.666646,-0.144064,0.9102716,9.768493
32.55458,-0.01642184,-0.03119877,-0.03076814,357.6981,357.5512,3.209979,0.01642184,1.468801,9.880768,0.1423753,1.162488,9.675684,-0.1309029,0.9113902,9.769596
32.65477,-0.02493442,-0.03592264,-0.03911723,357.6929,1.55376,2.370707,0.02493442,1.464077,9.889117,0.1666414,1.160121,9.684769,-0.1341945,0.9180945,9.759763
32.76667,-0.04052012,-0.05022036,-0.05198753,356.8602,13.61315,0.7161924,0.04052012,1.44978,9.901987,0.1724696,1.148817,9.694023,-0.1506402,0.9196194,9.745806
32.87941,-0.06857429,-0.05457098,-0.06091708,357.8594,22.91632,1.326216,0.06857429,1.445429,9.910917,0.1737279,1.127691,9.696537,-0.1808403,0.9656063,9.756899
32.98007,-0.08514453,-0.04924604,-0.06578143,357.1424,29.47186,1.70517,0.08514453,1.450754,9.915781,0.172864,1.117205,9.697443,-0.2471962,1.030446,9.797415
33.09206,-0.08027679,-0.0446701,-0.06804279,354.4023,35.04387,2.563998,0.08027679,1.45533,9.918043,0.1678138,1.105711,9.691996,-0.3297344,1.219754,9.858846
33.20428,-0.07586604,-0.04470623,-0.07409355,358.3495,37.95607,1.437341,0.07586604,1.455294,9.924093,0.2032008,1.129197,9.656379,-0.1324526,1.233091,9.787059
33.30539,-0.08096186,-0.04457758,-0.0725468,357.3914,38.27749,0.7602283,0.08096186,1.455422,9.922546,0.2721341,1.187515,9.629826,-0.153996,1.252395,9.798171
33.41684,-0.09665939,-0.05054533,-0.06378984,358.3745,39.29257,359.041,0.09665939,1.449455,9.91379,0.26834,1.197678,9.635815,-0.4186922,1.334021,9.929493
33.52909,-0.1117841,-0.05094527,-0.050299,358.4977,39.78259,1.306635,0.1117841,1.449055,9.900299,0.2578274,1.154459,9.638417,-0.5217423,1.306009,10.0847
33.62942,-0.1132902,-0.04818746,-0.03905388,357.1251,38.07934,3.935162,0.1132902,1.451813,9.889054,0.2427214,1.125303,9.627394,-0.4426785,1.289686,10.06656
33.7416,-0.1010533,-0.03971107,-0.03306594,357.0348,38.669,2.210544,0.1010533,1.460289,9.883066,0.2075211,1.106023,9.622109,-0.3991929,1.20707,9.995621
33.85412,-0.07411127,-0.03442222,-0.03104234,355.3596,42.45804,1.644696,0.07411127,1.465578,9.881042,0.1815308,1.107456,9.622699,-0.4043085,1.169817,9.983767
33.95424,-0.05640394,-0.04439966,-0.03008392,354.3703,50.87068,359.674,0.05640394,1.4556,9.880084,0.1601657,1.096413,9.619156,-0.418856,1.163312,9.994857
34.05462,-0.07267497,-0.05011943,-0.01732694,356.4566,55.3312,359.685,0.07267497,1.449881,9.867327,0.1378858,1.076881,9.607548,-0.3901391,1.176518,10.02964
34.15535,-0.106792,-0.0607672,-0.002415435,354.7072,61.66323,0.5297117,0.106792,1.439233,9.852415,0.131297,1.067707,9.591761,-0.3323255,1.204386,10.08258
34.26647,-0.1078541,-0.06860925,0.006616436,352.0845,66.19192,359.5976,0.1078541,1.431391,9.843384,0.1258675,1.040551,9.56935,-0.329502,1.315035,10.1585
34.37929,-0.05360453,-0.06059539,-0.0003363807,353.3473,68.24293,358.7175,0.05360453,1.439405,9.850336,0.1177586,1.044553,9.568521,-0.4108928,1.411499,10.1951
34.49257,0.02525268,-0.06177125,-0.01804202,354.5678,69.24049,359.0026,-0.02525268,1.438229,9.868042,0.08226285,1.045472,9.578593,-0.512048,1.434012,10.20811
34.60415,0.09360538,-0.08554617,-0.03199971,351.8521,66.48895,359.0992,-0.09360538,1.414454,9.882,0.0298031,1.040226,9.593869,-0.6438885,1.378056,10.18116
34.71726,0.1085747,-0.07625109,-0.02766782,353.9086,64.78771,0.11039,-0.1085747,1.423749,9.877667,-0.005755544,1.040056,9.598281,-0.683159,1.278114,10.10658
34.82962,0.08372405,-0.05458212,-0.01914642,353.4543,60.26643,1.223133,-0.08372405,1.445418,9.869146,0.001786461,1.066641,9.61472,-0.6512882,1.19477,10.05192
34.94165,0.03343394,-0.05240333,-0.005768726,352.8721,55.25879,359.7969,-0.03343394,1.447597,9.855769,0.04349957,1.067528,9.61866,-0.546112,1.134247,9.989396
35.04313,-0.0164114,-0.04887905,0.01361827,353.4916,44.26152,359.0439,0.0164114,1.451121,9.836382,0.1007333,1.072356,9.608543,-0.4249116,1.071257,9.914989
35.1543,-0.05137917,-0.03634713,0.02442711,353.8163,30.46333,358.6741,0.05137917,1.463653,9.825573,0.15446,1.097609,9.616712,-0.3171305,1.011629,9.835657
35.26581,-0.0592234,-0.03371774,0.02237736,352.1559,20.19371,358.7587,0.0592234,1.466282,9.827622,0.1927929,1.101141,9.613911,-0.2408927,0.9840488,9.765821
35.36586,-0.05713859,-0.0369461,0.02239211,351.5861,8.976296,358.3085,0.05713859,1.463054,9.827608,0.2196436,1.112588,9.629922,-0.1835684,0.9558477,9.708424
35.46589,-0.0521297,-0.03363949,0.02278966,354.0109,1.949206,358.4114,0.0521297,1.46636,9.82721,0.2470037,1.111668,9.657363,-0.1373412,0.9523747,9.671767
35.56607,-0.05861355,-0.02856999,0.02520221,353.3833,357.9365,359.367,0.05861355,1.47143,9.824798,0.2904134,1.121335,9.664273,-0.08667797,0.9833377,9.657242
35.67892,-0.07595607,-0.03018182,0.02878871,354.2559,355.0841,359.5064,0.07595607,1.469818,9.821211,0.3447472,1.162879,9.662858,-0.05774339,0.9908538,9.641511
35.77896,-0.08619554,-0.02797495,0.03522754,354.1546,356.8814,359.0732,0.08619554,1.472025,9.814773,0.353094,1.177796,9.653916,-0.05356623,0.9910238,9.635067
35.89181,-0.08760823,-0.02807293,0.03971703,354.8027,359.8731,359.6898,0.08760823,1.471927,9.810283,0.3444218,1.172888,9.642994,-0.06661456,0.9907446,9.645082
36.00338,-0.09247407,-0.027253,0.04070281,355.3942,357.4594,2.083982,0.09247407,1.472747,9.809298,0.3387335,1.167463,9.632647,-0.1103562,0.9809508,9.663836
36.10376,-0.1047479,-0.0266097,0.04179711,355.2355,350.4192,2.252918,0.1047479,1.47339,9.808203,0.357824,1.182091,9.640829,-0.1549675,0.9717732,9.684139
36.21604,-0.1071024,-0.02868103,0.04430076,355.8732,349.7804,1.758248,0.1071024,1.471319,9.805699,0.3857228,1.211755,9.666038,-0.171703,0.9510775,9.692741
36.32854,-0.09901076,-0.03056313,0.04710467,357.417,356.8752,2.021156,0.09901076,1.469437,9.802896,0.4156522,1.261146,9.689881,-0.135474,0.9444008,9.678937
36.42891,-0.1047316,-0.02930218,0.04787783,356.8598,356.5712,2.545575,0.1047316,1.470698,9.802122,0.427155,1.293958,9.708809,-0.0780232,0.9423725,9.66293
36.54074,-0.1256201,-0.03018773,0.04757718,357.3658,346.8515,2.010716,0.1256201,1.469812,9.802423,0.4323864,1.292901,9.723436,-0.005382865,0.939239,9.655196
36.64131,-0.1486028,-0.0312054,0.04572812,357.7611,335.9796,2.402706,0.1486028,1.468795,9.804272,0.4458001,1.274673,9.739561,0.05402286,0.9375038,9.661684
36.75368,-0.1727671,-0.03204134,0.03900105,358.3603,324.1018,2.95918,0.1727671,1.467959,9.810999,0.4651278,1.250703,9.766815,0.1013149,0.9343588,9.679057
36.85411,-0.1869039,-0.03200205,0.03375915,358.6099,318.1898,2.997133,0.1869039,1.467998,9.816241,0.4754053,1.236739,9.786399,0.1238387,0.9282015,9.693643
36.95446,-0.1926069,-0.0312215,0.03378538,358.541,318.1259,3.291868,0.1926069,1.468778,9.816215,0.4807053,1.223149,9.793885,0.1344721,0.9247398,9.700869
37.06557,-0.1936935,-0.02994312,0.03717404,358.3516,320.9943,3.177756,0.1936935,1.470057,9.812826,0.4797052,1.206372,9.790465,0.13584,0.9339964,9.699133
37.16567,-0.1912852,-0.02760462,0.04084755,357.4431,324.8137,3.369548,0.1912852,1.472395,9.809153,0.4700134,1.192105,9.777198,0.1304484,0.9472665,9.691576
37.27919,-0.1904421,-0.02301104,0.04188873,354.9073,327.1748,3.458109,0.1904421,1.476989,9.808111,0.4579501,1.178076,9.755826,0.1213083,0.9584931,9.679885
37.39101,-0.1907413,-0.02070124,0.04035769,354.1785,328.5515,3.582034,0.1907413,1.479299,9.809642,0.4461249,1.171526,9.736846,0.1133178,0.9672197,9.6699
37.49119,-0.1894066,-0.01846179,0.03885875,353.7563,330.5573,3.589998,0.1894066,1.481538,9.811141,0.4319773,1.168373,9.725348,0.1113577,0.9711571,9.666688
37.59131,-0.1842298,-0.01666863,0.03828186,353.6645,333.8391,3.476253,0.1842298,1.483331,9.811718,0.4278849,1.166437,9.721453,0.1150167,0.971812,9.669304
37.70315,-0.1789705,-0.01874168,0.03838589,355.1636,337.0871,3.054611,0.1789705,1.481258,9.811614,0.4201416,1.163787,9.712831,0.1235159,0.9709086,9.683092
37.80494,-0.1751416,-0.02370675,0.03812337,357.7075,338.9125,3.528993,0.1751416,1.476293,9.811876,0.3838752,1.128065,9.683695,0.1184523,0.9599904,9.688867
37.91639,-0.1685906,-0.02720963,0.0388003,358.5824,340.6599,3.199854,0.1685906,1.47279,9.8112,0.3437098,1.103675,9.678148,0.1025003,0.9402776,9.699449
38.01652,-0.1558944,-0.033898,0.03665907,359.557,342.7309,3.802005,0.1558944,1.466102,9.813341,0.3394824,1.090913,9.679071,0.1611196,0.8213797,9.747195
38.12741,-0.1426836,-0.06313688,0.03931146,358.1041,342.3181,5.838179,0.1426836,1.436863,9.810689,0.3374746,1.093691,9.689432,0.2524147,0.7596955,9.735264
38.2283,-0.1444041,-0.08714273,0.04057458,0.4724008,340.6721,4.078929,0.1444041,1.412857,9.809425,0.328274,1.080836,9.705884,0.2863527,0.7822139,9.599645
38.32837,-0.1532518,-0.08339903,0.03691345,1.080819,342.3334,4.178104,0.1532518,1.416601,9.813087,0.3401452,1.058578,9.710388,0.2107346,0.8513501,9.519649
38.44078,-0.1492487,-0.0645173,0.0312033,358.4486,355.9315,3.693441,0.1492487,1.435483,9.818797,0.3567608,1.071314,9.695572,0.09058364,0.8469155,9.533665
38.55283,-0.130086,-0.05169987,0.01902067,355.6287,17.7451,3.615406,0.130086,1.4483,9.830979,0.3416336,1.093951,9.660631,-0.03395688,0.8231561,9.591068
38.65334,-0.1245978,-0.04384876,0.009245187,354.5832,26.82729,3.578611,0.1245978,1.456151,9.840755,0.3190388,1.113979,9.632312,-0.1104081,0.8247082,9.673155
38.75422,-0.1266169,-0.0415164,0.005814758,355.074,27.21878,3.622015,0.1266169,1.458484,9.844185,0.3022319,1.12525,9.61022,-0.1497802,0.8283631,9.752337
38.8654,-0.130199,-0.041072,0.007982885,355.2576,23.43616,4.052876,0.130199,1.458928,9.842017,0.2830932,1.12997,9.60408,-0.1645485,0.8264523,9.815677
38.97798,-0.1283454,-0.04161103,0.009961281,355.4888,20.60487,3.315138,0.1283454,1.458389,9.840038,0.2736834,1.125634,9.610108,-0.1472065,0.8132026,9.83235
39.09062,-0.1156351,-0.04387926,0.008530855,356.2292,24.05261,3.166105,0.1156351,1.456121,9.841469,0.2713051,1.118299,9.613451,-0.1270573,0.7995237,9.802857
39.20312,-0.09857504,-0.0454609,0.004610814,357.0312,31.22558,2.340044,0.09857504,1.454539,9.845389,0.2661058,1.117488,9.616571,-0.09337136,0.8172565,9.75011
39.31527,-0.08309486,-0.04546885,-0.0008332971,357.2303,39.46668,2.006757,0.08309486,1.454531,9.850833,0.2484967,1.118029,9.620966,-0.06428234,0.8392788,9.713018
39.41547,-0.0743847,-0.04533803,-0.001681613,356.7587,42.98872,2.165777,0.0743847,1.454662,9.851682,0.2313049,1.115916,9.618073,-0.0593543,0.8603911,9.697714
39.52748,-0.0661893,-0.04445108,-0.001443723,356.3263,46.24096,1.900218,0.0661893,1.455549,9.851443,0.2081121,1.121871,9.609493,-0.08730935,0.879805,9.699164
39.62788,-0.05960685,-0.04299949,5.012937E-05,355.9147,48.99458,1.402205,0.05960685,1.457,9.84995,0.1867911,1.127879,9.595354,-0.1287723,0.8869826,9.71083
39.7291,-0.05417054,-0.04215112,0.001877252,355.3656,52.10684,0.9360933,0.05417054,1.457849,9.848123,0.1629575,1.131181,9.584917,-0.1752926,0.892638,9.73245
39.84054,-0.05068347,-0.04131733,0.004821576,354.9554,56.34214,0.1689038,0.05068347,1.458683,9.845179,0.1410243,1.13079,9.575476,-0.2171926,0.8870217,9.763039
39.94057,-0.0494663,-0.0400765,0.009575464,354.5891,59.92097,0.1854505,0.0494663,1.459924,9.840425,0.1237914,1.136747,9.564525,-0.2336529,0.8929898,9.785999
40.04147,-0.05060018,-0.03961803,0.01400297,354.4186,63.70175,0.4684125,0.05060018,1.460382,9.835997,0.105765,1.142632,9.55738,-0.2575718,0.9166669,9.809699
40.15331,-0.05207874,-0.04327657,0.01905704,353.7039,69.10094,0.4464519,0.05207874,1.456723,9.830943,0.08988268,1.1395,9.547236,-0.3191136,1.024444,9.845387
40.26499,-0.04823928,-0.04900962,0.02550731,354.0396,74.88702,2.039254,0.04823928,1.45099,9.824492,0.06867287,1.126776,9.537737,-0.3525972,1.201046,9.888273
40.37896,-0.02500165,-0.05234479,0.0324086,353.8212,78.10279,3.002343,0.02500165,1.447655,9.817592,0.03689909,1.109616,9.534712,-0.3554932,1.363063,9.963524
40.49115,0.02748808,-0.04857456,0.03611884,352.8113,76.07094,4.729171,-0.02748808,1.451425,9.813881,-0.008365681,1.099925,9.528465,-0.3687895,1.506535,10.03002
40.59703,0.08928056,-0.03983361,0.03553027,350.9384,72.72121,4.161468,-0.08928056,1.460166,9.814469,-0.05541854,1.105085,9.51,-0.4114209,1.583567,9.993836
40.70269,0.1444377,-0.02467268,0.04344042,352.0352,67.15997,3.301777,-0.1444377,1.475327,9.80656,-0.09934881,1.141143,9.491619,-0.4828735,1.641036,9.968402
40.81503,0.1732821,-0.01233875,0.05743663,353.4568,61.08319,3.142308,-0.1732821,1.487661,9.792563,-0.1224717,1.163357,9.505101,-0.574099,1.61162,9.929228
40.91674,0.1802966,-0.01807568,0.06594824,353.3115,57.39487,2.957592,-0.1802966,1.481924,9.784052,-0.1253798,1.150213,9.513748,-0.6166703,1.503709,9.860571
41.0272,0.1698747,-0.03000916,0.07212706,353.6761,55.39043,3.454637,-0.1698747,1.469991,9.777873,-0.1112315,1.125108,9.514805,-0.6105838,1.344723,9.817527
41.13995,0.1450392,-0.03520538,0.07749443,355.016,52.92041,3.733119,-0.1450392,1.464795,9.772506,-0.07856221,1.118652,9.52459,-0.54992,1.216018,9.80194
41.24026,0.1185407,-0.03893987,0.08195743,355.7519,51.21544,3.046758,-0.1185407,1.46106,9.768043,-0.03821637,1.112209,9.524787,-0.4865335,1.139201,9.780301
41.35209,0.08964928,-0.04138058,0.09092581,356.4821,49.72986,3.274774,-0.08964928,1.458619,9.759074,0.01464035,1.104388,9.504934,-0.4093873,1.090765,9.743354
41.45287,0.07260856,-0.04132769,0.09990028,356.5279,50.72097,3.450945,-0.07260856,1.458672,9.7501,0.05371606,1.098727,9.491328,-0.3691307,1.072671,9.721882
41.55442,0.06968676,-0.04412526,0.107201,356.7722,55.69995,2.758216,-0.06968676,1.455875,9.742799,0.0757353,1.090765,9.476224,-0.4025733,1.079468,9.745486
41.66454,0.09744678,-0.05739875,0.1158867,355.6016,61.07404,2.205226,-0.09744678,1.442601,9.734114,0.05196189,1.073293,9.450191,-0.4890583,1.093452,9.821681
41.77697,0.1672726,-0.07563172,0.1269132,355.7288,64.25582,359.8815,-0.1672726,1.424368,9.723086,-0.006096487,1.068791,9.428017,-0.6317825,1.09846,9.930664
41.87732,0.2569637,-0.09780816,0.1405776,356.4283,65.44378,1.312859,-0.2569637,1.402192,9.709422,-0.07462536,1.062777,9.407174,-0.7777135,1.092596,10.00265
41.97744,0.3706722,-0.1205658,0.1571069,355.5554,65.66079,2.667878,-0.3706722,1.379434,9.692893,-0.1540393,1.055076,9.39301,-0.9127195,1.105737,10.0339
42.07782,0.4874322,-0.1521691,0.172869,355.5339,66.15504,1.155162,-0.4874322,1.347831,9.677131,-0.2331466,1.039467,9.376809,-1.034776,1.10058,10.02002
42.1897,0.5874738,-0.1868736,0.1856786,358.8623,66.55999,1.561832,-0.5874738,1.313126,9.664321,-0.3220649,1.018617,9.359406,-1.136786,1.084071,9.997258
42.30181,0.6441652,-0.214047,0.1936985,0.2241509,66.6179,0.8703935,-0.6441652,1.285953,9.656301,-0.4071789,0.97953,9.355297,-1.200689,0.9976028,9.99533
42.4147,0.6620193,-0.2257805,0.1958422,359.5696,72.68098,0.01872173,-0.6620193,1.27422,9.654158,-0.4579978,0.9346815,9.358582,-1.17896,0.8025267,9.894835
42.5148,0.645739,-0.225173,0.1986108,358.2894,79.10799,1.467388,-0.645739,1.274827,9.651389,-0.4752733,0.9238037,9.357718,-1.082168,0.6896011,9.81999
42.62686,0.5892493,-0.2161139,0.2025487,357.9943,83.00068,2.619128,-0.5892493,1.283886,9.647451,-0.4589011,0.93314,9.361542,-0.9599165,0.681851,9.758519
42.72863,0.5107219,-0.1986006,0.1962987,357.8489,81.87476,2.587107,-0.5107219,1.301399,9.653702,-0.4119349,0.9478652,9.369411,-0.833357,0.7195607,9.723183
42.83953,0.4220785,-0.1662191,0.1992666,358.9475,74.46037,0.0831461,-0.4220785,1.333781,9.650733,-0.3361852,0.9766752,9.377649,-0.6979853,0.7708282,9.705565
42.93988,0.3604888,-0.1388854,0.2099363,359.136,65.35903,358.1357,-0.3604888,1.361115,9.640063,-0.2694628,0.9979132,9.384492,-0.6105239,0.8053907,9.685044
43.05228,0.3094818,-0.1241723,0.213879,359.9796,54.07206,358.1982,-0.3094818,1.375828,9.636121,-0.2071456,1.020246,9.396943,-0.5496881,0.8293656,9.642931
43.1529,0.2864175,-0.1108849,0.2076772,357.2929,48.95536,357.1802,-0.2864175,1.389115,9.642323,-0.1606974,1.032494,9.404344,-0.5263867,0.8498276,9.612387
43.26434,0.2643214,-0.09762154,0.200602,356.4564,42.61943,357.1214,-0.2643214,1.402378,9.649398,-0.1208266,1.049017,9.417507,-0.4935644,0.9006086,9.580631
43.36439,0.2361786,-0.09916919,0.2017534,356.7433,34.38102,358.4039,-0.2361786,1.400831,9.648247,-0.05918427,1.128857,9.392061,-0.4244116,0.9351853,9.546183
43.48644,0.1908698,-0.1063379,0.2073825,359.986,26.10203,359.3173,-0.1908698,1.393662,9.642617,-0.04171496,1.214401,9.358657,-0.3414727,0.9259198,9.524978
43.59509,0.1454501,-0.1106007,0.2071427,0.6473173,28.43232,0.1270717,-0.1454501,1.389399,9.642858,-0.06090762,1.166976,9.389256,-0.2580022,0.8964038,9.531123
43.6988,0.1000582,-0.1034668,0.2110816,359.8665,24.86407,359.9338,-0.1000582,1.396533,9.638919,-0.01969752,1.119754,9.396507,-0.1958814,0.8784618,9.559241
43.81131,0.04979831,-0.08625502,0.2117212,359.5226,9.19264,359.9272,-0.04979831,1.413745,9.638279,0.04571043,1.106049,9.422827,-0.1376267,0.8610868,9.580504
43.92347,0.01528788,-0.07909121,0.1942986,358.5157,348.8781,359.852,-0.01528788,1.420909,9.655702,0.09780904,1.101501,9.473857,-0.09559731,0.8643206,9.582666
44.02413,0.01794122,-0.08264975,0.171328,358.3681,340.3567,0.6660002,-0.01794122,1.41735,9.678672,0.1414721,1.099124,9.517737,-0.07573953,0.8746639,9.586952
44.13754,0.03523036,-0.08061872,0.1492049,358.7408,335.3752,0.1119501,-0.03523036,1.419381,9.700795,0.1682572,1.093716,9.579254,-0.0716304,0.8821355,9.596974
44.24915,0.04212297,-0.06934763,0.1279545,357.3058,331.6796,358.8808,-0.04212297,1.430652,9.722046,0.1809262,1.159858,9.63329,-0.07130428,0.9028524,9.616446
44.36232,0.02322826,-0.05932208,0.1017196,355.5639,329.4203,0.4601535,-0.02322826,1.440678,9.748281,0.1915153,1.384003,9.658659,-0.06904233,0.9111452,9.631482
44.4751,-0.006562401,-0.04048334,0.08506069,351.7539,329.2243,0.9445844,0.006562401,1.459517,9.764939,0.2541106,1.505798,9.67791,-0.05639448,0.8972184,9.637426
44.58632,-0.03771274,-0.03960396,0.08006278,351.0964,330.9097,359.6627,0.03771274,1.460396,9.769938,0.3008384,1.465546,9.668306,-0.01641495,0.8902131,9.642336
44.68639,-0.0601625,-0.04904918,0.08422758,353.1014,334.472,357.7539,0.0601625,1.450951,9.765773,0.3235111,1.358905,9.642258,0.03907152,0.8849849,9.640006
44.78714,-0.06947099,-0.0580608,0.09060878,357.0649,339.6454,358.3516,0.06947099,1.441939,9.759391,0.3264021,1.235998,9.607172,0.08397601,0.8912106,9.637018
44.89981,-0.05844261,-0.06707387,0.0974409,1.563332,348.0992,358.431,0.05844261,1.432926,9.752559,0.288831,1.136691,9.591517,0.08188169,0.8915176,9.63283
45.01209,-0.03102101,-0.07127777,0.09760945,2.800648,357.3269,358.828,0.03102101,1.428722,9.752391,0.2361227,1.112438,9.59169,0.006695842,0.8869386,9.618217
45.11275,-0.01162714,-0.06923712,0.09134007,3.114988,0.2662284,358.9166,0.01162714,1.430763,9.75866,0.2038453,1.110629,9.586441,-0.09401297,0.8781149,9.619715
45.21325,-0.00481908,-0.06572502,0.08509759,2.22299,356.9039,359.7813,0.00481908,1.434275,9.764902,0.1859054,1.120642,9.586806,-0.1608974,0.8760149,9.639516
45.31344,-0.009681839,-0.0630747,0.07946683,1.370004,348.0872,0.1642352,0.009681839,1.436925,9.770534,0.1894,1.133846,9.597507,-0.188442,0.8745707,9.648142
45.42497,-0.01884027,-0.06126907,0.07245684,1.115634,336.6493,0.9672423,0.01884027,1.438731,9.777543,0.2105191,1.154127,9.626426,-0.1761782,0.8910091,9.634997
45.52595,-0.02454776,-0.059981,0.06556333,1.206614,328.2357,0.4251358,0.02454776,1.440019,9.784436,0.2226598,1.157331,9.653595,-0.1338647,0.9226472,9.60843
45.63773,-0.02767699,-0.05914869,0.05867766,0.94056,321.2659,0.03010908,0.02767699,1.440851,9.791323,0.2443372,1.149536,9.684606,-0.07718785,0.9521207,9.572901
45.73777,-0.02986384,-0.05863512,0.05484001,0.8004009,316.0442,0.1097606,0.02986384,1.441365,9.79516,0.26211,1.140888,9.715941,-0.01811988,0.960652,9.558436
45.83808,-0.03256596,-0.05809791,0.05232208,0.7784345,310.9507,0.01687298,0.03256596,1.441902,9.797678,0.271844,1.13351,9.74367,0.04148086,0.9595678,9.583253
45.94995,-0.03615221,-0.05492052,0.05290785,0.1195254,307.4265,359.4397,0.03615221,1.445079,9.797092,0.2810998,1.125495,9.766159,0.08340148,0.93877,9.636006
46.05038,-0.03860876,-0.05302298,0.05820249,359.7118,307.8172,359.2173,0.03860876,1.446977,9.791798,0.2815529,1.114874,9.770957,0.095126,0.9143664,9.682467
46.16208,-0.040522,-0.05158978,0.06856779,359.8142,311.6105,359.2881,0.040522,1.44841,9.781432,0.2797765,1.100955,9.761307,0.08816925,0.8973595,9.710612
46.26307,-0.04067317,-0.05093073,0.07959814,0.025817,316.7548,359.8756,0.04067317,1.449069,9.770402,0.2762287,1.094936,9.742606,0.069318,0.9001926,9.66489
46.3638,-0.03984102,-0.05074818,0.09053513,0.3986001,322.2894,0.449196,0.03984102,1.449252,9.759465,0.2719462,1.096819,9.723086,-0.005559827,0.9091802,9.535041
46.47091,-0.03900909,-0.04977905,0.09936422,0.3905727,326.5521,0.8397793,0.03900909,1.450221,9.750636,0.2679851,1.097082,9.703378,-0.1291526,0.9524155,9.440289
46.57596,-0.03952546,-0.04757469,0.1086121,0.05480723,329.7158,1.09938,0.03952546,1.452425,9.741388,0.2595112,1.093533,9.681082,-0.1963219,1.010728,9.415615
46.6762,-0.03794765,-0.04373812,0.1171429,359.3976,333.6921,0.9779069,0.03794765,1.456262,9.732857,0.2467296,1.089844,9.662893,-0.1974085,1.010012,9.426323
46.78858,-0.03406132,-0.03729856,0.1256672,358.3389,338.4872,1.500294,0.03406132,1.462701,9.724333,0.2272461,1.086895,9.644628,-0.1685687,0.9580426,9.462516
46.90008,-0.03003052,-0.02823666,0.1319093,356.775,341.6122,1.491478,0.03003052,1.471763,9.718091,0.207003,1.087794,9.628509,-0.1022159,0.8946416,9.52547
47.00034,-0.02473791,-0.01862192,0.1369199,354.5473,344.7119,0.8531867,0.02473791,1.481378,9.71308,0.1865072,1.090544,9.615875,-0.02953121,0.8752547,9.586423
47.10077,-0.01932196,-0.0115573,0.1404528,352.9497,347.8554,0.4569979,0.01932196,1.488443,9.709547,0.1706868,1.094367,9.605118,0.01957097,0.8887267,9.618059
47.20095,-0.01471148,-0.007601629,0.1427488,352.0369,350.632,359.7845,0.01471148,1.492398,9.707252,0.1559029,1.095945,9.596921,0.03620106,0.9053742,9.61295
47.31292,-0.006202585,-0.005264906,0.144363,351.611,355.985,358.5186,0.006202585,1.494735,9.705637,0.1376216,1.091546,9.591001,0.02395909,0.9135428,9.583305
47.41309,0.005336791,-0.005225729,0.1453787,352.1988,3.092237,357.9957,-0.005336791,1.494774,9.704621,0.122938,1.087547,9.587106,-0.001645186,0.921837,9.554097
47.51345,0.01862037,-0.006520122,0.1450993,353.3661,10.98364,357.7063,-0.01862037,1.49348,9.704901,0.106265,1.08485,9.583416,-0.034426,0.9308171,9.534733
47.61371,0.03321609,-0.008868597,0.1428295,355.0349,19.87792,358.2611,-0.03321609,1.491131,9.70717,0.08576184,1.083603,9.580013,-0.06746566,0.9314707,9.531671
47.72666,0.04335019,-0.01025644,0.1403672,355.8955,25.32447,359.003,-0.04335019,1.489744,9.709633,0.06106637,1.083866,9.578022,-0.09564256,0.9212006,9.546002
47.83843,0.04827196,-0.01011727,0.1395369,355.9219,26.96272,359.3741,-0.04827196,1.489883,9.710464,0.03870744,1.083768,9.577157,-0.1108687,0.9054784,9.569397
47.93862,0.05343161,-0.009981527,0.1385682,355.9271,28.54264,359.41,-0.05343161,1.490018,9.711432,0.02289932,1.086081,9.578211,-0.1157328,0.8957819,9.587568
48.03991,0.05903082,-0.01020026,0.1370567,356.1645,30.50083,359.6154,-0.05903082,1.4898,9.712943,0.01371189,1.089542,9.577263,-0.1190471,0.8939617,9.594967
48.15107,0.06351146,-0.01040246,0.1356366,356.3463,31.46568,359.8349,-0.06351146,1.489598,9.714363,0.009416106,1.094099,9.572782,-0.1256257,0.8985178,9.591936
48.26266,0.06375653,-0.009750218,0.1355084,356.1395,30.11574,0.167166,-0.06375653,1.49025,9.714492,0.003985771,1.097136,9.570657,-0.1356249,0.9030748,9.585144
48.36306,0.0577672,-0.008789959,0.1380279,355.8154,25.65995,0.6100388,-0.0577672,1.49121,9.711972,0.004067906,1.09917,9.568559,-0.1401401,0.9048312,9.581299
48.4645,0.04836745,-0.008219418,0.1419422,355.5382,19.01859,1.152149,-0.04836745,1.491781,9.708057,0.007191423,1.100379,9.566889,-0.1404206,0.904038,9.579784
48.57517,0.03819191,-0.008361914,0.1449913,355.5718,12.46474,1.6494,-0.03819191,1.491638,9.705009,0.01414893,1.099844,9.567637,-0.1318804,0.8993539,9.579971
48.67535,0.02969252,-0.009023638,0.1463111,355.7312,7.706544,1.956246,-0.02969252,1.490976,9.703689,0.02178708,1.097185,9.568652,-0.1204086,0.8974672,9.580659
48.77579,0.02275388,-0.009348762,0.1463702,355.8765,4.247415,2.410362,-0.02275388,1.490651,9.703629,0.02899425,1.095168,9.569752,-0.1073909,0.8979589,9.581749
48.88831,0.0186446,-0.008935614,0.1450759,355.807,2.871998,2.435558,-0.0186446,1.491064,9.704924,0.04840207,1.097673,9.566833,-0.07801355,0.9029635,9.589925
49.00044,0.0165501,-0.008793077,0.1429455,355.7168,3.010777,2.254399,-0.0165501,1.491207,9.707054,0.08001065,1.095533,9.55816,-0.05383937,0.8974552,9.600916
49.10055,0.01541448,-0.009240376,0.1406951,355.9954,3.694478,2.314837,-0.01541448,1.49076,9.709305,0.09892793,1.094211,9.555347,-0.03712821,0.8812319,9.624308
49.21275,0.01528854,-0.009379982,0.1378048,356.0818,5.386371,2.174565,-0.01528854,1.49062,9.712195,0.1092294,1.096285,9.556104,-0.03131815,0.8646835,9.641901
49.313,0.01562726,-0.009586664,0.1347798,356.1173,7.107153,2.154375,-0.01562726,1.490413,9.71522,0.1126845,1.096571,9.557022,-0.03072416,0.8493975,9.638917
49.41303,0.01554593,-0.009204582,0.1327735,355.911,7.965323,2.083235,-0.01554593,1.490795,9.717226,0.1117467,1.096583,9.55966,-0.03980272,0.8445439,9.617577
49.51303,0.01709097,-0.008597545,0.1314643,355.5536,9.430473,1.503424,-0.01709097,1.491403,9.718535,0.1109874,1.09398,9.56213,-0.04288025,0.8583178,9.601789
49.62559,0.02251796,-0.008653059,0.1297057,355.4774,13.1866,1.348393,-0.02251796,1.491347,9.720294,0.1118906,1.091555,9.562909,-0.04909623,0.8619397,9.600687
49.73801,0.02735272,-0.009014951,0.128198,355.6369,15.93136,1.46171,-0.02735272,1.490985,9.721802,0.1123212,1.090794,9.560224,-0.05885009,0.862923,9.608624
49.83818,0.0327739,-0.009220866,0.1263148,355.8098,18.71685,1.641527,-0.0327739,1.490779,9.723685,0.1072993,1.092671,9.554722,-0.07459632,0.8662564,9.613512
49.95047,0.03725905,-0.009337776,0.1242845,355.7789,20.75622,1.757248,-0.03725905,1.490662,9.725716,0.09647287,1.093686,9.548131,-0.09652434,0.861879,9.619534
50.06243,0.03789993,-0.009483926,0.1240649,355.8587,20.14924,1.857037,-0.03789993,1.490516,9.725935,0.08620358,1.098471,9.544688,-0.1098098,0.8558171,9.629499
50.16377,0.03373086,-0.0100093,0.1270907,356.0476,16.9959,2.226714,-0.03373086,1.489991,9.722909,0.08492358,1.102325,9.544016,-0.1135501,0.8518461,9.635941
50.2753,0.02729572,-0.0108978,0.1323443,356.496,11.98698,2.616856,-0.02729572,1.489102,9.717655,0.09346148,1.102678,9.546734,-0.1120069,0.8496303,9.635899
50.37647,0.02071762,-0.01178859,0.1362861,356.4916,7.731091,2.861834,-0.02071762,1.488211,9.713714,0.1010431,1.097414,9.554643,-0.101697,0.8518673,9.635624
50.48115,0.01181761,-0.01329945,0.1389609,356.9618,3.126742,3.585973,-0.01181761,1.486701,9.71104,0.1112475,1.089344,9.566261,-0.08748129,0.8482307,9.643744
50.58854,0.003698915,-0.01497753,0.1392062,357.5103,359.0679,3.342787,-0.003698915,1.485022,9.710793,0.134017,1.08622,9.573464,-0.05666246,0.8557803,9.651343
50.70102,-0.005816698,-0.01539404,0.1372652,358.0109,354.1233,3.162715,0.005816698,1.484606,9.712735,0.1611233,1.084726,9.581882,-0.005975138,0.8890837,9.629792
50.81268,-0.0144942,-0.0153935,0.1342511,358.209,349.7646,2.988636,0.0144942,1.484607,9.715749,0.1828758,1.09025,9.591641,0.02758083,0.9001054,9.624455
50.91269,-0.02199081,-0.0158289,0.131277,358.3882,346.2213,2.897515,0.02199081,1.484171,9.718723,0.2177046,1.094687,9.596883,0.03834621,0.8936793,9.636378
51.02455,-0.02832246,-0.01556862,0.1280406,358.4825,343.6714,3.268216,0.02832246,1.484431,9.721959,0.2628344,1.090686,9.601561,0.0342082,0.8825985,9.658405
51.12702,-0.03106467,-0.01467343,0.1260076,358.1208,343.2064,3.602278,0.03106467,1.485327,9.723992,0.2669346,1.076543,9.596933,0.01624633,0.8646832,9.678449
51.23702,-0.03292126,-0.01411572,0.1247645,357.8356,343.3437,3.420075,0.03292126,1.485884,9.725235,0.2350851,1.06178,9.588696,-0.004987022,0.8562414,9.680287
51.33781,-0.03514274,-0.01376325,0.1236433,357.6995,343.1099,3.778389,0.03514274,1.486237,9.726357,0.21065,1.056223,9.584785,-0.03223725,0.8490778,9.675562
51.45021,-0.03872336,-0.01266285,0.1217635,357.188,341.7887,3.90125,0.03872336,1.487337,9.728236,0.1789466,1.050659,9.581477,-0.05452449,0.8477342,9.661027
51.56174,-0.0407167,-0.01136284,0.1212321,356.1722,341.1329,3.600459,0.0407167,1.488637,9.728768,0.1463684,1.046757,9.58479,-0.05914671,0.8532853,9.647911
51.66304,-0.0415166,-0.01101835,0.1213622,355.7112,340.9968,2.985209,0.0415166,1.488982,9.728638,0.1200218,1.039293,9.592172,-0.05068971,0.8604548,9.639609
51.7756,-0.03963396,-0.01152052,0.1223138,355.8563,342.3998,2.54092,0.03963396,1.488479,9.727686,0.09770388,1.031376,9.602692,-0.03518143,0.8665853,9.637961
51.88626,-0.03504701,-0.01143065,0.1238168,355.6994,345.4234,2.196553,0.03504701,1.488569,9.726183,0.08842485,1.028856,9.607931,-0.02259189,0.870157,9.643028
51.98658,-0.0307005,-0.01129615,0.1252299,355.4598,348.2522,1.945921,0.0307005,1.488704,9.724771,0.0857804,1.030885,9.609163,-0.0198906,0.8694982,9.644686
52.08671,-0.0273639,-0.01108988,0.1264899,355.3117,350.5048,1.78113,0.0273639,1.48891,9.72351,0.08502553,1.033032,9.608518,-0.01966983,0.8682426,9.646433
52.18877,-0.02511846,-0.01113995,0.1273257,355.2393,352.0275,1.998935,0.02511846,1.48886,9.722674,0.08138198,1.036198,9.60993,-0.01823744,0.8707895,9.647496
52.29895,-0.0240716,-0.01082592,0.128315,355.0054,353.2083,2.297371,0.0240716,1.489174,9.721685,0.07653157,1.037371,9.61401,-0.01524015,0.883927,9.641438
52.39901,-0.02136581,-0.009939888,0.1290768,354.3593,355.1443,2.938953,0.02136581,1.49006,9.720923,0.07371701,1.038104,9.61869,-0.01456039,0.8916209,9.634182
52.50001,-0.01824845,-0.008790114,0.1286409,353.8766,357.2757,3.369467,0.01824845,1.49121,9.721359,0.07010651,1.039168,9.62376,-0.009277276,0.8989695,9.632098
52.61169,-0.01546595,-0.007565927,0.126393,353.2047,359.086,3.703012,0.01546595,1.492434,9.723607,0.06421258,1.044307,9.628284,0.0005056467,0.9086557,9.636143
52.71182,-0.0147366,-0.006338119,0.1239033,352.6812,359.7121,3.825454,0.0147366,1.493662,9.726097,0.05648974,1.051216,9.630164,0.009833774,0.9167013,9.642886
52.8241,-0.01553334,-0.005310418,0.1214366,352.1608,359.3448,3.821694,0.01553334,1.49469,9.728563,0.04836581,1.059091,9.63252,0.01602928,0.9206403,9.644277
52.92411,-0.01639067,-0.004084694,0.1200416,351.5263,358.6239,3.729523,0.01639067,1.495915,9.729959,0.04765694,1.063058,9.631464,0.01147155,0.8981529,9.631565
53.03707,-0.01745727,-0.003225693,0.1193714,351.0885,357.568,3.409144,0.01745727,1.496774,9.730629,0.04961881,1.062061,9.632378,-0.003527468,0.9061959,9.618001
53.13715,-0.01809945,-0.002893027,0.1192653,351.0587,356.8524,3.262303,0.01809945,1.497107,9.730735,0.0529102,1.059469,9.628519,-0.01909443,0.9150992,9.609233
53.23741,-0.01863633,-0.002655888,0.1198661,350.9813,356.4496,3.257072,0.01863633,1.497344,9.730134,0.05568635,1.057907,9.625015,-0.03372297,0.9219294,9.599255
53.34922,-0.0188701,-0.00361144,0.1207143,351.739,356.0567,3.303047,0.0188701,1.496389,9.729285,0.05692299,1.057853,9.623336,-0.04524498,0.9394146,9.590443
53.46215,-0.01996541,-0.005635882,0.1204781,352.6421,355.0862,3.124208,0.01996541,1.494364,9.729522,0.0565902,1.057486,9.622666,-0.04737187,0.9520614,9.588118
53.57424,-0.01989288,-0.003597814,0.1175683,351.6504,354.112,3.086269,0.01989288,1.496402,9.732431,0.05458935,1.05716,9.623022,-0.04349827,0.9587849,9.59039
53.68621,-0.01848939,-0.003120022,0.1145262,351.5577,353.9131,2.686343,0.01848939,1.49688,9.735474,0.05186941,1.057872,9.62353,-0.03932935,0.9615351,9.591825
53.78695,-0.01697403,-0.002696394,0.1122186,351.4723,353.6115,2.265446,0.01697403,1.497304,9.737782,0.05076971,1.058699,9.623533,-0.03652531,0.9650488,9.592136
53.89971,-0.01515581,-0.002324019,0.1102943,351.2168,353.5088,1.601491,0.01515581,1.497676,9.739706,0.04990299,1.05913,9.624089,-0.03482319,0.9682486,9.592858
