time,phase,posX,posY,posZ,rotX,rotY,rotZ
0,0,-0.4798197,1.495702,1.415116,-0.98172,0.1013239,1.199196
0.01530361,0,-0.4795521,1.495578,1.415964,-0.9119873,0.07444232,1.193827
0.03170395,0,-0.4790265,1.495273,1.417621,-0.780426,0.03680892,1.185575
0.04682636,0,-0.4787658,1.494935,1.418498,-0.6781311,0.02289338,1.186058
0.06273937,0,-0.4781778,1.494397,1.420205,-0.5073242,-0.004676412,1.178394
0.07878304,0,-0.4778961,1.494136,1.421228,-0.4721375,-0.0475769,1.16357
0.09500122,0,-0.4776168,1.493813,1.422366,-0.4776611,-0.07757568,1.169074
0.1114216,0,-0.4770001,1.493217,1.424521,-0.4519043,-0.1519775,1.179586
0.12673,0,-0.4766985,1.492657,1.425677,-0.4878845,-0.1764221,1.155474
0.143322,0,-0.4761251,1.491785,1.42817,-0.4515991,-0.2384033,1.119134
0.1591549,0,-0.4758672,1.491828,1.429634,-0.3890686,-0.2718811,1.134533
0.1761189,0,-0.4751804,1.491415,1.43252,-0.2619019,-0.3728943,1.144226
0.1913214,0,-0.4746864,1.490821,1.433954,-0.09719849,-0.4063416,1.142281
0.2078247,0,-0.4738755,1.489857,1.437001,0.2173976,-0.4421082,1.137739
0.2240458,0,-0.4734712,1.489715,1.43869,0.4085448,-0.4769592,1.100164
0.2404537,0,-0.4726341,1.48909,1.442339,0.6039392,-0.5349121,0.9712732
0.2568064,0,-0.4720763,1.488564,1.444528,0.6289717,-0.5727844,0.9017311
0.2730513,0,-0.4711399,1.487621,1.448838,0.7803454,-0.6500854,0.7702426
0.2898674,0,-0.4707352,1.486935,1.451268,0.8906684,-0.6867371,0.7014072
0.3064013,0,-0.4697984,1.485579,1.456179,1.143186,-0.7524109,0.5858689
0.3235283,0,-0.4692414,1.484698,1.45884,1.335758,-0.7906189,0.5183495
0.3401165,0,-0.4682579,1.482761,1.464345,1.686905,-0.8268127,0.4220039
0.3571043,0,-0.4677882,1.481507,1.46749,1.877163,-0.8305054,0.4104876
0.3739052,0,-0.4668044,1.47891,1.474004,2.182088,-0.8594666,0.4688397
0.3901291,0,-0.46623,1.477427,1.477698,2.317298,-0.9135132,0.5781925
0.4070196,0,-0.4652213,1.474756,1.485209,2.646979,-1.011414,0.7675421
0.4236097,0,-0.4648884,1.47363,1.48945,2.841709,-1.087463,0.8564982
0.4401293,0,-0.4641317,1.471146,1.498114,3.169916,-1.218658,0.8901502
0.4569988,0,-0.4638154,1.469936,1.503015,3.385976,-1.26358,0.8303508
0.473711,0,-0.4631728,1.467804,1.512756,3.875245,-1.363037,0.8087407
0.490202,0,-0.4630418,1.466636,1.517762,4.283725,-1.413025,0.6829759
0.5075703,0,-0.4626659,1.464103,1.528201,5.103634,-1.521851,0.5452111
0.5236902,0,-0.4625165,1.463163,1.533581,5.763325,-1.575073,0.4617538
0.5404978,0,-0.4621848,1.461365,1.544462,6.972664,-1.674347,0.3880564
0.5572186,0,-0.46194,1.460538,1.549883,7.591311,-1.707672,0.4158572
0.5735445,0,-0.461536,1.458779,1.561828,8.414806,-1.728088,0.5351512
0.590519,0,-0.4612478,1.45792,1.568632,8.389308,-1.740692,0.6570217
0.6071777,0,-0.4608933,1.456334,1.582368,8.430276,-1.797607,0.8292609
0.6244574,0,-0.4608474,1.455604,1.589655,8.107888,-1.847595,0.8771821
0.6402893,0,-0.4608193,1.454429,1.596871,7.988145,-1.876465,0.8861324
0.6566515,0,-0.4606478,1.451904,1.611466,8.078843,-1.947815,0.9448735
0.6730843,0,-0.4606311,1.450278,1.618672,8.246625,-2.030487,0.925841
0.6894979,0,-0.4607229,1.44702,1.633624,8.596901,-2.156769,0.9378869
0.7059708,0,-0.460847,1.445576,1.641317,8.89513,-2.230804,0.8879972
0.7222557,0,-0.4612318,1.44264,1.657681,9.404115,-2.293701,0.7673091
0.7390585,0,-0.4616469,1.44139,1.665878,9.748548,-2.315765,0.6830646
0.7550726,0,-0.462543,1.438774,1.682658,10.28312,-2.358734,0.6496875
0.7716522,0,-0.4632104,1.437756,1.69115,10.46613,-2.39151,0.6706148
0.7876549,0,-0.4644406,1.435783,1.709638,10.83362,-2.436646,0.6752664
0.8042126,0,-0.4653022,1.43561,1.719225,11.03466,-2.398743,0.6983576
0.8207064,0,-0.4669296,1.435867,1.738871,11.31666,-2.358612,0.745509
0.8372107,0,-0.4680282,1.436789,1.749237,11.06642,-2.285461,0.7882393
0.8533554,0,-0.4700646,1.437681,1.769319,10.7679,-2.157471,0.7762563
0.8695621,0,-0.4712374,1.438503,1.778688,10.76712,-1.98291,0.7041353
0.8866062,0,-0.4736494,1.440848,1.798033,10.99578,-1.675354,0.4776549
0.9027367,0,-0.475018,1.443678,1.80759,11.26175,-1.451813,0.2459307
0.9192839,0,-0.4776448,1.447869,1.82832,11.12198,-1.113342,-0.07107544
0.9358025,0,-0.4787192,1.448842,1.838407,10.74461,-0.9660339,-0.1343384
0.9523811,0,-0.4810064,1.450559,1.858539,10.11812,-0.7362061,-0.1816101
0.9690161,0,-0.4819764,1.450471,1.868324,9.786695,-0.7006226,-0.1360474
0.9855757,0,-0.4837957,1.452674,1.88929,9.612709,-0.6983032,0.04966765
1.002607,0,-0.4845656,1.454202,1.899928,9.698983,-0.8072205,0.1575364
1.019015,0,-0.4852247,1.454983,1.910124,9.855597,-0.8684387,0.1710532
1.035561,0,-0.4865772,1.455792,1.930692,10.09322,-0.848877,0.2026041
1.052035,0,-0.487173,1.455865,1.940494,10.48031,-0.8005981,0.1782276
1.069045,0,-0.4882508,1.456177,1.960809,11.10225,-0.7037354,0.1200594
1.085115,0,-0.4886788,1.456471,1.971229,11.56912,-0.6052246,0.03709515
1.10212,0,-0.4893887,1.456863,1.992406,12.18958,-0.4334717,-0.07598877
1.118436,0,-0.4897745,1.456505,2.003267,12.36614,-0.2785034,-0.1742554
1.134471,0,-0.4903574,1.455758,2.025196,12.69084,-0.006256104,-0.3112183
1.150668,0,-0.4905663,1.454927,2.036634,12.73171,0.1952732,-0.3744507
1.167471,0,-0.4909959,1.453401,2.059585,12.91457,0.5309955,-0.4752197
1.184431,0,-0.4912646,1.45226,2.071049,12.94515,0.7084182,-0.5128784
1.200529,0,-0.4918451,1.449695,2.094223,13.13097,1.034037,-0.5940247
1.216591,0,-0.4920493,1.448211,2.105885,13.24817,1.181687,-0.6019897
1.233318,0,-0.4925106,1.445446,2.129724,13.41902,1.431727,-0.5882568
1.24938,0,-0.492736,1.444123,2.141766,13.50115,1.472983,-0.50177
1.266202,0,-0.4931961,1.44117,2.16619,13.61726,1.559896,-0.4465027
1.283009,0,-0.4932313,1.439351,2.178678,13.55451,1.545374,-0.4312744
1.299305,0,-0.4932112,1.436134,2.204003,13.35867,1.607603,-0.40448
1.315398,0,-0.4928288,1.435142,2.217113,12.98909,1.573343,-0.3500977
1.331999,0,-0.4920094,1.432556,2.243134,12.3652,1.503192,-0.2583923
1.348211,0,-0.4910319,1.431834,2.256401,11.97325,1.424493,-0.2102966
1.3656,0,-0.4891008,1.431098,2.282992,11.49286,1.308224,-0.2053833
1.38195,0,-0.4877411,1.43191,2.296334,11.41604,1.181743,-0.247406
1.398032,0,-0.4853486,1.432259,2.322468,11.27003,0.9575092,-0.3233032
1.41534,0,-0.4838609,1.433437,2.335264,11.38222,0.7511088,-0.2841492
1.431355,0,-0.4809234,1.436982,2.361642,11.58494,0.3861538,-0.2114258
1.448059,0,-0.4793851,1.443388,2.375944,12.00562,0.17251,-0.07617188
1.464883,0,-0.4771217,1.448105,2.401957,11.51239,-0.1446838,-0.462616
1.481865,0,-0.4760265,1.447406,2.414036,10.83599,-0.0814209,-0.7930298
1.49829,0,-0.4741155,1.450526,2.438936,10.23654,0.1589224,-1.085449
1.515147,0,-0.4736708,1.4536,2.451328,10.35443,0.3632963,-1.485168
1.531494,0,-0.4726456,1.459284,2.476198,10.47029,0.4733133,-2.036865
1.548563,0,-0.4722781,1.461632,2.488658,10.31742,0.4880549,-2.142365
1.565061,0,-0.471791,1.465795,2.51371,9.78391,0.5416957,-2.291046
1.582027,0,-0.4716983,1.468411,2.526734,9.262533,0.4907,-2.156342
1.598487,0,-0.4719453,1.472154,2.551802,8.513852,0.4457582,-2.234161
1.615375,0,-0.4720142,1.473183,2.564241,8.193506,0.3778221,-2.16394
1.631817,0,-0.4723794,1.475366,2.589221,7.694767,0.2986071,-2.02887
1.649063,0,-0.4726249,1.475433,2.60211,7.474443,0.1858353,-1.876831
1.665307,0,-0.4731891,1.475742,2.627926,7.056269,0.03210814,-1.553284
1.682279,0,-0.4733207,1.475277,2.640987,6.975565,-0.08883667,-1.310364
1.699055,0,-0.4738538,1.474119,2.667075,6.898763,-0.2297058,-1.025269
1.715955,0,-0.4742349,1.473061,2.680503,7.03143,-0.2410889,-0.9677734
1.732038,0,-0.4749604,1.470711,2.707174,7.142392,-0.3045044,-0.8050842
1.748926,0,-0.4752719,1.469011,2.720674,7.317589,-0.3481445,-0.6803894
1.765551,0,-0.4759643,1.465724,2.747515,7.539628,-0.4761047,-0.4399109
1.782486,0,-0.4766374,1.463992,2.761215,7.659239,-0.5551147,-0.3156738
1.799014,0,-0.4780078,1.460642,2.788596,7.69073,-0.7218018,-0.07434082
1.81591,0,-0.4789424,1.459002,2.802464,7.561375,-0.7927551,-0.02890015
1.832524,0,-0.4808898,1.455777,2.830126,7.319688,-0.8745728,0.04020273
1.849475,0,-0.4822284,1.454633,2.844321,7.001988,-0.8734131,0.065307
1.86605,0,-0.4850692,1.452653,2.872773,6.445381,-0.9086914,0.009956739
1.882792,0,-0.4866545,1.452339,2.88716,6.029796,-0.8861389,-0.1652527
1.899235,0,-0.4900514,1.452111,2.915743,5.548237,-0.7900085,-0.5516968
1.916332,0,-0.4921648,1.451887,2.929951,5.466072,-0.6695251,-0.8468323
1.932701,0,-0.4961051,1.452888,2.95853,5.530906,-0.5874329,-1.092285
1.949707,0,-0.4981025,1.456303,2.973432,6.038661,-0.6181946,-1.134857
1.966037,0,-0.5019097,1.463378,3.002888,6.462703,-0.690979,-1.185516
1.983075,0,-0.5040911,1.462155,3.016559,6.429546,-0.7545166,-1.323212
1.999969,0,-0.507645,1.460511,3.045004,6.075003,-0.815155,-1.233032
2.016587,0,-0.5087091,1.461301,3.05888,6.591575,-0.9682922,-0.5774536
2.032874,0,-0.5111332,1.464437,3.087404,7.313236,-1.326965,0.2183899
2.049908,0,-0.5123207,1.466349,3.101891,7.73008,-1.580322,0.4974383
2.066642,0,-0.5144312,1.467705,3.129932,8.271159,-1.71344,0.8551163
2.083182,0,-0.5153203,1.468221,3.143529,8.503068,-1.554535,0.8136857
2.09977,0,-0.5172678,1.469861,3.17096,8.997336,-1.296814,0.7803066
2.116811,0,-0.5181783,1.470774,3.184526,9.144984,-1.085022,0.6299255
2.13343,0,-0.5197601,1.471804,3.211591,9.397492,-0.782135,0.5438674
2.150127,0,-0.5204095,1.471581,3.224943,9.36733,-0.5534058,0.5112661
2.166515,0,-0.5217533,1.47117,3.25195,9.400322,-0.1257019,0.48937
2.183435,0,-0.5223298,1.470699,3.265406,9.356677,0.1446373,0.4751405
2.199825,0,-0.5235443,1.469484,3.29272,9.36942,0.6091661,0.5101095
2.216963,0,-0.5242774,1.468234,3.306585,9.376022,0.8175458,0.5919328
2.233606,0,-0.5255284,1.465463,3.3345,9.444867,1.141689,0.7651469
2.250299,0,-0.5260147,1.463593,3.3486,9.535338,1.222524,0.9247494
2.266948,0,-0.5268813,1.45954,3.376963,9.735418,1.375325,1.097509
2.284077,0,-0.5271177,1.457189,3.39119,10.00703,1.392164,1.113532
2.300386,0,-0.5273883,1.45254,3.419728,10.52139,1.527924,1.118582
2.317865,0,-0.527106,1.449895,3.433816,10.86064,1.565447,1.045249
2.333881,0,-0.526247,1.445365,3.462421,11.43617,1.635254,0.9742612
2.350792,0,-0.5253602,1.444105,3.477129,11.65612,1.57258,0.9676254
2.367381,0,-0.5235026,1.442757,3.50688,11.92813,1.42283,1.013244
2.384539,0,-0.5225011,1.442369,3.521272,11.66334,1.255502,0.9416047
2.400917,0,-0.5203835,1.441798,3.549757,11.63248,0.9922865,0.8676503
2.418007,0,-0.5192246,1.443006,3.563489,11.88078,0.7633688,0.9606411
2.434503,0,-0.5169581,1.451449,3.593466,12.59589,0.3367947,1.360995
2.451406,0,-0.5164999,1.450313,3.606313,11.9144,-0.06225586,0.8828335
2.468441,0,-0.5145386,1.448149,3.632837,11.13451,-0.3475647,0.676735
2.485256,0,-0.5141983,1.450102,3.645242,11.64311,-0.134552,0.2622489
2.501764,0,-0.5137176,1.454974,3.67129,12.78994,0.03933442,-0.5812683
2.519062,0,-0.5139154,1.456394,3.683828,13.61515,0.1504804,-1.282959
2.535293,0,-0.5139575,1.459031,3.709123,14.57287,0.19219,-1.745911
2.552536,0,-0.5141048,1.460912,3.721504,14.92528,0.1141456,-1.659149
2.56865,0,-0.5145029,1.464002,3.746543,15.4891,0.08177805,-1.837158
2.585971,0,-0.5145521,1.464832,3.759097,15.3841,0.1034922,-1.594208
2.602929,0,-0.5149018,1.466485,3.784554,15.3452,0.1601599,-1.365875
2.619553,0,-0.5149447,1.466316,3.797314,15.12388,0.1707721,-1.122681
2.636003,0,-0.5152156,1.466093,3.823162,14.9392,0.2127988,-0.7697754
2.652911,0,-0.5153533,1.465811,3.836203,14.77947,0.2627394,-0.5376282
2.669415,0,-0.5156657,1.464561,3.862553,14.54759,0.3405212,-0.2204895
2.686622,0,-0.5159101,1.46297,3.876262,14.41781,0.4227726,-0.1123962
2.703406,0,-0.5163965,1.459671,3.903317,14.32112,0.5458947,0.08104248
2.720055,0,-0.5168045,1.457718,3.916683,14.4202,0.6343285,0.1534592
2.736475,0,-0.5177516,1.453996,3.943585,14.59047,0.7279911,0.4358092
2.753253,0,-0.518568,1.452244,3.957227,14.67939,0.7131928,0.6461752
2.77005,0,-0.5202172,1.448325,3.984553,14.59741,0.6408184,0.969731
2.787165,0,-0.5213095,1.446359,3.998419,14.52016,0.6185386,0.9580817
2.803629,0,-0.5236713,1.442499,4.025942,14.41795,0.6730036,0.9922024
2.820386,0,-0.5253779,1.441315,4.039856,14.32514,0.7425306,0.8889155
2.836923,0,-0.5286524,1.439841,4.067929,14.24685,0.8358548,0.8365504
2.85401,0,-0.5304194,1.440602,4.082012,14.21511,0.8520345,0.762999
2.870418,0,-0.5340353,1.440012,4.109663,14.00741,0.8880813,0.6242051
2.887269,0,-0.5358933,1.440123,4.123034,13.91943,0.9329015,0.5066025
2.903897,0,-0.5396202,1.4417,4.150387,13.80539,1.068881,0.175714
2.920576,0,-0.5410306,1.445461,4.164533,13.93731,1.209793,0.004680703
2.937203,0,-0.5442658,1.450051,4.192777,13.39268,1.436005,-0.3769836
2.954183,0,-0.5457687,1.449917,4.206754,12.43973,1.557239,-0.5579834
2.970557,0,-0.5484549,1.451687,4.235244,11.13416,1.727044,-0.4708862
2.987761,0,-0.5492762,1.454502,4.249206,10.97596,1.633365,-0.07165527
3.004247,0,-0.5514544,1.4584,4.277057,11.07669,1.5287,0.1605454
3.021176,0,-0.5523917,1.458771,4.29064,11.66212,1.511068,0.1703316
3.037908,0,-0.554094,1.459744,4.317692,12.35966,1.660602,0.1647892
3.055351,0,-0.5549181,1.460145,4.330713,13.07987,1.886722,0.02195171
3.071977,0,-0.5565365,1.46182,4.357478,14.11377,2.182389,-0.1202087
3.088717,0,-0.5574662,1.462324,4.371181,14.45043,2.345026,-0.243988
3.106046,0,-0.5591865,1.462311,4.39825,14.871,2.629492,-0.430603
3.122507,0,-0.5602264,1.461522,4.411878,14.69681,2.788874,-0.5288391
3.139538,0,-0.5620632,1.460375,4.439322,14.69302,3.059517,-0.6768799
3.15625,0,-0.5637963,1.458451,4.467038,14.68228,3.260197,-0.776062
3.175333,0,-0.5647492,1.456948,4.480947,14.82172,3.307471,-0.739624
3.191884,0,-0.5665466,1.453763,4.50883,15.16454,3.37499,-0.7047119
3.208775,0,-0.5674477,1.45156,4.522882,15.44348,3.371176,-0.6550903
3.225649,0,-0.569071,1.446962,4.550911,15.89009,3.386182,-0.5962219
3.242702,0,-0.5697036,1.444483,4.564812,16.18201,3.350339,-0.4840698
3.259671,0,-0.5706933,1.439981,4.592552,16.72597,3.282151,-0.3161316
3.277035,0,-0.5708706,1.43779,4.606265,16.95644,3.212665,-0.2177124
3.294035,0,-0.5712098,1.433367,4.634258,17.27771,3.091249,-0.008270264
3.310888,0,-0.5710214,1.43232,4.648642,17.28346,2.940893,0.168135
3.327962,0,-0.5705414,1.43082,4.677366,17.36131,2.616894,0.3386075
3.34527,0,-0.5701873,1.42998,4.691392,17.16969,2.420616,0.214199
3.36228,0,-0.5692315,1.429124,4.719365,17.13836,2.219215,0.1376594
3.379634,0,-0.5680453,1.430828,4.747221,17.47925,2.036159,0.1871931
3.397388,0,-0.5671926,1.436306,4.76215,18.12127,1.903194,0.3768738
3.414908,0,-0.5662884,1.43778,4.788507,18.00848,1.692399,-0.0322876
3.431838,0,-0.5658366,1.434754,4.800455,17.19326,1.936095,-0.2224426
3.448766,0,-0.565162,1.434843,4.824782,17.24533,2.445234,-0.5167847
3.466398,0,-0.5650322,1.437333,4.836979,18.12353,2.901682,-0.8387756
3.483706,0,-0.5650895,1.441418,4.861825,19.52506,3.468215,-1.477417
3.500634,0,-0.5649762,1.442108,4.874014,20.13139,3.758534,-1.553467
3.518089,0,-0.5652255,1.444412,4.89846,21.0045,4.299371,-1.734436
3.535377,0,-0.5656756,1.446578,4.922772,21.68233,4.876663,-1.804047
3.553385,0,-0.5660959,1.447628,4.93502,21.86565,5.166359,-1.636688
3.570271,0,-0.5666476,1.449671,4.959598,22.0021,5.685879,-1.278168
3.58782,0,-0.56683,1.449992,4.972345,21.6191,5.878839,-0.9418945
3.605384,0,-0.5671495,1.45057,4.997499,21.15533,6.331723,-0.4349365
3.623198,0,-0.5673424,1.450162,5.010365,20.78239,6.55412,-0.07403564
3.641068,0,-0.5677715,1.449382,5.03576,20.40545,7.040058,0.4166484
3.657632,0,-0.5682327,1.447384,5.061195,20.17083,7.551288,0.8109357
3.675884,0,-0.5686705,1.445681,5.073987,20.21898,7.817898,0.8596702
3.693257,0,-0.5695732,1.442584,5.09956,20.38087,8.353569,1.021435
3.710765,0,-0.5702476,1.440944,5.112521,20.61676,8.587749,1.108323
3.728173,0,-0.5716817,1.437419,5.138268,20.73935,8.986512,1.27585
3.745906,0,-0.5737398,1.433259,5.163847,20.71616,9.408236,1.208601
3.76497,0,-0.575023,1.431057,5.176657,20.65389,9.692725,1.044769
3.782294,0,-0.5774143,1.42745,5.202447,20.53023,10.24697,0.9433883
3.800102,0,-0.578433,1.426843,5.215636,20.38304,10.55122,0.8978186
3.817921,0,-0.5809748,1.425823,5.241489,20.29957,11.29202,0.6163074
3.835159,0,-0.5835688,1.424052,5.26643,20.13373,12.2548,0.2366369
3.853801,0,-0.5844427,1.423257,5.27848,20.07116,12.84092,0.09817199
3.871393,0,-0.5863993,1.422811,5.302575,20.02528,13.85195,-0.1595459
3.889201,0,-0.5866976,1.425812,5.315584,20.24181,14.46384,-0.3356323
3.906859,0,-0.587896,1.428222,5.340542,19.83792,15.68753,-0.9361877
3.924422,0,-0.5884572,1.427989,5.364735,18.86976,16.88858,-1.304565
3.943211,0,-0.5880686,1.42958,5.377491,18.73363,17.33877,-1.03009
3.961128,0,-0.587836,1.433687,5.402572,19.00352,18.15935,-0.9796753
3.978513,0,-0.5876298,1.434015,5.414264,19.49612,18.45156,-0.8083496
3.99609,0,-0.5871637,1.435443,5.437882,20.07934,19.23732,-0.5279846
4.014299,0,-0.5863919,1.4375,5.461355,21.02947,20.01119,-0.3594971
4.032155,0,-0.5857536,1.438289,5.473051,21.68207,20.34411,-0.2320862
4.050205,0,-0.5848477,1.439555,5.49608,22.41513,21.01347,-0.08529663
4.069416,0,-0.5837326,1.439864,5.519309,22.68512,21.64882,-0.09466553
4.087831,0,-0.5830723,1.439464,5.531516,22.50353,21.9761,-0.2122192
4.106091,0,-0.5816227,1.438633,5.555402,22.32249,22.61232,-0.4191589
4.124361,0,-0.5797906,1.436875,5.579444,22.09946,23.27033,-0.7044678
4.143769,0,-0.5786721,1.435363,5.591885,22.07301,23.68686,-0.8676453
4.161956,0,-0.5765021,1.432382,5.616246,22.18583,24.47153,-0.9915466
4.180236,0,-0.5741167,1.428592,5.640608,22.42046,25.16863,-0.9792786
4.199471,0,-0.5726671,1.42646,5.652823,22.61222,25.41344,-0.8743896
4.217284,0,-0.5697519,1.422524,5.676928,22.88984,25.93945,-0.8694763
4.235902,0,-0.5663934,1.418624,5.70108,23.06069,26.44318,-0.7929077
4.254965,0,-0.5644268,1.416665,5.713304,22.93467,26.56116,-0.8221741
4.272922,0,-0.5601968,1.413328,5.737876,22.71649,26.85299,-0.8407288
4.290952,0,-0.5573431,1.41252,5.750436,22.57742,26.8826,-0.7823486
4.309305,0,-0.5517954,1.411219,5.77524,22.58157,27.0321,-0.6354675
4.327247,0,-0.5458887,1.410397,5.79969,22.63158,27.177,-0.6044312
4.345729,0,-0.5424957,1.410861,5.811989,22.79777,27.29413,-0.6890564
4.364089,0,-0.5360299,1.412339,5.83652,23.10167,27.54304,-0.8613892
4.38204,0,-0.5290539,1.416795,5.861147,23.67445,27.78046,-0.9438171
4.400115,0,-0.5260444,1.416946,5.872082,23.49451,27.92135,-1.295532
4.418901,0,-0.5202036,1.416584,5.894384,22.92978,28.36162,-1.75946
4.436701,0,-0.5140654,1.417391,5.916383,22.69758,28.90663,-1.954071
4.455346,0,-0.5105591,1.420398,5.927981,23.15574,29.29383,-1.972656
4.473788,0,-0.5044067,1.423875,5.950477,23.76245,29.98886,-2.309814
4.492468,0,-0.4987507,1.425474,5.972299,24.348,30.76118,-2.606689
4.511338,0,-0.4959921,1.426811,5.983283,24.73285,31.24348,-2.708649
4.529912,0,-0.490498,1.428477,6.004708,25.39983,32.0546,-2.888763
4.54812,0,-0.484606,1.429374,6.025717,26.10704,32.88771,-2.661652
4.566804,0,-0.4812085,1.429487,6.036198,26.46927,33.33487,-2.343231
4.585077,0,-0.4748673,1.429598,6.057795,27.02998,34.29398,-1.973511
4.603515,0,-0.4680075,1.428828,6.079819,27.32241,35.25241,-1.573853
4.622501,0,-0.4643379,1.427611,6.09146,27.20138,35.77974,-1.4021
4.640853,0,-0.4572454,1.425385,6.11387,27.33337,36.78262,-1.199677
4.658934,0,-0.4536176,1.423488,6.124897,27.51891,37.30656,-1.159973
4.677032,0,-0.4465948,1.419562,6.146894,28.02875,38.31415,-1.031891
4.694843,0,-0.439542,1.415089,6.168869,28.66228,39.31495,-0.9530029
4.712937,0,-0.4359363,1.412483,6.179724,28.96014,39.75874,-0.94104
4.73084,0,-0.4290361,1.407526,6.201783,29.52285,40.70587,-0.8949585
4.749113,0,-0.4222011,1.402571,6.224082,29.96393,41.54263,-0.8771362
4.767353,0,-0.4188651,1.399912,6.2354,29.97598,41.93842,-0.908905
4.784932,0,-0.4118997,1.395849,6.258094,30.24422,42.8377,-0.9785156
4.802968,0,-0.4083583,1.394972,6.269614,30.34838,43.35276,-1.22879
4.820956,0,-0.4019077,1.391732,6.292096,30.6823,44.38868,-1.465637
4.838934,0,-0.395903,1.388493,6.31391,31.12446,45.40446,-1.619659
4.856382,0,-0.3926229,1.387737,6.324371,31.61653,45.85864,-1.600372
4.874582,0,-0.3849056,1.389633,6.346056,32.99387,46.94396,-1.740204
4.891666,0,-0.3812428,1.389349,6.356194,33.60011,47.8065,-2.115631
4.909751,0,-0.3737654,1.387382,6.375774,34.1199,49.39803,-2.200439
4.927485,0,-0.3645044,1.386379,6.395657,34.22782,50.89392,-1.963043
4.945464,0,-0.3584,1.387673,6.405494,34.17071,51.49844,-1.793701
4.963484,0,-0.3476834,1.388238,6.423524,34.60001,52.85885,-1.597321
4.981056,0,-0.3425459,1.388244,6.431553,35.17271,53.75219,-1.612305
4.998753,0,-0.3316746,1.388906,6.448211,36.17906,55.65953,-1.832855
5.0165,0,-0.3206038,1.389504,6.463972,37.21958,57.72871,-2.097382
5.034583,0,-0.3149483,1.38958,6.471564,37.71313,58.85017,-2.231445
5.051749,0,-0.3030386,1.389503,6.486191,38.47259,60.87258,-2.294495
5.070324,0,-0.2966641,1.388627,6.49333,38.48043,61.85632,-2.226929
5.086998,0,-0.2846653,1.387405,6.508084,38.59092,63.79877,-2.143005
5.104673,0,-0.2784148,1.386314,6.515357,38.38888,64.69584,-2.09967
5.122255,0,-0.2654959,1.384136,6.529446,38.29144,66.61178,-1.990326
5.139906,0,-0.2523847,1.381552,6.543147,38.19233,68.45425,-1.926392
5.15749,0,-0.2457085,1.380132,6.549844,38.20419,69.25151,-1.902924
5.175198,0,-0.232603,1.376952,6.563106,38.20245,70.84214,-1.891998
5.19278,0,-0.2258216,1.375427,6.569702,38.17984,71.50156,-1.858582
5.210548,0,-0.2118911,1.372715,6.582848,38.03944,72.86777,-1.791718
5.228025,0,-0.1972406,1.370772,6.595718,37.75355,74.13798,-1.780579
5.246691,0,-0.189127,1.37062,6.602253,37.43287,74.68846,-1.801453
5.264002,0,-0.1729684,1.370398,6.615023,36.81443,75.80282,-1.898773
5.28208,0,-0.1644056,1.370947,6.621115,36.42823,76.22182,-1.964966
5.299532,0,-0.1470766,1.37209,6.633121,35.88736,77.30917,-2.132996
5.317137,0,-0.1290375,1.374207,6.64457,35.37914,78.55558,-2.274597
5.336027,0,-0.1204319,1.37552,6.649716,35.33801,79.20489,-2.23053
5.352859,0,-0.1036626,1.378044,6.659975,35.4284,80.41538,-2.369537
5.370058,0,-0.09637111,1.377754,6.664712,35.45576,81.13154,-2.584442
5.387709,0,-0.0808886,1.376966,6.674246,35.00511,82.73155,-3.023926
5.405418,0,-0.07230917,1.377483,6.67878,34.95504,83.68587,-3.216339
5.422398,0,-0.05537587,1.379893,6.687465,35.14923,85.38603,-3.405884
5.439312,0,-0.04775527,1.380063,6.691405,35.45479,86.3149,-3.349731
5.45632,0,-0.03274658,1.380461,6.699242,35.9632,88.19151,-3.303223
5.473488,0,-0.02582893,1.380464,6.703151,36.48116,89.26011,-3.220001
5.490297,0,-0.01148871,1.380955,6.710757,37.27923,91.28027,-3.098297
5.507891,0,0.002803802,1.381907,6.717597,38.08408,93.30097,-2.777252
5.524521,0,0.01036304,1.382625,6.720466,38.28555,94.3928,-2.440796
5.541653,0,0.0260433,1.383994,6.726033,38.33362,96.61114,-1.753784
5.558712,0,0.03453451,1.38465,6.728345,37.9204,97.75883,-1.311035
5.575663,0,0.05083954,1.385507,6.732993,37.30643,100.0485,-0.7406311
5.592564,0,0.05865574,1.38554,6.735014,36.99207,101.2793,-0.5070801
5.609486,0,0.07446808,1.385623,6.739145,36.72956,103.6883,-0.1092529
5.626593,0,0.0819155,1.385037,6.741298,36.91394,105.0162,-0.03994751
5.643618,0,0.09730852,1.383868,6.745086,37.12979,107.5162,0.2708586
5.660603,0,0.105133,1.382996,6.746882,37.3497,108.7061,0.4243176
5.67802,0,0.1212761,1.381126,6.750631,37.50819,111.0358,0.7093551
5.695383,0,0.1296059,1.379828,6.752707,37.55954,112.0961,0.7833068
5.711708,0,0.146256,1.377374,6.756685,37.62103,114.229,0.9437034
5.728918,0,0.1550747,1.376349,6.758879,37.65202,115.2467,0.951817
5.746145,0,0.1723261,1.374121,6.763059,37.76794,117.2665,0.9889839
5.763102,0,0.1807413,1.3728,6.765576,37.90714,118.1208,1.042331
5.780148,0,0.1981155,1.370464,6.769722,37.89087,119.8361,1.115257
5.797573,0,0.2158563,1.368675,6.773071,37.57888,121.412,1.065704
5.814545,0,0.2253817,1.369849,6.774086,37.76565,122.2171,0.9518344
5.831688,0,0.2434349,1.371901,6.77668,38.64901,124.1691,0.6006079
5.849041,0,0.2514632,1.37131,6.778207,39.12758,125.2779,0.2891236
5.866228,0,0.2687522,1.370823,6.779554,38.97234,127.0312,0.224054
5.883608,0,0.2773116,1.37111,6.77901,38.52511,127.6453,0.2785002
5.900814,0,0.2936153,1.371618,6.778399,38.44809,129.2195,0.3156616
5.918272,0,0.3090499,1.372769,6.776981,38.86335,130.977,0.5004023
5.936888,0,0.3164338,1.373264,6.77591,39.1642,131.9568,0.4938284
5.953857,0,0.3312717,1.373902,6.773408,39.41074,133.8924,0.3801636
5.971212,0,0.3384224,1.374071,6.771795,39.48751,135.0526,0.2585811
5.988688,0,0.3524129,1.374271,6.768546,39.71364,137.2388,0.2197948
6.00633,0,0.3590342,1.374133,6.766815,39.82782,138.378,0.2484345
6.023468,0,0.3722948,1.373845,6.762928,39.97892,140.5042,0.3296214
6.041069,0,0.3854193,1.373236,6.758543,40.05462,142.66,0.457818
6.059292,0,0.3917954,1.372645,6.756045,40.03114,143.7815,0.5417681
6.077082,0,0.4041756,1.371483,6.750838,40.00588,146.0274,0.7183569
6.094629,0,0.41017,1.371019,6.747894,39.95768,147.1491,0.8444836
6.111917,0,0.422343,1.369751,6.74206,39.9062,149.3653,1.009976
6.129723,0,0.4346251,1.368284,6.735969,39.90828,151.5673,1.230986
6.14842,0,0.4406825,1.367438,6.732745,39.88102,152.5274,1.39356
6.16604,0,0.4528015,1.365857,6.725801,39.6897,154.4386,1.61741
6.183889,0,0.4587725,1.365061,6.721961,39.47321,155.3075,1.747388
6.201397,0,0.4707174,1.363581,6.714143,39.26461,157.0417,2.069343
6.219412,0,0.4826003,1.362538,6.705602,39.07335,158.4342,2.45218
6.237543,0,0.4884623,1.362584,6.700722,38.88837,158.8692,2.582817
6.255325,0,0.5002258,1.362892,6.690619,38.56096,160.1342,2.447273
6.273256,0,0.5122435,1.363683,6.68004,38.26207,161.5965,1.952121
6.292984,0,0.5181092,1.364353,6.67491,38.16631,162.3441,1.772613
6.311169,0,0.5290353,1.365075,6.664843,37.93158,163.5257,1.578894
6.329082,0,0.5343862,1.366272,6.659438,37.95742,163.9926,1.667332
6.346775,0,0.5453217,1.368373,6.648961,37.82589,165.1039,1.198637
6.364471,0,0.555694,1.368173,6.639374,37.40663,166.2836,0.7639632
6.382504,0,0.5611448,1.368934,6.634235,37.39604,166.9345,0.4446363
6.399927,0,0.5713989,1.370989,6.624009,37.83031,168.2431,0.1354392
6.41773,0,0.5757251,1.371237,6.619789,38.52869,168.9363,0.3040259
6.435341,0,0.5849888,1.372386,6.610636,39.3968,170.2968,0.4255596
6.453245,0,0.5944188,1.374118,6.601024,40.2636,171.7521,0.5082566
6.471277,0,0.599183,1.375383,6.5954,40.49695,172.5053,0.5774416
6.489069,0,0.6086525,1.377484,6.583855,40.81368,174.0339,0.5918671
6.507059,0,0.6132412,1.377881,6.577772,40.76629,174.7757,0.5985894
6.524357,0,0.6222461,1.378487,6.565486,40.82757,176.2683,0.6588544
6.54262,0,0.6311048,1.378283,6.55264,40.90439,177.7359,0.7690718
6.560965,0,0.635373,1.377336,6.546319,41.08683,178.4204,0.8411393
6.5783,0,0.6440258,1.375567,6.533855,41.61961,179.9296,1.006345
6.595997,0,0.6483129,1.374335,6.527715,42.0625,-179.265,1.174128
6.613213,0,0.6570535,1.372005,6.514394,42.60952,-177.6665,1.473659
6.631111,0,0.6616683,1.370487,6.507641,42.73823,-176.9159,1.524459
6.648676,0,0.6707367,1.367265,6.493841,42.9662,-175.4753,1.70073
6.66621,0,0.6798377,1.363932,6.47955,42.84121,-174.1504,1.970718
6.683992,0,0.68452,1.362059,6.472567,42.38582,-173.5845,1.955739
6.701483,0,0.6939398,1.358711,6.458514,42.05377,-172.1912,1.941232
6.719786,0,0.6986862,1.357182,6.45206,42.1151,-171.3976,1.979702
6.737244,0,0.7082692,1.354076,6.438711,42.18044,-169.8203,2.133232
6.754929,0,0.7176411,1.351835,6.424417,42.05658,-168.2563,2.188777
6.772839,0,0.7219312,1.353531,6.415761,42.33973,-167.3085,2.11371
6.790337,0,0.7307369,1.355572,6.400197,42.84767,-165.2996,1.843707
6.808867,0,0.7391094,1.356327,6.386298,43.22483,-163.2645,2.090769
6.827879,0,0.742605,1.358191,6.378798,43.32988,-162.6593,2.495557
6.845619,0,0.7494671,1.36168,6.363271,43.37808,-161.3014,2.611629
6.863617,0,0.7519234,1.36289,6.355299,42.90023,-160.6793,2.811263
6.881207,0,0.757278,1.366278,6.338893,42.1231,-159.2256,3.009988
6.899067,0,0.7619194,1.369846,6.322655,41.43946,-157.7259,3.178937
6.916992,0,0.7635803,1.37124,6.315223,41.3303,-156.9865,3.289277
6.934757,0,0.7669935,1.374199,6.299753,41.17311,-155.4235,3.383419
6.95306,0,0.7683266,1.375144,6.292074,41.17478,-154.4637,3.386563
6.970383,0,0.7707657,1.37703,6.276829,40.9468,-152.7373,3.502878
6.988466,0,0.7725956,1.378367,6.261873,40.70775,-151.0205,3.759153
7.006208,0,0.7730668,1.378907,6.254642,40.61803,-150.163,3.883456
7.023809,0,0.7739695,1.379961,6.239724,40.31377,-148.4056,4.002286
7.042219,0,0.7738199,1.380229,6.23187,40.03387,-147.437,4.103312
7.059685,0,0.7732359,1.380673,6.216151,39.45278,-145.6361,4.248129
7.077879,0,0.7716733,1.380503,6.200618,38.7001,-143.7803,4.263365
7.096062,0,0.770337,1.379932,6.19294,38.23327,-142.7067,4.283591
7.113348,0,0.7678879,1.378975,6.177225,37.56334,-140.7616,4.416411
7.131186,0,0.7661698,1.378135,6.169504,37.34019,-139.8726,4.536198
7.149555,0,0.7625674,1.37626,6.154139,36.92303,-138.049,4.603014
7.167503,0,0.758182,1.374194,6.138815,36.61848,-136.2095,4.777726
7.184813,0,0.7555559,1.373231,6.130929,36.43059,-135.3743,4.853579
7.202545,0,0.7501757,1.371358,6.114922,35.94604,-133.7258,4.912776
7.220844,0,0.7465845,1.370298,6.10696,35.60003,-133.0603,4.791262
7.23844,0,0.7396996,1.368733,6.090803,34.95969,-131.6272,4.674563
7.257006,0,0.7320365,1.368125,6.074802,34.15021,-130.4882,4.462672
7.274384,0,0.7268113,1.37048,6.065788,34.34134,-130.0099,4.553196
7.291853,0,0.7166156,1.377247,6.048394,34.83661,-128.809,4.429237
7.310286,0,0.7098112,1.374861,6.036457,34.64204,-127.7353,4.152661
7.329144,0,0.706792,1.369063,6.031474,33.34247,-127.1661,3.759063
7.346977,0,0.6987036,1.371299,6.017724,33.72025,-125.5441,2.856991
7.364973,0,0.6935225,1.376359,6.010609,34.94263,-124.4354,2.810818
7.384125,0,0.6855079,1.377725,5.99934,35.7583,-122.6584,2.882602
7.400942,0,0.6772324,1.378701,5.987755,35.9796,-121.0201,2.874819
7.419939,0,0.6720501,1.380815,5.981417,35.81316,-120.3168,2.757843
7.436399,0,0.6619073,1.384654,5.969075,35.66072,-118.6732,2.513842
7.454506,0,0.6512681,1.387854,5.957366,35.22805,-116.8613,2.498237
7.473669,0,0.6455663,1.388974,5.951618,34.86201,-115.7791,2.596591
7.491419,0,0.6340804,1.391415,5.940084,34.35425,-113.8127,2.726
7.509686,0,0.6278814,1.392139,5.934506,34.01205,-112.8204,2.926965
7.527018,0,0.615611,1.393553,5.923298,33.43284,-110.8684,3.108223
7.54487,0,0.6032143,1.39381,5.9119,32.96815,-108.8495,3.306062
7.562954,0,0.5969594,1.393128,5.906029,32.91261,-107.8496,3.461236
7.58042,0,0.5846138,1.392308,5.89438,32.69603,-106.0237,3.691185
7.597916,0,0.5782177,1.39139,5.888303,32.59845,-105.2592,3.729875
7.615204,0,0.5655514,1.389291,5.876232,32.26718,-103.6597,3.738387
7.632732,0,0.5589848,1.387993,5.869949,32.04556,-102.861,3.638393
7.649887,0,0.5460498,1.385043,5.857521,31.56016,-101.2123,3.423287
7.667824,0,0.5394897,1.382945,5.851364,31.20942,-100.4005,3.270097
7.684298,0,0.5265522,1.378949,5.839192,30.65827,-98.85287,3.132278
7.701525,0,0.5138803,1.375117,5.82755,30.28705,-97.42905,3.085572
7.718809,0,0.5077095,1.37338,5.822359,30.32524,-96.75995,2.987278
7.73596,0,0.4938993,1.372391,5.81112,30.93081,-95.13406,2.818783
7.753387,0,0.4863711,1.376003,5.805598,31.9483,-93.84769,2.386571
7.770014,0,0.4735373,1.375327,5.79559,32.73888,-91.59924,1.998736
7.787603,0,0.4665886,1.373711,5.791594,32.61508,-90.79947,2.491746
7.804518,0,0.4508436,1.376145,5.782802,32.66102,-89.37637,2.730445
7.822388,0,0.4421402,1.37877,5.779196,32.63802,-88.69327,2.676173
7.839434,0,0.4267286,1.381338,5.772587,32.72471,-86.91376,2.874261
7.856066,0,0.4187903,1.382575,5.769989,32.75024,-85.76907,2.940927
7.873011,0,0.4023168,1.385626,5.764359,32.75969,-83.72812,2.813728
7.889904,0,0.3940011,1.386506,5.761938,32.6694,-82.66986,2.659518
7.907217,0,0.3773733,1.388009,5.757417,32.52,-80.59988,2.555059
7.924088,0,0.3608953,1.388148,5.753488,32.40848,-78.53452,2.445373
7.941998,0,0.352735,1.387535,5.751703,32.44896,-77.54602,2.482964
7.958885,0,0.3359539,1.38683,5.748199,32.5702,-75.62292,2.50808
7.976017,0,0.3271635,1.386028,5.746736,32.65641,-74.6991,2.460558
7.992641,0,0.3093071,1.383994,5.744004,32.65174,-72.79596,2.397616
8.010002,0,0.3000191,1.382639,5.742863,32.59882,-71.94196,2.419252
8.027397,0,0.2815188,1.380282,5.740657,32.62896,-70.3158,2.436085
8.044361,0,0.272188,1.379012,5.739862,32.73061,-69.62012,2.482042
8.061584,0,0.2534389,1.376527,5.738595,32.96026,-68.02307,2.433413
8.078552,0,0.2437717,1.375322,5.738259,33.14735,-67.18585,2.491695
8.095341,0,0.2244399,1.372792,5.737994,33.30025,-65.73792,2.560874
8.112646,0,0.2148153,1.37143,5.738395,33.23767,-65.18356,2.590752
8.130375,0,0.1957034,1.36911,5.739772,33.21156,-64.0733,2.792922
8.146818,0,0.176782,1.367394,5.741841,33.29922,-63.05402,3.07013
8.164387,0,0.1672782,1.367458,5.743498,33.36049,-62.67712,3.006392
8.181297,0,0.1475762,1.36731,5.746739,33.10663,-61.63654,2.676588
8.198561,0,0.1362883,1.370301,5.749001,33.13457,-60.98206,2.34452
8.215614,0,0.1163924,1.373906,5.753015,33.02789,-59.60629,1.570955
8.232992,0,0.1093699,1.372806,5.754411,32.63857,-58.7652,1.144378
8.249502,0,0.09326333,1.372607,5.757833,32.22245,-57.16263,0.7694358
8.266846,0,0.08519781,1.374608,5.759775,32.68216,-56.1879,0.782572
8.283905,0,0.06918716,1.378721,5.763832,33.55704,-54.29785,0.7689621
8.301216,0,0.06157392,1.380069,5.765813,33.99235,-53.16406,0.908049
8.318151,0,0.04641163,1.382684,5.770065,34.30517,-51.17258,1.143168
8.33523,0,0.03878772,1.384152,5.772587,34.29347,-50.19623,1.347312
8.352322,0,0.02353185,1.387025,5.777565,34.35711,-48.26187,1.598362
8.369339,0,0.0159018,1.388244,5.780519,34.24945,-47.29404,1.784729
8.386408,0,0.0007378459,1.390558,5.786411,34.08867,-45.34094,2.054591
8.403131,0,-0.01450568,1.392254,5.793058,33.75885,-43.40082,2.148951
8.420374,0,-0.02193519,1.39215,5.796772,33.46122,-42.41653,2.198944
8.437479,0,-0.03674614,1.39202,5.804154,33.1795,-40.4317,2.366685
8.454533,0,-0.04386365,1.391507,5.808047,33.26678,-39.34351,2.473984
8.471399,0,-0.05811569,1.390149,5.81574,33.43568,-37.15015,2.640889
8.488905,0,-0.06506956,1.388994,5.819608,33.66156,-35.92035,2.670853
8.505779,0,-0.07907963,1.386632,5.827366,33.86581,-33.59241,2.844712
8.522894,0,-0.08620402,1.385381,5.831393,33.81276,-32.44965,2.957825
8.540394,0,-0.1003695,1.382605,5.839433,33.54944,-30.29428,3.110619
8.5574,0,-0.1072923,1.38095,5.84337,33.23561,-29.33167,3.081123
8.574442,0,-0.1208328,1.377593,5.851022,32.90599,-27.34543,3.118223
8.591825,0,-0.1274053,1.376431,5.854883,32.89979,-26.42899,3.127395
8.608894,0,-0.1406089,1.374571,5.862475,32.97454,-24.49377,3.016707
8.625731,0,-0.1533888,1.372571,5.869765,33.0569,-22.5527,2.746396
8.643351,0,-0.1601768,1.372832,5.874012,33.35653,-21.62048,2.478337
8.660231,0,-0.1740986,1.375928,5.882754,34.17338,-19.60397,1.960597
8.677563,0,-0.1808901,1.377146,5.88659,34.54627,-18.5914,1.556215
8.694506,0,-0.1936511,1.377992,5.894912,34.58516,-16.95251,1.222358
8.711823,0,-0.1996759,1.379043,5.900693,33.91925,-16.59082,1.155526
8.728901,0,-0.2118413,1.381838,5.912308,33.1888,-15.32382,0.7968735
8.74614,0,-0.2171367,1.383172,5.917982,32.9791,-14.62454,0.6980315
8.7633,0,-0.2274691,1.385571,5.928807,33.02724,-13.01523,0.375432
8.78026,0,-0.2322329,1.38662,5.934301,33.37238,-12.07697,0.2409538
8.797436,0,-0.2418509,1.389183,5.945928,33.67217,-10.52625,-0.1077881
8.814474,0,-0.2464064,1.39013,5.951914,33.81278,-9.812592,-0.3521118
8.831144,0,-0.2552966,1.391518,5.963832,33.92412,-8.255127,-0.5970764
8.849003,0,-0.2642634,1.392206,5.975852,33.86616,-6.780884,-0.7698059
8.866039,0,-0.2685787,1.391932,5.981893,33.67418,-6.224304,-0.9320679
8.88287,0,-0.2767976,1.391302,5.994262,33.46857,-4.942596,-1.261627
8.899918,0,-0.2807407,1.39047,6.000661,33.35685,-4.289001,-1.353241
8.916931,0,-0.288631,1.388756,6.013422,33.27679,-3.056549,-1.412018
8.934416,0,-0.2923186,1.387676,6.019874,33.35078,-2.587189,-1.447205
8.950668,0,-0.2993333,1.385684,6.033265,33.42796,-1.4552,-1.5849
8.968191,0,-0.3024489,1.384735,6.040395,33.48717,-0.916687,-1.523254
8.985188,0,-0.308717,1.382577,6.05479,33.47403,0.1033691,-1.447021
9.00219,0,-0.3113561,1.381561,6.06232,33.35266,0.4841445,-1.504547
9.01943,0,-0.3161777,1.379631,6.077399,33.21784,1.485409,-1.533142
9.036343,0,-0.3181176,1.37871,6.085108,33.16696,2.029311,-1.473541
9.053537,0,-0.3218913,1.376949,6.10066,33.07185,2.891645,-1.362518
9.070038,0,-0.3234068,1.376373,6.108664,32.97062,3.155165,-1.378998
9.086987,0,-0.3259151,1.375552,6.125086,32.69508,3.808756,-1.550018
9.103722,0,-0.3269064,1.375222,6.133372,32.31022,4.118555,-1.712402
9.120705,0,-0.3287569,1.374699,6.149802,31.87341,4.682351,-1.870667
9.137434,0,-0.3296496,1.37502,6.157763,31.80644,4.818321,-1.957397
9.154522,0,-0.3309171,1.375014,6.173116,31.57029,5.06891,-2.168365
9.170732,0,-0.3314275,1.375363,6.180711,31.44282,5.111455,-2.446472
9.1884,0,-0.3322167,1.376084,6.195619,31.34157,5.452193,-3.029602
9.204405,0,-0.3327265,1.376581,6.202396,31.68206,5.70366,-3.417572
9.221409,0,-0.3336395,1.378353,6.216285,32.28349,6.142104,-4.065491
9.237654,0,-0.3340802,1.379323,6.222767,32.76564,6.300858,-4.409332
9.254517,0,-0.3343779,1.381808,6.236189,33.3433,6.649907,-4.953461
9.270967,0,-0.3341621,1.383559,6.243267,33.45848,6.884141,-5.044434
9.287531,0,-0.3334671,1.386664,6.257217,33.63333,7.329517,-5.277252
9.304388,0,-0.3329008,1.387783,6.264334,33.5607,7.605037,-5.29541
9.320513,0,-0.3314122,1.389956,6.278419,33.67343,8.133693,-5.508453
9.337162,0,-0.3304551,1.390431,6.285699,33.72256,8.507435,-5.595947
9.353914,0,-0.3280831,1.391836,6.300405,33.82245,9.180263,-5.760468
9.370623,0,-0.3267611,1.392378,6.308349,33.74702,9.501968,-5.777954
9.387001,0,-0.3240931,1.392983,6.324049,33.59107,10.12377,-5.959717
9.403893,0,-0.3227459,1.392902,6.332144,33.50998,10.43686,-6.050934
9.420218,0,-0.3198592,1.392849,6.348539,33.56318,11.0791,-6.189606
9.436987,0,-0.3184255,1.392533,6.357039,33.60585,11.37187,-6.273102
9.453367,0,-0.3154416,1.391774,6.374422,33.57467,11.92033,-6.342316
9.46987,0,-0.3139959,1.391271,6.383727,33.4781,12.10153,-6.340179
9.486443,0,-0.3113407,1.389876,6.402013,33.34264,12.48764,-6.471527
9.503096,0,-0.3103443,1.389063,6.411403,33.31221,12.66042,-6.563873
9.519714,0,-0.3082688,1.387604,6.430703,33.24562,13.02474,-6.577057
9.536621,0,-0.3074498,1.387075,6.440941,33.12238,13.09166,-6.563629
9.552359,0,-0.3059372,1.385771,6.461153,32.73141,13.33271,-6.547974
9.568548,0,-0.3054814,1.385019,6.471597,32.36002,13.46002,-6.487488
9.584934,0,-0.3048566,1.384119,6.492309,31.94748,13.78932,-6.388428
9.601377,0,-0.3050973,1.383837,6.502448,31.85918,13.92631,-6.324951
9.617386,0,-0.3053665,1.383801,6.51257,31.86452,13.99045,-6.266754
9.633734,0,-0.305786,1.38425,6.533269,31.87041,14.12375,-6.195038
9.64966,0,-0.3056494,1.386178,6.544859,32.26713,14.0933,-6.143585
9.665895,0,-0.3051479,1.392247,6.568072,32.84802,14.08813,-5.970734
9.682817,0,-0.3057446,1.39299,6.579334,32.7312,14.11645,-6.322449
9.698318,0,-0.3055498,1.39446,6.601277,32.04057,14.23021,-5.999634
9.714291,0,-0.3045959,1.395411,6.612223,31.51685,14.07658,-5.107239
9.730198,0,-0.3029082,1.398318,6.634518,31.18578,13.47632,-4.275391
9.746498,0,-0.3016135,1.399408,6.645396,31.1872,12.91776,-4.012573
9.762341,0,-0.3001316,1.400043,6.656422,31.09964,12.61331,-3.956848
9.778578,0,-0.29699,1.401417,6.678867,30.81758,12.3524,-3.841309
9.794277,0,-0.2952086,1.401682,6.690009,30.7431,12.31304,-3.9711
9.8102,0,-0.291475,1.402423,6.71198,30.81212,11.94588,-4.155792
9.826416,0,-0.2893073,1.402871,6.722724,31.21755,11.63241,-4.483368
9.842283,0,-0.2847425,1.403717,6.744568,31.77521,11.18077,-4.844513
9.858358,0,-0.2821818,1.403717,6.755746,32.00742,10.97179,-5.043884
9.874144,0,-0.2794757,1.403167,6.766878,31.98014,10.77383,-5.229919
9.88975,0,-0.2737089,1.40225,6.789198,31.93285,10.48987,-5.521942
9.905834,0,-0.2706631,1.401685,6.800642,31.79686,10.52117,-5.553558
9.921566,0,-0.2646566,1.400397,6.823181,31.68751,10.31769,-5.614532
9.93808,0,-0.2616515,1.399392,6.834228,31.67537,10.11394,-5.593414
9.953838,0,-0.2554722,1.397373,6.856464,31.79142,9.748853,-5.677002
9.969187,0,-0.2523038,1.396129,6.867542,32.00393,9.561034,-5.693237
9.985365,0,-0.2489734,1.394731,6.878455,32.2285,9.352916,-5.65332
10.00101,0,-0.242193,1.392038,6.900407,32.45203,8.881417,-5.590363
10.01647,0,-0.2385491,1.39051,6.911276,32.44203,8.603834,-5.477478
10.03229,0,-0.2312751,1.387477,6.93295,32.33366,8.115424,-5.281952
10.0478,0,-0.227688,1.385417,6.943013,32.16552,7.742546,-5.06781
10.0639,0,-0.2203795,1.381412,6.962876,32.16415,6.892398,-4.723114
10.08039,0,-0.2166372,1.37986,6.972198,32.47305,6.257349,-4.574097
10.09576,0,-0.2128578,1.378965,6.981696,32.79919,5.656709,-4.489685
10.11157,0,-0.2057072,1.377105,7.001221,32.956,4.68621,-4.326508
10.12712,0,-0.2019985,1.377869,7.012053,33.0265,4.244922,-4.147644
10.14298,0,-0.194106,1.383208,7.034372,33.57671,3.235993,-3.566742
10.15867,0,-0.1921683,1.383074,7.043536,33.22296,2.639744,-4.110016
10.17478,0,-0.1893109,1.381702,7.052214,32.5885,2.361567,-4.076843
10.19055,0,-0.183735,1.382568,7.071423,32.10465,2.010409,-3.428375
10.20645,0,-0.1817979,1.384658,7.081604,32.39766,1.8611,-3.273743
10.22199,0,-0.1780862,1.388295,7.101055,32.9884,1.157432,-3.540924
10.23797,0,-0.176414,1.389831,7.11045,33.47913,0.6489792,-3.623444
10.25393,0,-0.1734304,1.393286,7.130264,33.95379,-0.2227478,-3.36087
10.26922,0,-0.1723493,1.395295,7.140667,33.98525,-0.800415,-3.159515
10.28548,0,-0.1712153,1.396467,7.150717,33.95131,-1.430023,-3.051392
10.30132,0,-0.1690106,1.398804,7.170733,34.02678,-2.510864,-2.858978
10.31727,0,-0.1677744,1.399371,7.180868,34.10108,-3.051331,-2.790466
10.33279,0,-0.1656388,1.400156,7.201211,34.21075,-4.055481,-2.60083
10.34831,0,-0.1645914,1.399774,7.211411,34.34473,-4.641846,-2.445374
10.36441,0,-0.1636143,1.399343,7.22156,34.52005,-5.332306,-2.365509
10.38032,0,-0.1619803,1.398176,7.242096,34.83248,-6.658051,-2.287445
10.39598,0,-0.1611071,1.397202,7.252709,34.93739,-7.329834,-2.322449
10.41192,0,-0.1595376,1.394994,7.274041,35.05219,-8.534149,-2.434631
10.42772,0,-0.1586952,1.393515,7.284997,35.09051,-9.016388,-2.528564
10.44336,0,-0.1573139,1.390293,7.306709,35.20773,-10.08673,-2.493652
10.45909,0,-0.1564742,1.388564,7.317809,35.13221,-10.68234,-2.467865
10.47521,0,-0.1557781,1.386811,7.328937,34.9699,-11.12698,-2.506714
10.49098,0,-0.1547437,1.383251,7.350969,34.74954,-11.89575,-2.596191
10.50642,0,-0.1544343,1.381613,7.361843,34.64619,-12.1149,-2.500458
10.52232,0,-0.1540034,1.378385,7.383238,34.41623,-12.72327,-2.578278
10.53838,0,-0.1541157,1.376963,7.393951,34.33725,-12.71365,-2.818146
10.55401,0,-0.1540445,1.374905,7.415394,34.24549,-12.79001,-3.025665
10.56985,0,-0.1539508,1.376153,7.426997,34.74861,-12.67999,-3.077271
10.58575,0,-0.1536884,1.380052,7.439105,35.65047,-12.72989,-2.998657
10.60146,0,-0.153936,1.382536,7.459984,36.50153,-12.84427,-3.660614
10.61806,0,-0.1530393,1.382066,7.468729,36.7192,-12.806,-3.603943
10.63329,0,-0.1511908,1.382363,7.486989,37.0194,-13.01346,-2.692902
10.64893,0,-0.1498831,1.383618,7.496868,37.18469,-13.289,-2.271973
10.66511,0,-0.1490502,1.385723,7.507287,37.38435,-13.51434,-2.167053
10.68097,0,-0.1476905,1.388385,7.526394,37.6715,-13.79391,-2.23587
10.69677,0,-0.1470503,1.389414,7.535778,37.71047,-13.80627,-2.485596
10.71264,0,-0.1456276,1.392086,7.554549,37.9148,-13.99948,-2.619324
10.72841,0,-0.1449984,1.393116,7.563957,37.89592,-14.25793,-2.757813
10.74475,0,-0.1439075,1.394983,7.582235,37.87239,-14.7851,-3.049713
10.76061,0,-0.143509,1.395222,7.591473,37.72367,-15.14487,-3.280609
10.77619,0,-0.1431389,1.395324,7.600735,37.59674,-15.43198,-3.441284
10.79183,0,-0.1425169,1.395449,7.619043,37.4183,-16.0257,-3.658356
10.80773,0,-0.1422795,1.395088,7.628458,37.32281,-16.47876,-3.658447
10.82343,0,-0.1420677,1.394216,7.647251,37.21097,-17.41287,-3.725311
10.83926,0,-0.142039,1.393115,7.657009,37.21537,-18.04617,-3.678192
10.8553,0,-0.1422195,1.391137,7.676173,37.32551,-19.20016,-3.634583
10.87082,0,-0.1423776,1.389862,7.685933,37.50112,-19.98419,-3.676697
10.88629,0,-0.1423096,1.388669,7.69549,37.72317,-20.7695,-3.801666
10.90192,0,-0.1424615,1.385929,7.714772,37.97585,-22.22351,-3.820099
10.91799,0,-0.1426959,1.384643,7.725111,38.0288,-23.09122,-3.73349
10.93341,0,-0.1432393,1.381951,7.745632,37.92568,-24.74973,-3.621735
10.94904,0,-0.1433297,1.380767,7.756289,37.66322,-25.61081,-3.555603
10.96492,0,-0.1432006,1.379341,7.766711,37.33091,-26.50232,-3.547485
10.98071,0,-0.143254,1.376195,7.786739,36.91425,-28.24045,-3.337463
10.99688,0,-0.1429632,1.374872,7.796414,36.94109,-29.3093,-3.328003
11.0126,0,-0.1423138,1.37282,7.815899,37.1885,-31.38815,-3.636475
11.02797,0,-0.1418762,1.372352,7.825699,37.4913,-32.46667,-3.940338
11.04425,0,-0.1412679,1.371518,7.845343,37.84383,-34.63843,-4.179108
11.06022,0,-0.1410192,1.372048,7.855633,38.19645,-35.90128,-4.264557
11.07643,0,-0.1410363,1.374058,7.866191,38.82094,-37.24518,-4.39209
11.09289,0,-0.1413066,1.37871,7.886172,39.83065,-39.80933,-4.84967
11.10834,0,-0.1415544,1.379231,7.894684,39.83316,-40.90408,-5.56015
11.1244,0,-0.1418447,1.379828,7.912694,39.36139,-42.80292,-5.66922
11.14092,0,-0.1425592,1.380214,7.921941,38.56073,-43.38922,-4.958038
11.15608,0,-0.1452127,1.382926,7.940041,37.876,-45.02838,-4.567169
11.17227,0,-0.1476156,1.38434,7.948431,37.67422,-45.97986,-4.586609
11.18789,0,-0.1516865,1.386087,7.965231,37.41737,-47.96985,-4.514435
11.20478,0,-0.1544936,1.386742,7.973008,37.52626,-49.06076,-4.621063
11.22079,0,-0.1575952,1.387388,7.980608,37.67179,-50.13147,-4.755768
11.23726,0,-0.1636682,1.388513,7.995454,37.84377,-52.43311,-4.93924
11.25288,0,-0.1669483,1.388601,8.002434,38.05498,-53.73578,-5.022339
11.26884,0,-0.1738358,1.388476,8.016048,38.28934,-56.25079,-5.173767
11.28514,0,-0.1777579,1.388162,8.022764,38.40678,-57.66003,-5.257813
11.30127,0,-0.1861893,1.387597,8.035852,38.52676,-60.37802,-5.383728
11.31707,0,-0.1909588,1.386878,8.042131,38.46131,-61.90436,-5.342224
11.33323,0,-0.2003375,1.385091,8.054249,38.40894,-64.80502,-5.433441
11.34941,0,-0.2052087,1.383798,8.05978,38.42085,-66.34808,-5.632721
11.3658,0,-0.2102204,1.382352,8.065147,38.54095,-67.8356,-5.83075
11.38144,0,-0.2203853,1.37944,8.076113,38.76838,-70.77927,-6.111359
11.39783,0,-0.2257273,1.377737,8.081821,38.94321,-72.24936,-6.285065
11.41315,0,-0.2369317,1.374363,8.092749,39.13503,-75.04285,-6.612793
11.42913,0,-0.2429319,1.372343,8.098335,39.11657,-76.18823,-6.670319
11.44517,0,-0.25446,1.368301,8.108786,39.07909,-78.56595,-6.803955
11.46111,0,-0.2604393,1.366643,8.114029,39.11753,-79.56769,-6.88501
11.4773,0,-0.2667694,1.365378,8.119282,39.16257,-80.47568,-7.017181
11.49346,0,-0.2797799,1.36298,8.129866,39.10854,-82.30231,-7.222778
11.50898,0,-0.2867206,1.362325,8.135515,38.95851,-82.85541,-7.214233
11.52478,0,-0.3015063,1.361985,8.147009,39.07328,-84.30927,-7.198639
11.54058,0,-0.3096817,1.365661,8.153332,39.68185,-85.13141,-7.090912
11.5562,0,-0.3227433,1.365507,8.16222,39.80943,-86.69263,-8.222076
11.57283,0,-0.3270092,1.362001,8.166504,38.90462,-87.14966,-7.997803
11.58834,0,-0.3316942,1.361048,8.171244,38.77769,-88.05731,-6.907318
11.6041,0,-0.3429923,1.362497,8.180288,39.37934,-90.1109,-6.707489
11.62036,0,-0.3496756,1.365377,8.184565,40.23748,-91.42114,-7.525604
11.63589,0,-0.3620589,1.367753,8.19277,40.68877,-93.47705,-8.117981
11.65174,0,-0.3686644,1.368263,8.197302,40.24519,-94.32086,-7.878387
11.66716,0,-0.3823569,1.371078,8.205803,39.61225,-96.11823,-7.605469
11.68384,0,-0.3894466,1.372811,8.209467,39.14803,-97.04828,-7.598969
11.69969,0,-0.3960018,1.374208,8.213102,39.01883,-98.17471,-7.650482
11.71611,0,-0.4091924,1.376561,8.220226,38.80359,-100.4997,-7.770508
11.73179,0,-0.4159713,1.377222,8.223652,38.70812,-101.7537,-7.848785
11.74739,0,-0.4299347,1.378604,8.23007,38.47052,-104.1291,-7.969727
11.76361,0,-0.4369601,1.378668,8.232971,38.37778,-105.3505,-8.160461
11.7799,0,-0.4506346,1.378447,8.238955,38.1754,-107.8079,-8.496094
11.79618,0,-0.4572603,1.377858,8.241987,38.25168,-109.1506,-8.711945
11.81218,0,-0.4704651,1.376955,8.247713,38.43969,-111.8139,-9.156097
11.82883,0,-0.4771265,1.376378,8.250732,38.57002,-113.1464,-9.339569
11.84526,0,-0.490594,1.374659,8.256542,38.40472,-115.6442,-9.517609
11.86217,0,-0.497313,1.373075,8.259399,37.99197,-116.8399,-9.296844
11.87851,0,-0.5095232,1.369514,8.264776,37.18854,-119.2847,-9.122772
11.89548,0,-0.5146031,1.367242,8.267487,36.81167,-120.4862,-9.012329
11.91165,0,-0.5244138,1.363271,8.272446,36.46226,-122.9472,-8.937988
11.92859,0,-0.528877,1.361327,8.27453,36.50412,-124.2446,-8.657776
11.94508,0,-0.5401592,1.360293,8.277561,36.9365,-127.2299,-7.825348
11.96291,0,-0.5470724,1.364426,8.278395,37.54843,-129.2937,-7.428009
11.97848,0,-0.5517384,1.36415,8.27849,37.36844,-131.0158,-8.43219
11.99489,0,-0.5614128,1.363199,8.280087,36.71598,-133.4566,-8.765717
12.01057,0,-0.5673967,1.365311,8.279387,36.44221,-133.9903,-8.553772
12.02679,0,-0.5779066,1.369952,8.277407,36.5419,-136.2068,-9.012421
12.04323,0,-0.5817003,1.372007,8.276478,36.83192,-137.7241,-9.614502
12.05941,0,-0.5898096,1.37559,8.274837,37.11744,-140.7626,-9.85199
12.07531,0,-0.5939181,1.377899,8.273752,37.35975,-142.4953,-9.540253
12.09138,0,-0.6023096,1.382548,8.269979,37.32465,-145.4929,-9.659851
12.10724,0,-0.606792,1.384153,8.267914,36.85533,-146.8466,-9.526581
12.12326,0,-0.6111736,1.385175,8.266018,36.2907,-148.0721,-9.343048
12.13962,0,-0.6197523,1.387257,8.261797,35.57883,-150.6566,-9.175171
12.15553,0,-0.6242025,1.387596,8.259596,35.25785,-151.865,-9.137543
12.17169,0,-0.6331273,1.387981,8.255302,34.76342,-154.2908,-9.103058
12.18759,0,-0.6379313,1.387474,8.25355,34.66544,-155.3584,-9.155396
12.20438,0,-0.6473451,1.386599,8.249231,34.45632,-157.517,-9.197815
12.22013,0,-0.6523204,1.386034,8.246691,34.41336,-158.3734,-9.323669
12.23638,0,-0.6625702,1.384458,8.241268,34.0557,-160.0778,-9.435577
12.25287,0,-0.6681702,1.383435,8.238184,33.80093,-160.6891,-9.380768
12.26953,0,-0.679166,1.381515,8.231665,33.39685,-162.1466,-9.246796
12.28591,0,-0.685743,1.380985,8.227541,33.24269,-162.7985,-9.233826
12.30191,0,-0.6925095,1.380278,8.223377,33.04499,-163.4507,-9.207977
12.31849,0,-0.7042735,1.378639,8.21524,32.67876,-164.7789,-9.125336
12.33464,0,-0.7102071,1.37816,8.210705,32.55013,-165.3931,-9.078583
12.35082,0,-0.7218717,1.377474,8.201498,32.26408,-166.6727,-8.988342
12.36801,0,-0.7278209,1.377567,8.196365,31.95783,-167.2497,-8.872498
12.38457,0,-0.739472,1.377381,8.185894,31.26069,-168.3409,-8.733887
12.40076,0,-0.7450296,1.377663,8.180555,30.75084,-168.6807,-8.622833
12.41726,0,-0.756071,1.378435,8.169868,30.12069,-169.5727,-8.563904
12.43414,0,-0.7670555,1.381554,8.158115,29.84358,-170.5024,-8.56488
12.45299,0,-0.7720377,1.383134,8.15274,29.50787,-170.9897,-8.6651
12.46958,0,-0.7823423,1.385009,8.14216,28.88066,-171.8689,-8.428558
12.48632,0,-0.7874137,1.386416,8.13699,28.4166,-172.2858,-7.972198
12.50298,0,-0.7968475,1.388774,8.126482,27.48673,-173.054,-7.646576
12.51979,0,-0.8012561,1.390502,8.121105,26.96413,-173.4735,-7.294617
12.53658,0,-0.8104477,1.394905,8.109886,26.22362,-174.4785,-6.934509
12.55336,0,-0.8150138,1.397522,8.104317,25.96437,-175.033,-6.952972
12.57015,0,-0.823747,1.401603,8.093517,25.30572,-176.0087,-6.765594
12.58751,0,-0.8275573,1.403564,8.088171,25.02564,-176.5253,-6.653076
12.60439,0,-0.8353434,1.40817,8.076756,24.48713,-177.5912,-6.432159
12.62094,0,-0.8394566,1.410498,8.070875,24.16827,-178.1271,-6.253876
12.63777,0,-0.8472384,1.414236,8.059019,23.47499,-179.0823,-5.804382
12.65453,0,-0.8506851,1.415517,8.052834,23.11402,-179.4968,-5.49231
12.67132,0,-0.857687,1.417964,8.040312,22.56505,179.5683,-5.068726
12.68855,0,-0.8612449,1.418541,8.033737,22.47477,179.0493,-4.952271
12.70527,0,-0.8682219,1.419486,8.020388,22.28216,177.9727,-4.629333
12.72209,0,-0.8715183,1.419239,8.013462,22.39369,177.4071,-4.502655
12.73944,0,-0.8782406,1.418722,7.999494,22.50335,176.3477,-4.260071
12.75656,0,-0.8849838,1.417722,7.984986,22.74685,175.2625,-4.092377
12.77551,0,-0.8880332,1.417109,7.97742,22.90189,174.6474,-4.008362
12.79218,0,-0.8938828,1.415835,7.962108,23.18174,173.3902,-3.879333
12.80952,0,-0.8972902,1.415087,7.954128,23.33424,172.7137,-3.745331
12.82649,0,-0.9048842,1.413849,7.937697,23.46695,171.5383,-3.504303
12.84311,0,-0.9090565,1.413522,7.928773,23.22113,171.0561,-3.345703
12.85972,0,-0.9168989,1.412691,7.911275,22.87151,170.0607,-2.949677
12.87673,0,-0.9208642,1.412683,7.902778,22.69274,169.5761,-2.812103
12.89355,0,-0.928698,1.413223,7.885437,22.45951,168.691,-2.73996
12.91012,0,-0.9327197,1.414223,7.876732,22.25703,168.387,-2.750031
12.92694,0,-0.9409968,1.415838,7.859597,21.90354,167.7259,-2.734711
12.94407,0,-0.9455981,1.416713,7.851449,21.73673,167.4977,-2.745972
12.96056,0,-0.9551572,1.418965,7.834927,21.38653,167.0138,-2.603363
12.97775,0,-0.9600278,1.421438,7.82579,21.29814,166.8065,-2.115936
12.99426,0,-0.9695089,1.427508,7.807909,20.63269,166.107,-1.057251
13.01109,0,-0.9736174,1.426836,7.799757,19.56993,165.8502,-0.9104919
13.02814,0,-0.9825569,1.427756,7.78162,17.83125,165.7288,-0.1371155
13.04537,0,-0.9865195,1.43002,7.771769,17.26759,165.8415,0.1524924
13.06193,0,-0.9939144,1.433883,7.753123,16.79996,165.7705,0.003860096
13.07955,0,-0.9970797,1.435159,7.744374,17.04644,165.7878,-0.4780579
13.09632,0,-1.003393,1.437726,7.726409,17.11002,165.7233,-0.6359863
13.11331,0,-1.005859,1.439589,7.717104,17.32315,165.5268,-0.4507141
13.13019,0,-1.01073,1.442535,7.698759,17.38736,165.1039,-0.256958
13.14771,0,-1.015983,1.444959,7.680208,17.41948,164.6657,0.02465808
13.16613,0,-1.018703,1.445842,7.670661,17.31359,164.465,0.2096962
13.183,0,-1.023699,1.44723,7.651612,16.9631,164.1802,0.4576049
13.20053,0,-1.025958,1.447477,7.641706,16.57666,164.1052,0.6602034
13.2177,0,-1.030853,1.448258,7.621638,15.98444,163.8683,1.016806
13.23567,0,-1.035654,1.448385,7.601057,15.42967,163.6679,1.418669
13.25455,0,-1.03805,1.447758,7.59036,15.19956,163.6218,1.59006
13.27176,0,-1.042598,1.446566,7.568971,14.76838,163.5079,1.833893
13.28959,0,-1.046595,1.445365,7.546665,14.35027,163.4438,1.974915
13.31015,0,-1.048414,1.444482,7.535028,14.10183,163.4312,1.90834
13.32726,0,-1.051894,1.442176,7.512411,13.68279,163.4544,1.816022
13.34507,0,-1.053201,1.440828,7.500948,13.46296,163.6449,1.77298
13.3628,0,-1.05568,1.438335,7.47818,12.94879,163.7775,1.832936
13.38068,0,-1.05711,1.436817,7.455245,12.50672,163.9492,1.863945
13.39943,0,-1.057226,1.437389,7.443624,12.49602,164.1366,1.780396
13.41691,0,-1.058041,1.438273,7.420543,12.39968,164.4971,1.607248
13.43456,0,-1.05823,1.439422,7.409091,12.56522,164.8049,1.440277
13.45183,0,-1.058217,1.441772,7.386895,12.67952,165.328,1.217172
13.47002,0,-1.058011,1.446241,7.364248,12.78109,165.9031,1.036177
13.48848,0,-1.058244,1.448873,7.352693,12.28167,166.2597,0.9269536
13.50662,0,-1.058795,1.451804,7.330097,11.31218,166.9156,0.7912437
13.52423,0,-1.059516,1.45251,7.318556,10.23826,167.1748,1.007668
13.54207,0,-1.060573,1.453773,7.295645,8.706532,167.643,1.194089
13.55998,0,-1.061981,1.456411,7.271961,7.728039,167.9992,1.668786
13.57808,0,-1.062485,1.459921,7.259584,7.879207,168.0441,2.115342
13.59517,0,-1.06347,1.463285,7.236286,7.635598,168.4098,2.049018
13.61366,0,-1.064803,1.463644,7.224589,7.839,168.706,1.932143
13.63046,0,-1.067213,1.466129,7.200858,8.111193,169.1687,1.890296
13.64869,0,-1.068804,1.469431,7.176845,8.465312,169.4478,1.675712
13.6664,0,-1.069309,1.470491,7.164594,8.445518,169.4514,1.537976
13.68406,0,-1.071112,1.471788,7.139587,8.097939,169.5784,1.312321
13.70177,0,-1.07203,1.471803,7.126453,7.64159,169.5884,1.186946
13.71951,0,-1.073758,1.471796,7.100512,6.957031,169.6754,0.915087
13.73717,0,-1.075415,1.470529,7.073907,6.194657,169.7379,0.6036377
13.75547,0,-1.076123,1.469136,7.060102,5.835299,169.7165,0.4453445
13.77342,0,-1.077656,1.46638,7.032624,5.364198,169.6857,0.1125507
13.79015,0,-1.078683,1.464605,7.018618,5.284316,169.6169,-0.1356201
13.80783,0,-1.080887,1.460987,6.990781,5.051813,169.6429,-0.6192322
13.82553,0,-1.082385,1.458973,6.976789,5.042968,169.6874,-0.8010559
13.84287,0,-1.085247,1.454374,6.94921,4.996279,169.6764,-0.9512939
13.85991,0,-1.08694,1.452296,6.936095,5.129179,169.5974,-0.9509888
13.87715,0,-1.090803,1.448833,6.90949,5.390055,169.5314,-1.057739
13.89415,0,-1.0956,1.447989,6.882729,5.839418,169.4657,-0.9725952
13.91126,0,-1.098106,1.449582,6.869572,5.998193,169.3983,-0.9296265
13.92858,0,-1.103356,1.450405,6.843722,5.975953,169.2973,-1.086761
13.94553,0,-1.10608,1.451398,6.831494,5.798,169.3049,-1.143707
13.96259,0,-1.11166,1.457084,6.805446,5.793405,169.1776,-0.7753601
13.9794,0,-1.113843,1.463025,6.792338,4.99397,168.8947,-0.2328796
13.99619,0,-1.11817,1.465726,6.768402,3.424502,168.4966,-0.2396545
14.01368,0,-1.11992,1.465226,6.756596,2.449636,168.6522,-0.3551331
14.02976,0,-1.123212,1.469741,6.73298,1.892209,168.9868,-0.796875
14.04716,0,-1.124404,1.473721,6.721044,2.173908,169.1434,-1.292755
14.06349,0,-1.126597,1.478871,6.69766,2.225853,169.0979,-1.963654
14.08036,0,-1.127001,1.48041,6.686264,2.489926,168.9355,-2.138855
14.09666,0,-1.127829,1.484802,6.663429,2.604985,168.7438,-2.075043
14.1135,0,-1.127902,1.487001,6.651886,2.597145,168.6353,-1.872406
14.12943,0,-1.128197,1.490679,6.628995,2.473748,168.5225,-1.716736
14.14656,0,-1.12803,1.491166,6.617618,2.273628,168.5696,-1.545197
14.16265,0,-1.12815,1.492223,6.594492,1.918738,168.6466,-1.319946
14.1793,0,-1.128011,1.491904,6.582666,1.634444,168.7547,-1.057434
14.19572,0,-1.127705,1.491517,6.559062,1.267187,168.7993,-0.6012268
14.21242,0,-1.127264,1.49078,6.546905,1.177321,168.7412,-0.3882141
14.22851,0,-1.126728,1.489619,6.534622,1.15161,168.7258,-0.302063
14.24508,0,-1.125745,1.486984,6.510326,1.167592,168.7646,-0.2048035
14.26152,0,-1.124861,1.485384,6.498147,1.28696,168.8587,-0.2295532
14.27826,0,-1.123059,1.482089,6.473385,1.41465,168.9208,-0.1328125
14.29449,0,-1.121815,1.480421,6.460839,1.521248,168.8631,-0.132019
14.31062,0,-1.119101,1.476862,6.436086,1.690291,168.8112,-0.1680908
14.32774,0,-1.117134,1.475381,6.423903,1.752689,168.8026,-0.2088318
14.34353,0,-1.113495,1.472245,6.399006,1.586151,168.7957,-0.1425171
14.35973,0,-1.111244,1.470815,6.386079,1.254248,168.7959,-0.1034546
14.37664,0,-1.106599,1.469506,6.360212,0.8228165,168.8287,-0.02700806
14.39232,0,-1.103601,1.47162,6.347069,0.6566981,168.8359,0.1240499
14.40841,0,-1.097972,1.472291,6.321197,0.2263947,168.7962,0.2093986
14.42483,0,-1.095277,1.472789,6.308535,0.2708693,168.7898,0.2248087
14.44115,0,-1.089426,1.474578,6.283321,0.2202169,168.8512,0.2370344
14.45747,0,-1.08629,1.475141,6.271131,0.3362027,168.9507,0.0003327439
14.47376,0,-1.08055,1.477269,6.246274,0.3299733,169.245,-0.1765442
14.49029,0,-1.077891,1.477924,6.233532,0.03891627,169.4939,-0.2553101
14.50701,0,-1.075231,1.477951,6.2205,-0.4803772,169.6933,-0.1848145
14.52304,0,-1.069735,1.478594,6.194794,-1.325256,169.9367,0.09917629
14.53989,0,-1.067013,1.480253,6.181359,-1.755066,169.9219,0.4573566
14.55578,0,-1.061568,1.483753,6.154725,-2.342255,169.9666,0.8744171
14.57228,0,-1.058884,1.484662,6.141654,-2.382416,169.8851,0.9910008
14.58829,0,-1.053695,1.486248,6.115352,-2.266785,169.8905,1.232851
14.60537,0,-1.051,1.487377,6.102473,-1.664948,169.9342,1.238553
14.62125,0,-1.04602,1.489395,6.076628,-0.8194275,170.0112,1.228146
14.63817,0,-1.043461,1.489904,6.063903,-0.1005249,170.1167,1.134502
14.65432,0,-1.038939,1.49039,6.038069,0.8700719,170.2017,1.086237
14.67059,0,-1.036663,1.489805,6.025078,1.24722,170.2529,1.056354
14.68789,0,-1.032055,1.489036,5.99882,1.689995,170.3409,0.9769651
14.70401,0,-1.02951,1.487883,5.985433,1.517052,170.4214,0.8596045
14.72022,0,-1.024848,1.485608,5.95853,1.486753,170.575,0.628774
14.73657,0,-1.022413,1.483751,5.944871,1.351351,170.6841,0.454368
14.75312,0,-1.017607,1.480417,5.917294,1.318643,170.8681,0.2271917
14.7695,0,-1.015104,1.478449,5.903238,1.290047,170.9494,0.1642433
14.78649,0,-1.010641,1.473793,5.8751,1.292317,171.0942,0.06605485
14.80295,0,-1.008479,1.470757,5.86109,1.360505,171.1925,0.02135305
14.81922,0,-1.004352,1.465418,5.832839,1.581755,171.3964,-0.06765747
14.83648,0,-1.00256,1.46352,5.818708,1.747846,171.5033,-0.06796265
14.85267,0,-0.9991335,1.459499,5.79002,1.731689,171.7259,-0.1733704
14.86924,0,-0.9977678,1.458335,5.775337,1.532903,171.888,-0.137085
14.88648,0,-0.9949595,1.456883,5.746013,1.330855,172.1242,0.08971632
14.90275,0,-0.9937284,1.458353,5.73104,1.190245,172.1595,0.3292187
14.91956,0,-0.9915009,1.459665,5.701304,0.8285861,172.2514,0.4861076
14.93654,0,-0.9905556,1.460275,5.686657,0.7307169,172.3634,0.5508282
14.95329,0,-0.988937,1.46348,5.657076,0.7345319,172.5223,0.970898
14.96934,0,-0.9883388,1.465755,5.642519,0.9531696,172.467,1.37122
14.98615,0,-0.9870192,1.472573,5.612706,1.172792,172.3449,2.141029
15.00294,0,-0.9857608,1.472389,5.598917,0.615367,172.2424,2.158168
15.01954,0,-0.9838492,1.471119,5.57059,-0.07351685,172.3154,2.230006
15.03642,0,-0.9824951,1.470892,5.556878,0.0882012,172.606,2.090335
15.05294,0,-0.9796834,1.475129,5.528991,0.7573981,172.8577,2.000287
15.0696,0,-0.9774532,1.479219,5.515425,1.301755,172.8258,1.390768
15.08651,0,-0.9741286,1.480915,5.488193,1.81245,172.8395,0.7651308
15.10328,0,-0.9724631,1.481402,5.474703,2.148035,172.9018,0.7355262
15.11982,0,-0.9688388,1.484378,5.447638,2.632044,172.9153,0.6656278
15.13675,0,-0.9665473,1.485675,5.434045,2.701853,172.8163,0.5533969
15.15332,0,-0.9624857,1.487323,5.406708,2.763213,172.6949,0.529737
15.16996,0,-0.9604282,1.487411,5.392934,2.587189,172.5943,0.6048444
15.18699,0,-0.9564614,1.487558,5.365011,2.323039,172.4584,0.6914042
15.20351,0,-0.9544715,1.486832,5.350769,1.987863,172.3994,0.8308873
15.22047,0,-0.9504976,1.485713,5.322122,1.55626,172.2466,1.054115
15.23748,0,-0.9483871,1.484557,5.307614,1.316136,172.1667,1.233801
15.25328,0,-0.9443941,1.481526,5.278434,0.996107,171.9702,1.48181
15.27025,0,-0.9422742,1.478912,5.263892,0.9215862,171.8507,1.503518
15.28677,0,-0.9378939,1.474122,5.234334,0.8497187,171.6926,1.472479
15.30399,0,-0.9355174,1.471761,5.219549,0.9129212,171.6284,1.364553
15.32048,0,-0.9307627,1.466941,5.189587,0.8417069,171.4887,1.261261
15.33718,0,-0.9282275,1.464271,5.174546,0.7179178,171.4148,1.210722
15.35362,0,-0.9229291,1.459859,5.14443,0.5379155,171.3043,1.219977
15.37028,0,-0.919889,1.458606,5.129227,0.3435807,171.272,1.30243
15.38746,0,-0.9136437,1.456535,5.098383,-0.1853943,171.1787,1.335887
15.404,0,-0.9102297,1.457496,5.082823,-0.4070129,171.1675,1.223636
15.42038,0,-0.9034066,1.457737,5.052066,-0.8149719,171.2124,0.8328906
15.43736,0,-0.9001997,1.458007,5.037033,-0.7637634,171.3015,0.6575983
15.45387,0,-0.8936319,1.462664,5.006236,-0.367218,171.3873,0.433413
15.47054,0,-0.8906237,1.468748,4.991049,-0.2712097,171.3953,0.4125926
15.48742,0,-0.8844602,1.470256,4.961074,-1.055298,171.3653,0.04301778
15.50419,0,-0.8822569,1.468143,4.945805,-1.810272,171.3522,0.2828259
15.52077,0,-0.877925,1.470824,4.915373,-1.934875,171.198,1.299728
15.53786,0,-0.8758883,1.475685,4.900729,-1.380035,170.9877,1.804478
15.55401,0,-0.8717061,1.47957,4.871444,-0.7771912,170.7392,1.871449
15.57102,0,-0.8701791,1.479765,4.857007,-0.2867432,170.8058,1.936565
15.58829,0,-0.8684546,1.480975,4.842442,0.03187349,170.932,1.941064
15.6038,0,-0.8648597,1.484173,4.812977,0.4082879,170.9875,1.859804
15.62024,0,-0.8629795,1.485527,4.798326,0.4402657,170.9635,1.692057
15.63703,0,-0.8595293,1.486828,4.768941,0.4812899,170.9334,1.388994
15.65308,0,-0.8579096,1.486245,4.754309,0.3947415,170.9612,1.127893
15.6693,0,-0.8546624,1.485146,4.724707,0.3941097,171.0112,0.7813825
15.68633,0,-0.8529364,1.483868,4.709885,0.3978721,171.0371,0.5819061
15.70271,0,-0.8495846,1.481608,4.679869,0.4755474,171.074,0.2986476
15.71976,0,-0.8479552,1.480094,4.664827,0.5251763,171.0582,0.2059364
15.7361,0,-0.8447623,1.476567,4.634148,0.6014317,171.0421,0.004571966
15.75285,0,-0.8432913,1.47449,4.618634,0.6403296,170.9852,-0.02841187
15.7691,0,-0.8405232,1.470637,4.587381,0.7794819,170.8931,-0.1738281
15.78639,0,-0.8394626,1.469254,4.571801,0.8512944,170.8425,-0.2922058
15.80204,0,-0.8376527,1.466078,4.540298,0.9416907,170.8419,-0.5431519
15.81872,0,-0.8373038,1.464426,4.52467,0.8927901,170.887,-0.5664063
15.83509,0,-0.836726,1.461104,4.493166,0.7479069,170.8905,-0.5218811
15.85188,0,-0.8370887,1.4597,4.477645,0.5221549,170.8275,-0.3153381
15.86805,0,-0.8378947,1.458293,4.446051,0.2683376,170.6883,0.1299631
15.88464,0,-0.8384708,1.458672,4.430672,0.1061195,170.5225,0.4714058
15.90105,0,-0.8395576,1.458349,4.400074,-0.3054199,170.2696,0.7947707
15.91802,0,-0.8401957,1.457894,4.385498,-0.5507507,170.2346,0.8544734
15.934,0,-0.8414979,1.464899,4.354461,-0.08029175,170.1772,1.344104
15.95016,0,-0.8412516,1.467565,4.340447,-0.8874207,170.1307,1.057556
15.9671,0,-0.841698,1.466656,4.312336,-1.534363,170.3431,0.5625827
15.98362,0,-0.8414929,1.467861,4.298212,-1.36734,170.9114,0.1299274
16.00016,0,-0.8405823,1.476243,4.270374,-0.5787964,171.7474,-0.7156982
16.01662,0,-0.8389529,1.480768,4.257266,-0.0854187,172.0654,-1.532898
16.03391,0,-0.8368312,1.485823,4.231202,0.6363646,172.4523,-2.129364
16.05001,0,-0.8357448,1.488081,4.218405,0.8559013,172.4735,-1.730133
16.0667,0,-0.833249,1.492871,4.192493,1.189046,172.5509,-1.510559
16.08337,0,-0.8318628,1.494528,4.179532,1.163992,172.5295,-1.174652
16.09988,0,-0.8290967,1.49734,4.153207,1.025279,172.6134,-0.5820313
16.11699,0,-0.8277806,1.497535,4.139821,0.6323736,172.5957,-0.1216125
16.13353,0,-0.8250841,1.49778,4.112916,0.0003146323,172.5376,0.6135044
16.15039,0,-0.8236268,1.497132,4.099372,-0.4430847,172.4319,1.084
16.16676,0,-0.8207582,1.495707,4.07195,-1.095947,172.2568,1.872183
16.18365,0,-0.8193713,1.49456,4.058045,-1.345917,172.1122,2.216282
16.19999,0,-0.8179001,1.493529,4.044292,-1.542969,171.9766,2.442303
16.21655,0,-0.8149632,1.490747,4.016125,-1.954437,171.7691,2.846885
16.23282,0,-0.8134016,1.488888,4.002091,-2.071167,171.6822,2.858803
16.2495,0,-0.8101165,1.484874,3.974023,-2.315491,171.5414,3.001228
16.26656,0,-0.8083773,1.482534,3.960307,-2.288574,171.4585,2.968392
16.28263,0,-0.8046747,1.478075,3.932025,-2.327942,171.2984,3.029545
16.29942,0,-0.8025469,1.476341,3.917931,-2.344696,171.1944,2.923312
16.31532,0,-0.7981476,1.472449,3.889246,-2.544617,171.0735,2.730809
16.33267,0,-0.7956796,1.471575,3.87459,-2.700531,171.0761,2.492286
16.34822,0,-0.79063,1.471228,3.845606,-2.964508,171.0902,2.12189
16.36517,0,-0.7880687,1.470891,3.831427,-3.401489,171.1737,1.745651
16.38196,0,-0.7832679,1.470101,3.802642,-3.812256,171.3141,1.309786
16.39873,0,-0.7809821,1.4719,3.788401,-3.79953,171.444,1.23445
16.41487,0,-0.7762578,1.477247,3.759882,-3.76297,171.5354,1.061328
16.43203,0,-0.7738154,1.479021,3.745966,-4.209717,171.5428,0.8674269
16.44806,0,-0.7696518,1.479501,3.717882,-5.038574,171.6173,0.5679006
16.47161,0,-0.7682647,1.47902,3.703869,-5.281128,171.6419,0.8840498
16.48143,0,-0.7653296,1.482644,3.675994,-5.122681,171.5661,1.623783
16.49814,0,-0.7639229,1.485914,3.662096,-4.69104,171.4259,1.965011
16.51456,0,-0.7612078,1.489076,3.634151,-4.365204,171.2919,2.340226
16.53118,0,-0.7602189,1.489362,3.620198,-4.204834,171.3471,2.398445
16.54753,0,-0.7579928,1.491403,3.592106,-3.921844,171.4793,2.312662
16.56435,0,-0.7571082,1.492107,3.57791,-3.687347,171.5946,2.037188
16.58051,0,-0.7553281,1.493193,3.549992,-3.305328,171.759,1.717533
16.59705,0,-0.7539355,1.492941,3.521915,-3.000519,171.9317,1.214425
16.61844,0,-0.7533101,1.492019,3.507423,-2.95694,172.0548,0.8579118
16.63452,0,-0.7519206,1.490169,3.478638,-2.794678,172.2696,0.2939113
16.65124,0,-0.7513649,1.488799,3.464328,-2.691589,172.3976,-0.001004372
16.66809,0,-0.7499768,1.486212,3.435555,-2.455383,172.5887,-0.5256653
16.68488,0,-0.7491364,1.484222,3.42107,-2.310852,172.6583,-0.7116394
16.70134,0,-0.7476678,1.47998,3.391921,-1.976013,172.719,-0.9975281
16.71844,0,-0.747283,1.477597,3.377387,-1.666626,172.6436,-0.9356689
16.73511,0,-0.7465569,1.47305,3.348082,-1.150909,172.59,-1.004303
16.75173,0,-0.7466518,1.470669,3.333084,-0.9538879,172.5705,-1.00293
16.76794,0,-0.7466111,1.465992,3.303063,-0.7106323,172.5819,-1.10611
16.78889,0,-0.7472241,1.464254,3.287875,-0.8113403,172.5716,-1.059601
16.80205,0,-0.748484,1.461027,3.257495,-0.8547974,172.5264,-0.8979187
16.81879,0,-0.7499825,1.461179,3.242268,-1.031494,172.4194,-0.5490112
16.83554,0,-0.7521604,1.461076,3.212025,-1.235962,172.2083,-0.1781921
16.85247,0,-0.7532749,1.461286,3.197634,-1.366577,172.0149,-0.08807373
16.86898,0,-0.755743,1.463459,3.168646,-1.074493,171.7272,0.2935486
16.88566,0,-0.757266,1.47136,3.153228,-0.5758362,171.5182,0.815935
16.90231,0,-0.7588319,1.474923,3.124372,-1.567719,171.205,0.5042793
16.91899,0,-0.7598883,1.471748,3.111299,-2.143799,171.2944,0.0950866
16.9358,0,-0.7614115,1.472934,3.084217,-2.124359,171.6434,-0.3537292
16.95241,0,-0.7612394,1.478234,3.071186,-1.252167,172.0495,-1.018097
16.96896,0,-0.7609318,1.484531,3.044804,-0.6274414,172.2227,-2.053406
16.98579,0,-0.7610952,1.484962,3.031638,-0.3180847,172.1375,-2.221832
17.00243,0,-0.7611778,1.4887,3.005083,0.05525572,171.996,-1.903625
17.01922,0,-0.7608148,1.490783,2.991971,-0.03128052,171.8308,-1.622589
17.03579,0,-0.7599389,1.493565,2.965979,-0.03018188,171.6161,-1.317291
17.05264,0,-0.7593632,1.493926,2.952894,-0.2661743,171.4128,-0.943573
17.06896,0,-0.7581108,1.495136,2.926621,-0.5074463,171.0421,-0.5173035
17.08603,0,-0.7575333,1.495025,2.913117,-0.6800537,170.7682,-0.2462769
17.10262,0,-0.7561913,1.49476,2.886204,-0.9125671,170.3196,0.1839052
17.11941,0,-0.7555113,1.494119,2.87232,-1.01709,170.1117,0.3440901
17.13602,0,-0.7540354,1.492777,2.844813,-1.113251,169.7332,0.5922928
17.15266,0,-0.7531496,1.49183,2.831221,-1.047699,169.5865,0.6158382
17.16915,0,-0.7514232,1.489307,2.803714,-0.931366,169.258,0.7573347
17.18607,0,-0.7504863,1.487396,2.789642,-0.7497559,169.1407,0.7619309
17.20265,0,-0.7484598,1.483665,2.76166,-0.516571,168.9158,0.7935491
17.21951,0,-0.7470574,1.481739,2.747698,-0.4023438,168.8822,0.7801994
17.23615,0,-0.7442629,1.477832,2.719599,-0.3710632,168.663,0.8575057
17.25282,0,-0.7424836,1.476107,2.70514,-0.5782776,168.5458,0.8813453
17.26923,0,-0.7389683,1.472254,2.67652,-0.997467,168.3894,0.9172193
17.28624,0,-0.736775,1.471108,2.661804,-1.432129,168.4302,0.9254431
17.30303,0,-0.732473,1.468897,2.632991,-2.041565,168.4001,0.9297184
17.31983,0,-0.7301409,1.467561,2.618812,-2.323608,168.3853,0.9001453
17.33641,0,-0.7258545,1.46489,2.590826,-2.544647,168.301,0.902877
17.35299,0,-0.7237531,1.464258,2.577212,-2.576172,168.3255,0.816016
17.36956,0,-0.7195079,1.465033,2.54916,-2.293427,168.4046,0.6311022
17.38652,0,-0.7178113,1.469192,2.534791,-2.254669,168.498,0.6199254
17.40331,0,-0.7137299,1.469798,2.506868,-2.627136,168.4935,0.3729817
17.41995,0,-0.7123011,1.469117,2.493407,-2.450592,168.4044,0.6848558
17.43663,0,-0.7092281,1.472147,2.466584,-1.671021,168.1213,1.294915
17.4533,0,-0.7076365,1.475108,2.453275,-0.9737244,167.839,1.422672
17.47,0,-0.7044759,1.477624,2.42674,-0.1985779,167.5133,1.387504
17.48701,0,-0.7031453,1.478383,2.413332,0.1114841,167.4899,1.301951
17.50382,0,-0.7001648,1.481284,2.386974,0.6265123,167.3882,1.083922
17.52057,0,-0.6988454,1.482435,2.373766,0.6203315,167.3537,0.9015815
17.53793,0,-0.696095,1.483794,2.347673,0.6223915,167.2558,0.7115722
17.55435,0,-0.6947557,1.483748,2.334663,0.4237177,167.2595,0.6410991
17.57113,0,-0.6917142,1.483796,2.308778,0.2175298,167.2604,0.4251696
17.58831,0,-0.690097,1.483386,2.295799,0.04262914,167.3371,0.2083959
17.6055,0,-0.686715,1.482451,2.269609,-0.1850586,167.4359,-0.06213379
17.62214,0,-0.683297,1.480542,2.243126,-0.4020996,167.5816,-0.2294312
17.6426,0,-0.6819077,1.479287,2.22969,-0.4806213,167.6543,-0.1844482
17.65991,0,-0.6787921,1.476838,2.202692,-0.6333923,167.7683,-0.03872681
17.67704,0,-0.677601,1.475182,2.189065,-0.6733093,167.7527,0.196638
17.69399,0,-0.6751684,1.471922,2.162003,-0.6877136,167.7808,0.4405994
17.71112,0,-0.6742542,1.470384,2.14858,-0.5770569,167.8153,0.4965433
17.72845,0,-0.6723984,1.467398,2.121535,-0.5229492,167.9178,0.6485619
17.74584,0,-0.6711028,1.465195,2.094028,-0.6272278,167.966,0.8905673
17.76509,0,-0.6708548,1.465453,2.080054,-0.7784119,167.8863,1.090907
17.78227,0,-0.6697583,1.464976,2.052781,-1.028809,167.7193,1.396601
17.79947,0,-0.6696203,1.46401,2.039849,-1.073792,167.5534,1.449279
17.81681,0,-0.6692217,1.463369,2.013213,-1.052856,167.4068,1.721016
17.83431,0,-0.6690735,1.465505,1.999514,-0.8569641,167.2586,1.965445
17.85122,0,-0.6680074,1.471898,1.972626,-0.9562988,166.9773,2.420805
17.86909,0,-0.6662754,1.471676,1.947419,-1.699738,166.6564,2.097682
17.88754,0,-0.6654078,1.469495,1.934847,-1.989044,166.8899,1.757646
17.90535,0,-0.663016,1.473659,1.910388,-1.478973,167.2799,1.224434
17.92225,0,-0.6609793,1.478163,1.898686,-0.8990479,167.554,0.5259264
17.93955,0,-0.657527,1.48078,1.875466,-0.3886108,167.8079,-0.1610413
17.95783,0,-0.6556624,1.482171,1.86381,-0.03399658,167.8509,0.0812974
17.97514,0,-0.6514717,1.487457,1.840753,0.4147228,167.8711,0.1789668
17.9926,0,-0.646978,1.490964,1.817808,0.6389095,167.7891,0.3691228
18.0102,0,-0.6448708,1.491372,1.806381,0.4794452,167.7466,0.6699368
18.02848,0,-0.6403819,1.49284,1.783547,0.3483438,167.6844,1.111326
18.04611,0,-0.6356208,1.493423,1.760384,0.06798368,167.5429,1.649021
18.06573,0,-0.6332907,1.493141,1.748609,-0.2048035,167.394,1.928693
18.08381,0,-0.6284325,1.492189,1.725218,-0.5808716,167.1467,2.321798
18.10208,0,-0.6233114,1.490275,1.701536,-0.8850098,166.8445,2.557174
18.12142,0,-0.6206974,1.488889,1.689476,-0.9168396,166.6525,2.500913
18.13947,0,-0.6152558,1.485836,1.665731,-0.9702759,166.3616,2.405977
18.15792,0,-0.6095305,1.482353,1.642271,-0.8383789,166.1208,2.197005
18.17787,0,-0.6066144,1.48053,1.630433,-0.6568604,165.9543,2.11431
18.19494,0,-0.6003937,1.47702,1.606861,-0.4614258,165.6049,1.96981
18.213,0,-0.5969644,1.475217,1.595022,-0.400177,165.4381,1.827437
18.22989,0,-0.5900091,1.471072,1.571542,-0.3343201,165.1648,1.552011
18.24835,0,-0.5865115,1.469299,1.560325,-0.3155823,165.0872,1.402372
18.26534,0,-0.5794175,1.466335,1.537936,-0.1539917,164.8934,1.158423
18.28285,0,-0.5720553,1.464518,1.515723,0.08145266,164.7554,0.9472584
18.29985,0,-0.5687623,1.463169,1.505271,0.05940192,164.7614,0.9243572
18.31742,0,-0.5623636,1.46082,1.484029,0.1565102,164.7585,0.8970464
18.33436,0,-0.5594758,1.46314,1.473101,0.3745796,164.8491,0.9786482
18.35106,0,-0.553068,1.467229,1.451855,0.1724807,165.1003,0.5338353
18.37476,0,-0.5498658,1.466522,1.441467,-0.3450623,165.4109,0.022032
18.38442,0,-0.5441167,1.466515,1.420269,-1.033478,165.8248,-0.1591187
18.4011,0,-0.541844,1.469237,1.409815,-0.9280701,165.8585,0.3102716
18.41773,0,-0.5367787,1.474152,1.389865,-0.6464233,165.8616,0.5090878
18.43414,0,-0.5346304,1.475047,1.380763,-0.2162781,165.8474,0.3605537
18.45008,0,-0.5302379,1.477118,1.361854,0.3773081,166.1654,0.2017144
18.46707,0,-0.5280719,1.478482,1.352947,0.8950092,166.4616,0.01452511
18.48333,0,-0.5238971,1.482026,1.334989,1.596453,166.7851,-0.1757202
18.50017,0,-0.5218431,1.48376,1.326093,1.697116,166.9162,-0.243866
30.46118,0,-0.5176569,1.486446,1.308529,1.711071,167.2223,-0.3965759
30.46118,0,-0.5154978,1.487375,1.299699,1.431716,167.4452,-0.4418335
30.46118,0,-0.5133967,1.488204,1.290874,1.147175,167.6507,-0.4888306
30.46118,0,-0.5090292,1.489791,1.273368,0.7726542,168.029,-0.5982971
30.46118,0,-0.5068201,1.490415,1.264844,0.5633031,168.1878,-0.5997925
30.46118,0,-0.5024295,1.49138,1.247761,0.361545,168.4404,-0.617218
30.46118,0,-0.5002381,1.491347,1.239487,0.4139747,168.4965,-0.5896301
30.46118,0,-0.4980726,1.491068,1.231302,0.5528233,168.5468,-0.5733337
30.46118,0,-0.4939316,1.490402,1.214974,0.8323476,168.6716,-0.531189
30.46118,0,-0.4921114,1.489822,1.207264,1.18476,168.6413,-0.4516296
30.46118,0,-0.4885517,1.488382,1.192209,1.824055,168.6016,-0.34198
30.46118,0,-0.4871437,1.487401,1.18538,2.384078,168.4823,-0.2416992
30.46118,0,-0.4858313,1.486486,1.178539,2.832353,168.3653,-0.1694641
30.46118,0,-0.4832493,1.484819,1.164694,3.550275,168.1822,-0.0491333
30.46118,0,-0.4824251,1.484224,1.158337,3.893,168.0288,0.03961807
30.46118,0,-0.4816448,1.483658,1.152271,4.123815,167.901,0.1755238
30.46118,0,-0.4801599,1.482856,1.139921,4.511964,167.6612,0.4008744
30.46118,0,-0.4796323,1.483404,1.13345,4.404698,167.5218,0.5205802
30.46118,0,-0.4786255,1.483866,1.1209,4.118357,167.3488,0.5542911
30.46118,0,-0.4786299,1.484532,1.115023,3.64044,167.3626,0.452927
30.46118,0,-0.4786036,1.485419,1.109289,3.201873,167.4621,0.3688386
30.46118,0,-0.4788676,1.487084,1.09748,2.657656,167.5613,0.3451464
30.46118,0,-0.4791407,1.488129,1.091585,2.37587,167.6722,0.345932
30.46118,0,-0.4794553,1.489249,1.085908,2.121841,167.8011,0.2877345
30.46118,0,-0.4798675,1.490771,1.0749,1.676307,168.0996,0.0750275
30.46118,0,-0.480154,1.490796,1.069919,1.514691,168.3909,-0.1143799
30.46118,0,-0.4806562,1.490846,1.059584,1.212787,168.9021,-0.3712463
30.46118,0,-0.480786,1.491187,1.054536,1.198983,169.2056,-0.4440002
30.46118,0,-0.4808061,1.491737,1.049855,1.161235,169.4657,-0.5897827
30.46118,0,-0.4807597,1.492105,1.040583,0.9299493,170.0179,-0.8228455
30.46118,0,-0.4806925,1.491845,1.036424,0.8200154,170.3405,-0.8418884
30.46118,0,-0.4805541,1.4916,1.032485,0.7342904,170.5988,-0.7946167
30.46118,0,-0.4801109,1.490942,1.025268,0.5460591,171.0715,-0.7497253
30.46118,0,-0.479701,1.490429,1.022468,0.5281479,171.3018,-0.6978149
30.46118,0,-0.479295,1.489986,1.019629,0.4835303,171.5457,-0.6664734
30.46118,0,-0.4781168,1.489191,1.013637,0.3671618,172.0806,-0.6180115
30.46118,0,-0.4773738,1.489229,1.01105,0.3038105,172.3132,-0.571167
30.46118,0,-0.4755985,1.489139,1.006015,0.1212019,172.7725,-0.4711914
30.46118,0,-0.4744521,1.489492,1.003889,0.01721248,172.9918,-0.473877
30.46118,0,-0.4732507,1.489669,1.001639,-0.0831604,173.2298,-0.4489746
30.46118,0,-0.4707047,1.490293,0.9976486,-0.2047729,173.7043,-0.4067383
30.46118,0,-0.4692144,1.490842,0.9961337,-0.1615295,173.9237,-0.3454895
30.46118,0,-0.4677251,1.491233,0.9946884,-0.1598206,174.138,-0.2518616
30.46118,0,-0.4646284,1.492203,0.9921449,-0.1669006,174.5827,-0.09805298
30.46118,0,-0.4628747,1.492759,0.9911178,-0.1868896,174.8374,0.01062793
30.46118,0,-0.4611279,1.493291,0.9903935,-0.2616272,175.0781,0.1232089
30.46118,0,-0.4575556,1.494074,0.9891318,-0.4392395,175.557,0.3515277
30.46118,0,-0.455788,1.494145,0.9888674,-0.5404358,175.7858,0.5197498
30.46118,0,-0.4540168,1.494078,0.9886533,-0.5723877,176.0043,0.6988319
30.46118,0,-0.4503329,1.493869,0.9885639,-0.6364136,176.4481,0.9967824
30.46118,0,-0.448505,1.49334,0.98902,-0.6581726,176.661,1.134619
30.46118,0,-0.4466643,1.492815,0.9894768,-0.6974792,176.89,1.264601
30.46118,0,-0.4429854,1.491371,0.9902984,-0.8237,177.3233,1.480258
30.46118,0,-0.4412204,1.490002,0.9908468,-0.8912964,177.5301,1.554899
30.46118,0,-0.4395053,1.488801,0.9914762,-0.9137268,177.7477,1.598303
30.46118,0,-0.435955,1.486668,0.9931685,-0.9455261,178.2283,1.642241
30.46118,0,-0.434264,1.485722,0.9941546,-0.8301697,178.5028,1.641768
30.46118,0,-0.4325469,1.484722,0.9952928,-0.7116394,178.7784,1.620118
30.46118,0,-0.4291354,1.482805,0.9976438,-0.5353088,179.2913,1.603027
30.46118,0,-0.4274206,1.482299,0.9988993,-0.4606934,179.5694,1.577266
30.46118,0,-0.4257036,1.482279,1.000048,-0.3975525,179.8625,1.566808
30.46118,0,-0.4223746,1.482267,1.002128,-0.3946838,-179.581,1.497913
30.46118,0,-0.4208556,1.482616,1.003119,-0.4685974,-179.2624,1.40958
30.46118,0,-0.4194819,1.48288,1.004411,-0.535553,-178.9197,1.368287
30.46118,0,-0.4166671,1.483574,1.00691,-0.5890198,-178.2459,1.357929
30.46118,0,-0.415438,1.484039,1.008179,-0.6502075,-177.9077,1.450681
30.46118,0,-0.4130466,1.484988,1.010711,-0.7867126,-177.305,1.59047
30.46118,0,-0.4119764,1.485348,1.011986,-0.8726501,-177.0286,1.661
30.46118,0,-0.4108384,1.485693,1.01304,-0.9515991,-176.7558,1.686464
30.46118,0,-0.4086706,1.486553,1.015306,-1.0336,-176.2009,1.723809
30.46118,0,-0.407637,1.486744,1.016304,-1.049561,-175.9288,1.653547
30.46118,0,-0.406591,1.486771,1.017263,-1.06308,-175.6468,1.546149
30.46118,0,-0.4046111,1.486837,1.019182,-1.115723,-175.1017,1.39451
30.46118,0,-0.4037032,1.486987,1.019949,-1.178925,-174.8715,1.297872
30.46118,0,-0.4026871,1.487152,1.020674,-1.275391,-174.6484,1.222829
30.46118,0,-0.4007483,1.487296,1.022138,-1.423065,-174.1971,1.124409
30.46118,0,-0.3997934,1.487181,1.022863,-1.437469,-174.0122,1.097485
30.46118,0,-0.3989341,1.486988,1.023507,-1.434052,-173.8312,1.064939
30.46118,0,-0.3971505,1.486953,1.02466,-1.481537,-173.4307,1.007762
30.46118,0,-0.3963246,1.487212,1.025109,-1.516602,-173.2411,1.026652
30.46118,0,-0.3955102,1.487367,1.025495,-1.585602,-173.0538,1.045516
30.46118,0,-0.3938449,1.487477,1.026323,-1.676605,-172.692,1.038297
30.46118,0,-0.393052,1.487619,1.026713,-1.661591,-172.5201,1.042257
30.46118,0,-0.3922659,1.487833,1.027014,-1.693359,-172.3254,1.032241
30.46118,0,-0.3907537,1.488318,1.027684,-1.789612,-171.9437,0.9949741
30.46118,0,-0.390052,1.488506,1.028005,-1.885437,-171.7335,0.9962328
30.46118,0,-0.3886316,1.488906,1.028775,-2.019653,-171.3284,1.015761
30.46118,0,-0.3879068,1.489127,1.029098,-2.110382,-171.1214,1.053025
30.46118,0,-0.3872226,1.489289,1.029397,-2.223602,-170.9252,1.091404
30.46118,0,-0.3858193,1.489766,1.029992,-2.383942,-170.5084,1.150605
30.46118,0,-0.3850348,1.489962,1.030215,-2.530731,-170.2894,1.179252
30.46118,0,-0.3842971,1.490124,1.03045,-2.658691,-170.0639,1.235737
30.46118,0,-0.382857,1.490541,1.030896,-2.922455,-169.6521,1.348685
30.46118,0,-0.382104,1.490715,1.031138,-3.028595,-169.4451,1.425871
30.46118,0,-0.3814232,1.490736,1.031391,-3.116028,-169.2449,1.475264
30.46118,0,-0.3799279,1.4908,1.031815,-3.274933,-168.7974,1.531575
30.46118,0,-0.3792728,1.490834,1.032011,-3.305817,-168.5641,1.609034
30.46118,0,-0.3785879,1.491061,1.032087,-3.37616,-168.3525,1.694684
30.46118,0,-0.3771999,1.491512,1.032288,-3.595856,-167.995,1.879152
30.46118,0,-0.3765203,1.491658,1.032374,-3.753174,-167.8615,2.03377
30.46118,0,-0.3757399,1.491794,1.032631,-3.878601,-167.7422,2.193153
30.46118,0,-0.3741031,1.492294,1.033069,-4.139221,-167.5422,2.561123
30.46118,0,-0.3731176,1.492967,1.033297,-4.327728,-167.5536,2.811343
30.46118,0,-0.3711802,1.494114,1.033766,-4.800446,-167.5359,3.239348
30.46118,0,-0.3701976,1.494677,1.034216,-5.212769,-167.6007,3.443793
30.46118,0,-0.3690794,1.495605,1.034669,-5.681,-167.6349,3.658934
30.46118,0,-0.366899,1.497864,1.035402,-6.742371,-167.6682,4.070957
30.46118,0,-0.3659605,1.499217,1.035897,-7.545807,-167.6933,4.326169
30.46118,0,-0.3650724,1.500406,1.036642,-8.357574,-167.6671,4.634986
30.46118,0,-0.3633471,1.503496,1.038137,-10.0477,-167.5812,5.244761
30.46118,0,-0.3626184,1.505825,1.038895,-11.42416,-167.4503,5.720338
30.46118,0,-0.3618917,1.507962,1.039764,-12.86499,-167.3559,6.232838
30.46118,0,-0.3603203,1.511825,1.041727,-15.44672,-167.1792,7.060661
30.46118,0,-0.3596044,1.513618,1.042904,-17.01331,-166.9338,7.479989
30.46118,0,-0.358147,1.51759,1.045305,-19.81094,-166.5743,8.389465
30.46118,0,-0.3573887,1.519551,1.046577,-21.32196,-166.3759,8.860677
30.46118,0,-0.3567088,1.521412,1.048018,-22.79706,-166.2039,9.295043
30.46118,0,-0.3555008,1.52504,1.05088,-25.599,-165.8042,10.09499
30.46118,0,-0.3551283,1.526531,1.052345,-26.82877,-165.4778,10.51135
30.46118,0,-0.354806,1.528011,1.053788,-27.96393,-165.1561,10.91753
30.46118,0,-0.354196,1.530732,1.056586,-30.26331,-164.5188,11.64093
30.46118,0,-0.354152,1.531689,1.057883,-31.09177,-163.9799,11.77459
30.46118,0,-0.3542034,1.533453,1.060444,-32.83569,-162.8637,11.99313
30.46118,0,-0.3544623,1.533763,1.061684,-33.25073,-161.9783,11.74001
30.46118,0,-0.3548317,1.534159,1.062948,-33.6073,-161.0588,11.42762
30.46118,0,-0.3555675,1.535088,1.065314,-34.66879,-159.4068,11.03164
30.46118,0,-0.3560299,1.53565,1.066339,-35.00235,-158.4265,10.70893
30.46118,0,-0.356482,1.536105,1.067392,-35.40973,-157.555,10.46012
30.46118,0,-0.3574545,1.536769,1.069493,-36.31171,-155.7976,9.960382
30.46118,0,-0.3580202,1.536941,1.070403,-36.6864,-154.8915,9.676025
30.46118,0,-0.3590168,1.53745,1.072147,-37.48273,-153.1601,9.137097
30.46118,0,-0.3593692,1.537798,1.073109,-37.82968,-152.4785,8.980311
30.46118,0,-0.3597226,1.538023,1.0739,-38.23239,-151.8439,8.815207
30.46118,0,-0.3603177,1.538407,1.075355,-39.01849,-150.5762,8.425291
30.46118,0,-0.3605355,1.538647,1.075957,-39.36652,-150.1909,8.346356
30.46118,0,-0.3607591,1.539021,1.077057,-40.03391,-149.4106,8.271484
30.46118,0,-0.360638,1.539063,1.07729,-40.23676,-149.3969,8.414769
30.46118,0,-0.3602374,1.539196,1.077604,-40.65237,-149.3994,8.602544
30.46118,0,-0.3598538,1.539337,1.077506,-40.75226,-150.0205,8.878459
30.46118,0,-0.3591798,1.539325,1.077234,-40.75427,-150.8153,9.158603
30.46118,0,-0.3578273,1.539103,1.076482,-40.77762,-152.2199,9.625549
30.46118,0,-0.3568401,1.538965,1.075759,-40.56284,-153.6993,9.954635
30.46118,0,-0.3545842,1.538728,1.074479,-40.30228,-156.2734,10.60751
30.46118,0,-0.3531024,1.53854,1.073715,-40.03635,-158.2749,11.07667
30.46118,0,-0.3515058,1.538382,1.072901,-39.78986,-160.293,11.55506
30.46118,0,-0.3480928,1.538207,1.071373,-39.42603,-164.0464,12.39851
30.46118,0,-0.3463949,1.53822,1.070826,-39.32376,-166.2923,12.89558
30.46118,0,-0.3429823,1.537952,1.069853,-39.02289,-170.2906,13.70225
30.46118,0,-0.3413878,1.537436,1.069598,-38.78412,-172.289,14.10969
30.46118,0,-0.3399906,1.537102,1.069321,-38.45999,-174.1698,14.50324
30.46118,0,-0.3370174,1.536916,1.069142,-38.03668,-177.815,15.17872
30.46118,0,-0.3359261,1.536983,1.069191,-37.9881,-179.3337,15.42957
30.46118,0,-0.3337717,1.536517,1.069234,-37.71381,177.8369,15.88336
30.46118,0,-0.3328601,1.536378,1.069396,-37.52457,176.8222,15.93926
30.46118,0,-0.3319873,1.536618,1.069648,-37.4538,175.8687,15.97761
30.46118,0,-0.3306752,1.536976,1.070246,-37.39993,173.9228,16.12116
30.46118,0,-0.3305037,1.536852,1.070392,-37.42014,173.4375,16.18315
30.46118,0,-0.3296851,1.53609,1.071073,-37.18948,172.1194,16.38946
30.46118,0,-0.3292402,1.53566,1.071636,-36.99738,171.5391,16.49478
30.46118,0,-0.3288998,1.53578,1.072114,-36.99136,170.919,16.53152
30.46118,0,-0.3283659,1.535798,1.072906,-37.05569,169.7135,16.59129
30.46118,0,-0.328218,1.535479,1.073361,-37.1051,169.2587,16.6174
30.46118,0,-0.3277523,1.53504,1.074413,-37.07864,168.1288,16.72402
30.46118,0,-0.3275377,1.535094,1.075035,-37.09723,167.5077,16.78652
30.46118,0,-0.3273785,1.535299,1.075586,-37.14755,166.9329,16.83385
30.46118,0,-0.3268288,1.535125,1.07664,-37.19681,165.7659,16.96293
30.46118,0,-0.3264335,1.534773,1.077234,-37.13934,165.121,17.04381
30.46118,0,-0.3257589,1.534293,1.078268,-37.02985,163.8399,17.12175
30.46118,0,-0.3255974,1.534228,1.078813,-36.91861,163.248,17.1407
30.46118,0,-0.3252615,1.534081,1.079305,-36.81885,162.6544,17.1767
30.46118,0,-0.3244408,1.533584,1.080312,-36.63934,161.3881,17.18686
30.46118,0,-0.3241846,1.533527,1.08079,-36.53525,160.7856,17.17492
30.46118,0,-0.3238638,1.533556,1.081736,-36.44324,159.6958,17.13992
30.46118,0,-0.3239283,1.533602,1.082204,-36.43671,159.3337,17.12509
30.46118,0,-0.3238351,1.53342,1.082626,-36.33411,158.9635,17.08168
30.46118,0,-0.3237045,1.53314,1.083402,-36.17484,158.1727,16.96009
30.46118,0,-0.3238292,1.533176,1.083775,-36.11545,157.9618,16.74883
30.46118,0,-0.3239653,1.533064,1.084332,-36.00031,157.5118,16.44548
30.46118,0,-0.3239412,1.532875,1.084656,-35.84521,157.3794,16.28797
30.46118,0,-0.3239933,1.532628,1.084979,-35.64514,157.1951,16.15655
30.46118,0,-0.3241363,1.532316,1.08556,-35.32016,156.8197,15.84086
30.46118,0,-0.3242577,1.532321,1.085822,-35.15067,156.7617,15.61746
30.46118,0,-0.3243538,1.5322,1.086155,-34.88116,156.6025,15.2552
30.46118,0,-0.3244238,1.532198,1.086362,-34.7142,156.623,15.08721
30.46118,0,-0.3246199,1.532123,1.086472,-34.52853,156.7014,14.89936
30.46118,0,-0.3248875,1.531895,1.086848,-34.18298,156.8569,14.4992
30.46118,0,-0.325221,1.531793,1.086828,-33.97964,157.152,14.2503
30.46118,0,-0.3255654,1.531681,1.086775,-33.76389,157.4949,13.98302
30.46118,0,-0.326317,1.531269,1.086397,-33.30872,158.0727,13.46574
30.46118,0,-0.3267412,1.531084,1.086266,-33.00714,158.5549,13.13762
30.46118,0,-0.3275244,1.530774,1.085926,-32.48502,159.3516,12.52091
30.46118,0,-0.3279647,1.530692,1.085741,-32.19559,159.8733,12.19702
30.46118,0,-0.3283464,1.530609,1.085566,-31.90268,160.4069,11.84391
30.46118,0,-0.3291821,1.53035,1.08506,-31.3309,161.4083,11.16067
30.46118,0,-0.3296037,1.530203,1.084832,-31.0343,161.9798,10.80549
30.46118,0,-0.3304028,1.529716,1.08422,-30.4234,163.0153,10.14701
30.46118,0,-0.3307997,1.529269,1.083876,-30.05167,163.6009,9.767849
30.46118,0,-0.331216,1.528803,1.083545,-29.58865,164.2218,9.357643
30.46118,0,-0.3320984,1.528031,1.082814,-28.69958,165.378,8.655331
30.46118,0,-0.3325052,1.527679,1.082532,-28.18985,165.9861,8.309
30.46118,0,-0.3333303,1.526684,1.081725,-27.25415,167.0969,7.674124
30.46118,0,-0.3337564,1.526134,1.081292,-26.71436,167.713,7.315333
30.46118,0,-0.3342041,1.52555,1.080966,-26.15695,168.3361,6.944831
30.46118,0,-0.3349861,1.524337,1.080213,-25.07156,169.5544,6.203001
30.46118,0,-0.3353593,1.523603,1.079889,-24.50229,170.1607,5.810408
30.46118,0,-0.3361531,1.522093,1.079076,-23.40826,171.3176,5.095924
30.46118,0,-0.3366082,1.521437,1.078922,-22.81421,171.9002,4.744806
30.46118,0,-0.3370093,1.520888,1.078777,-22.28711,172.4728,4.397384
30.46118,0,-0.3376992,1.519634,1.078449,-21.32559,173.5458,3.762822
30.46118,0,-0.3380088,1.518991,1.078414,-21.0058,173.9802,3.495347
30.46118,0,-0.338637,1.517807,1.078281,-20.28503,174.8693,3.017482
30.46118,0,-0.3388835,1.517349,1.078388,-20.00928,175.2553,2.83679
30.46118,0,-0.3390621,1.51694,1.078488,-19.70905,175.6458,2.694041
30.46118,0,-0.3395651,1.516106,1.078705,-19.08017,176.4057,2.417489
30.46118,0,-0.3398682,1.515649,1.078872,-18.80057,176.7418,2.40314
30.46118,0,-0.3401952,1.51528,1.079052,-18.45792,177.1053,2.35204
30.46118,0,-0.3408095,1.514383,1.079455,-17.77322,177.875,2.204672
30.46118,0,-0.3411827,1.51381,1.079705,-17.39294,178.2964,2.160509
30.46118,0,-0.3418061,1.512837,1.080287,-16.60413,179.1271,2.06116
30.46118,0,-0.3421461,1.512415,1.080603,-16.17487,179.5361,2.027567
30.46118,0,-0.3424631,1.512044,1.081009,-15.81058,179.938,1.967968
30.46118,0,-0.3430925,1.511119,1.08168,-15.15692,-179.2781,1.855508
30.46118,0,-0.3433997,1.51074,1.08208,-14.94226,-178.9404,1.792216
30.46118,0,-0.3436965,1.510365,1.082472,-14.77121,-178.601,1.731719
30.46118,0,-0.3443239,1.509656,1.08332,-14.32605,-177.9035,1.575482
30.46118,0,-0.3446433,1.509265,1.083818,-14.15439,-177.5719,1.453016
30.46118,0,-0.3451854,1.508457,1.084701,-13.71298,-176.8962,1.249002
30.46118,0,-0.3453977,1.507967,1.085172,-13.46878,-176.6112,1.15368
30.46118,0,-0.3455723,1.507437,1.085695,-13.19424,-176.3451,1.068504
30.46118,0,-0.3459359,1.506464,1.086723,-12.60678,-175.7901,0.9251096
30.46118,0,-0.3460439,1.505936,1.087355,-12.23026,-175.5626,0.9077036
30.46118,0,-0.346179,1.505465,1.088012,-11.87137,-175.3565,0.9420275
30.46118,0,-0.3464343,1.504543,1.08923,-11.25449,-174.9324,0.9588651
30.46118,0,-0.346533,1.504231,1.089839,-11.02444,-174.7749,0.9876554
30.46118,0,-0.3466814,1.503709,1.091031,-10.57349,-174.3931,1.04039
30.46118,0,-0.34667,1.50372,1.091532,-10.47726,-174.2253,1.075011
30.46118,0,-0.34675,1.503609,1.09206,-10.43112,-174.071,1.137091
30.46118,0,-0.3469546,1.503357,1.093276,-10.30438,-173.7386,1.273284
30.46118,0,-0.3470207,1.503176,1.093868,-10.34836,-173.5741,1.370932
30.46118,0,-0.3471718,1.503072,1.094466,-10.38028,-173.4293,1.469016
30.46118,0,-0.347368,1.502861,1.095607,-10.38452,-173.1184,1.623407
30.46118,0,-0.3473761,1.502772,1.096271,-10.42087,-172.9892,1.681255
30.46118,0,-0.3475255,1.502599,1.097487,-10.46591,-172.7336,1.781778
30.46118,0,-0.3475607,1.502606,1.098048,-10.47662,-172.6277,1.798746
30.46118,0,-0.347632,1.502681,1.098597,-10.47144,-172.5281,1.809651
30.46118,0,-0.347668,1.502627,1.099769,-10.45395,-172.309,1.850693
30.46118,0,-0.3477241,1.502515,1.100453,-10.41559,-172.2632,1.855868
30.46118,0,-0.347743,1.502432,1.101069,-10.39346,-172.2267,1.847226
30.46118,0,-0.3476982,1.502458,1.102233,-10.33301,-172.1035,1.830274
30.46118,0,-0.3477086,1.50246,1.102758,-10.34109,-172.0971,1.798707
30.46118,0,-0.3476674,1.50249,1.103867,-10.35501,-172.0451,1.748787
30.46118,0,-0.347647,1.502434,1.104448,-10.39758,-172.0372,1.717461
30.46118,0,-0.347715,1.502322,1.105016,-10.43665,-172.0415,1.69023
30.46118,0,-0.3477855,1.502117,1.106063,-10.48315,-171.9977,1.653515
30.46118,0,-0.3477502,1.502034,1.10658,-10.52863,-172.0043,1.633809
30.46118,0,-0.3477344,1.502015,1.107025,-10.58389,-172.0074,1.621376
30.46118,0,-0.347808,1.501989,1.107929,-10.69724,-172.0231,1.630178
30.46118,0,-0.3478895,1.502035,1.108413,-10.71826,-172.0648,1.658392
30.46118,0,-0.3480314,1.501949,1.109275,-10.77292,-172.1161,1.708612
30.46118,0,-0.348007,1.501882,1.109708,-10.75266,-172.1503,1.705444
30.46118,0,-0.3480608,1.501836,1.110184,-10.71014,-172.1886,1.704356
30.46118,0,-0.3481813,1.501767,1.111069,-10.65884,-172.2558,1.724452
30.46118,0,-0.3482063,1.501758,1.111536,-10.58917,-172.315,1.717682
30.46118,0,-0.3482685,1.501656,1.111943,-10.54742,-172.3595,1.716098
30.46118,0,-0.3484784,1.501515,1.112746,-10.49002,-172.4734,1.705176
30.46118,0,-0.3485681,1.501536,1.113199,-10.43152,-172.536,1.696943
30.46118,0,-0.3488322,1.5014,1.113976,-10.39059,-172.6606,1.672137
30.46118,0,-0.3489128,1.501341,1.114393,-10.39383,-172.7256,1.639358
30.46118,0,-0.3490309,1.501241,1.114776,-10.42111,-172.796,1.603245
30.46118,0,-0.3492985,1.501161,1.115487,-10.45117,-172.9209,1.533522
30.46118,0,-0.3494567,1.501134,1.115821,-10.46219,-172.9993,1.48235
30.46118,0,-0.3495727,1.501083,1.11616,-10.46405,-173.0703,1.415245
30.46118,0,-0.3498981,1.500903,1.116855,-10.43011,-173.2073,1.334646
30.46118,0,-0.3500228,1.500812,1.117231,-10.37048,-173.2659,1.310884
30.46118,0,-0.3503185,1.500557,1.117889,-10.28558,-173.3836,1.229955
30.46118,0,-0.3504891,1.500448,1.118207,-10.21649,-173.4154,1.200279
30.46118,0,-0.3506033,1.500397,1.118523,-10.14627,-173.4232,1.15957
30.46118,0,-0.3509652,1.500287,1.119127,-10.07877,-173.5041,1.0725
